AA ID EQUIPE,matricula,Data,Equipe,Nr_Ordem,Classe,Causa
10042026_EVL701,311222,2026-04-10,EVL701,16075893,341,490
10042026_EVL701,1112671,2026-04-10,EVL701,16075893,341,490
10042026_EVL701,311222,2026-04-10,EVL701,16077221,341,490
10042026_EVL701,1112671,2026-04-10,EVL701,16077221,341,490
10042026_EVL701,311222,2026-04-10,EVL701,16077431,341,490
10042026_EVL701,1112671,2026-04-10,EVL701,16077431,341,490
15042026_EVL701,311222,2026-04-15,EVL701,16098259,341,490
15042026_EVL701,1112671,2026-04-15,EVL701,16098259,341,490
10042026_EVL621,311536,2026-04-10,EVL621,16079696,104,890
10042026_EVL621,31419,2026-04-10,EVL621,16079696,104,890
10042026_EVL621,311536,2026-04-10,EVL621,16078575,341,443
10042026_EVL621,31419,2026-04-10,EVL621,16078575,341,443
10042026_EVL621,311536,2026-04-10,EVL621,16078766,312,300
10042026_EVL621,31419,2026-04-10,EVL621,16078766,312,300
10042026_EVL621,311536,2026-04-10,EVL621,16079176,341,620
10042026_EVL621,31419,2026-04-10,EVL621,16079176,341,620
10042026_EVL621,311536,2026-04-10,EVL621,16079535,341,460
10042026_EVL621,31419,2026-04-10,EVL621,16079535,341,460
21042026_EVL621,311536,2026-04-21,EVL621,16119999,341,620
21042026_EVL621,31419,2026-04-21,EVL621,16119999,341,620
21042026_EVL621,311536,2026-04-21,EVL621,16120668,301,620
21042026_EVL621,31419,2026-04-21,EVL621,16120668,301,620
21042026_EVL621,311536,2026-04-21,EVL621,16119972,341,620
21042026_EVL621,31419,2026-04-21,EVL621,16119972,341,620
21042026_EVL621,311536,2026-04-21,EVL621,16120753,342,300
21042026_EVL621,31419,2026-04-21,EVL621,16120753,342,300
21042026_EVL621,311536,2026-04-21,EVL621,16120498,341,443
21042026_EVL621,31419,2026-04-21,EVL621,16120498,341,443
22042026_EVL621,311536,2026-04-22,EVL621,16124445,342,343
22042026_EVL621,31419,2026-04-22,EVL621,16124445,342,343
22042026_EVL621,311536,2026-04-22,EVL621,16122897,129,880
22042026_EVL621,31419,2026-04-22,EVL621,16122897,129,880
22042026_EVL621,311536,2026-04-22,EVL621,16123892,341,620
22042026_EVL621,31419,2026-04-22,EVL621,16123892,341,620
22042026_EVL621,311536,2026-04-22,EVL621,16124435,341,620
22042026_EVL621,31419,2026-04-22,EVL621,16124435,341,620
02042026_EVL620,311536,2026-04-02,EVL620,16047264,341,443
02042026_EVL620,31419,2026-04-02,EVL620,16047264,341,443
02042026_EVL620,311536,2026-04-02,EVL620,16048222,312,300
02042026_EVL620,31419,2026-04-02,EVL620,16048222,312,300
02042026_EVL620,311536,2026-04-02,EVL620,16048346,311,490
02042026_EVL620,31419,2026-04-02,EVL620,16048346,311,490
15042026_EVL620,311536,2026-04-15,EVL620,16099226,312,300
15042026_EVL620,31419,2026-04-15,EVL620,16099226,312,300
15042026_EVL620,311536,2026-04-15,EVL620,16098934,341,620
15042026_EVL620,31419,2026-04-15,EVL620,16098934,341,620
16042026_EVL620,311536,2026-04-16,EVL620,16102733,341,620
16042026_EVL620,31419,2026-04-16,EVL620,16102733,341,620
16042026_EVL620,311536,2026-04-16,EVL620,16103468,341,443
16042026_EVL620,31419,2026-04-16,EVL620,16103468,341,443
16042026_EVL620,311536,2026-04-16,EVL620,16103497,341,490
16042026_EVL620,31419,2026-04-16,EVL620,16103497,341,490
16042026_EVL620,311536,2026-04-16,EVL620,16104392,312,300
16042026_EVL620,31419,2026-04-16,EVL620,16104392,312,300
16042026_EVL620,311536,2026-04-16,EVL620,16104199,121,343
16042026_EVL620,31419,2026-04-16,EVL620,16104199,121,343
17042026_EVL620,311536,2026-04-17,EVL620,16108332,341,490
17042026_EVL620,31419,2026-04-17,EVL620,16108332,341,490
17042026_EVL620,311536,2026-04-17,EVL620,16108267,342,343
17042026_EVL620,31419,2026-04-17,EVL620,16108267,342,343
17042026_EVL620,311536,2026-04-17,EVL620,16108154,341,620
17042026_EVL620,31419,2026-04-17,EVL620,16108154,341,620
17042026_EVL620,311536,2026-04-17,EVL620,16108562,126,880
17042026_EVL620,31419,2026-04-17,EVL620,16108562,126,880
23042026_EVL620,311536,2026-04-23,EVL620,16128062,341,620
23042026_EVL620,31419,2026-04-23,EVL620,16128062,341,620
23042026_EVL620,311536,2026-04-23,EVL620,16128475,341,490
23042026_EVL620,31419,2026-04-23,EVL620,16128475,341,490
23042026_EVL620,311536,2026-04-23,EVL620,16128318,342,343
23042026_EVL620,31419,2026-04-23,EVL620,16128318,342,343
26042026_EVL620,311536,2026-04-26,EVL620,16138507,201,180
27042026_EVL620,311536,2026-04-27,EVL620,16142530,311,300
27042026_EVL620,31419,2026-04-27,EVL620,16142530,311,300
27042026_EVL620,311536,2026-04-27,EVL620,16143052,799,897
27042026_EVL620,31419,2026-04-27,EVL620,16143052,799,897
27042026_EVL620,311536,2026-04-27,EVL620,16142280,341,440
27042026_EVL620,31419,2026-04-27,EVL620,16142280,341,440
27042026_EVL620,311536,2026-04-27,EVL620,16142294,312,300
27042026_EVL620,31419,2026-04-27,EVL620,16142294,312,300
08042026_EVL310,1112560,2026-04-08,EVL310,16068929,343,620
08042026_EVL310,1112560,2026-04-08,EVL310,16069849,341,620
08042026_EVL310,1112560,2026-04-08,EVL310,16070306,343,620
09042026_EVL310,1112560,2026-04-09,EVL310,16073681,311,490
09042026_EVL310,1112560,2026-04-09,EVL310,16074238,311,490
14042026_EVL310,1112560,2026-04-14,EVL310,16093293,311,620
14042026_EVL310,1112560,2026-04-14,EVL310,16094169,311,620
14042026_EVL310,1112560,2026-04-14,EVL310,16094838,331,325
14042026_EVL310,1112560,2026-04-14,EVL310,16094838,331,325
19042026_EVL310,1112560,2026-04-19,EVL310,16033901,799,897
19042026_EVL310,1112560,2026-04-19,EVL310,16100823,799,897
19042026_EVL310,1112560,2026-04-19,EVL310,16113585,381,300
24042026_EVL310,,2026-04-24,EVL310,16130243,341,300
24042026_EVL310,,2026-04-24,EVL310,16130936,311,620
24042026_EVL310,,2026-04-24,EVL310,16130703,341,620
24042026_EVL310,,2026-04-24,EVL310,16131587,341,620
26042026_EVL310,512037,2026-04-26,EVL310,16136980,311,311
26042026_EVL310,512037,2026-04-26,EVL310,16137304,341,620
28042026_EVL310,1112560,2026-04-28,EVL310,16147655,104,890
11042026_EVL304,1112299,2026-04-11,EVL304,16080349,311,300
11042026_EVL304,311906,2026-04-11,EVL304,16080349,311,300
11042026_EVL304,1112299,2026-04-11,EVL304,16080042,311,300
11042026_EVL304,311906,2026-04-11,EVL304,16080042,311,300
11042026_EVL304,1112299,2026-04-11,EVL304,16081022,311,300
11042026_EVL304,311906,2026-04-11,EVL304,16081022,311,300
11042026_EVL304,1112299,2026-04-11,EVL304,16082105,341,300
11042026_EVL304,311906,2026-04-11,EVL304,16082105,341,300
12042026_EVL304,311079,2026-04-12,EVL304,16056699,799,897
12042026_EVL304,311333,2026-04-12,EVL304,16056699,799,897
12042026_EVL304,311079,2026-04-12,EVL304,16084724,311,440
12042026_EVL304,311333,2026-04-12,EVL304,16084724,311,440
12042026_EVL304,311079,2026-04-12,EVL304,16084916,381,343
12042026_EVL304,311333,2026-04-12,EVL304,16084916,381,343
12042026_EVL304,311079,2026-04-12,EVL304,16085625,311,620
12042026_EVL304,311333,2026-04-12,EVL304,16085625,311,620
18042026_EVL304,311457,2026-04-18,EVL304,16109238,311,10
18042026_EVL304,1112263,2026-04-18,EVL304,16109238,311,10
18042026_EVL304,311457,2026-04-18,EVL304,16109523,311,10
18042026_EVL304,1112263,2026-04-18,EVL304,16109523,311,10
18042026_EVL304,311457,2026-04-18,EVL304,16109491,311,10
18042026_EVL304,1112263,2026-04-18,EVL304,16109491,311,10
18042026_EVL304,311457,2026-04-18,EVL304,16109771,311,10
18042026_EVL304,1112263,2026-04-18,EVL304,16109771,311,10
19042026_EVL304,311712,2026-04-19,EVL304,15206290,799,897
19042026_EVL304,311854,2026-04-19,EVL304,15206290,799,897
19042026_EVL304,311712,2026-04-19,EVL304,16112484,311,620
19042026_EVL304,311854,2026-04-19,EVL304,16112484,311,620
19042026_EVL304,311712,2026-04-19,EVL304,16100936,799,897
19042026_EVL304,311854,2026-04-19,EVL304,16100936,799,897
19042026_EVL304,311712,2026-04-19,EVL304,15873681,799,897
19042026_EVL304,311854,2026-04-19,EVL304,15873681,799,897
19042026_EVL304,311712,2026-04-19,EVL304,16033922,799,897
19042026_EVL304,311854,2026-04-19,EVL304,16033922,799,897
19042026_EVL304,311712,2026-04-19,EVL304,16101710,799,897
19042026_EVL304,311854,2026-04-19,EVL304,16101710,799,897
21042026_EVL304,311074,2026-04-21,EVL304,16118254,301,20
21042026_EVL304,311874,2026-04-21,EVL304,16118254,301,20
21042026_EVL304,311074,2026-04-21,EVL304,16118696,341,620
21042026_EVL304,311874,2026-04-21,EVL304,16118696,341,620
11042026_EVL303,311363,2026-04-11,EVL303,16080617,311,490
11042026_EVL303,311818,2026-04-11,EVL303,16080617,311,490
11042026_EVL303,311363,2026-04-11,EVL303,16080728,311,490
11042026_EVL303,311818,2026-04-11,EVL303,16080728,311,490
11042026_EVL303,311363,2026-04-11,EVL303,16081074,342,343
11042026_EVL303,311818,2026-04-11,EVL303,16081074,342,343
11042026_EVL303,311363,2026-04-11,EVL303,16081981,341,490
11042026_EVL303,311818,2026-04-11,EVL303,16081981,341,490
12042026_EVL303,3136,2026-04-12,EVL303,16084421,311,10
12042026_EVL303,311592,2026-04-12,EVL303,16084421,311,10
12042026_EVL303,3136,2026-04-12,EVL303,16084880,799,899
12042026_EVL303,311592,2026-04-12,EVL303,16084880,799,899
12042026_EVL303,3136,2026-04-12,EVL303,16085185,311,10
12042026_EVL303,311592,2026-04-12,EVL303,16085185,311,10
12042026_EVL303,3136,2026-04-12,EVL303,16085587,311,10
12042026_EVL303,311592,2026-04-12,EVL303,16085587,311,10
18042026_EVL303,,2026-04-18,EVL303,16109285,311,490
18042026_EVL303,,2026-04-18,EVL303,16118280,341,490
18042026_EVL303,,2026-04-18,EVL303,16110258,312,343
19042026_EVL303,311344,2026-04-19,EVL303,16112187,311,180
19042026_EVL303,311846,2026-04-19,EVL303,16112187,311,180
19042026_EVL303,311344,2026-04-19,EVL303,16100959,799,897
19042026_EVL303,311846,2026-04-19,EVL303,16100959,799,897
19042026_EVL303,311344,2026-04-19,EVL303,15873649,799,897
19042026_EVL303,311846,2026-04-19,EVL303,15873649,799,897
25042026_EVL302,1112636,2026-04-25,EVL302,16133287,311,490
25042026_EVL302,1112302,2026-04-25,EVL302,16133287,311,490
28042026_EVL302,1112636,2026-04-28,EVL302,16146910,311,490
28042026_EVL302,1112302,2026-04-28,EVL302,16146910,311,490
29042026_EVL302,1112636,2026-04-29,EVL302,16150400,311,300
29042026_EVL302,1112302,2026-04-29,EVL302,16150400,311,300
08042026_EVL301,1112394,2026-04-08,EVL301,16068334,311,490
08042026_EVL301,1112674,2026-04-08,EVL301,16068334,311,490
08042026_EVL301,1112394,2026-04-08,EVL301,16069582,311,490
08042026_EVL301,1112674,2026-04-08,EVL301,16069582,311,490
08042026_EVL301,1112394,2026-04-08,EVL301,16071358,201,180
08042026_EVL301,1112674,2026-04-08,EVL301,16071358,201,180
12042026_EVL301,311874,2026-04-12,EVL301,16084081,799,899
12042026_EVL301,1112655,2026-04-12,EVL301,16084081,799,899
03042026_EVL300,1112674,2026-04-03,EVL300,16049568,341,620
03042026_EVL300,311855,2026-04-03,EVL300,16049568,341,620
03042026_EVL300,1112674,2026-04-03,EVL300,16049585,311,300
03042026_EVL300,311855,2026-04-03,EVL300,16049585,311,300
03042026_EVL300,1112674,2026-04-03,EVL300,16050020,121,343
03042026_EVL300,311855,2026-04-03,EVL300,16050020,121,343
03042026_EVL300,1112674,2026-04-03,EVL300,16050225,129,880
03042026_EVL300,311855,2026-04-03,EVL300,16050225,129,880
03042026_EVL300,1112674,2026-04-03,EVL300,16050635,341,490
03042026_EVL300,311855,2026-04-03,EVL300,16050635,341,490
14042026_EVL300,1112674,2026-04-14,EVL300,16089792,126,880
14042026_EVL300,1112394,2026-04-14,EVL300,16089792,126,880
14042026_EVL300,1112674,2026-04-14,EVL300,16092471,311,620
14042026_EVL300,1112394,2026-04-14,EVL300,16092471,311,620
14042026_EVL300,1112674,2026-04-14,EVL300,16092686,311,490
14042026_EVL300,1112394,2026-04-14,EVL300,16092686,311,490
14042026_EVL300,1112674,2026-04-14,EVL300,16092686,311,490
14042026_EVL300,1112394,2026-04-14,EVL300,16092686,311,490
15042026_EVL300,1112674,2026-04-15,EVL300,16096790,341,620
15042026_EVL300,1112674,2026-04-15,EVL300,16097186,126,880
15042026_EVL300,1112674,2026-04-15,EVL300,16097790,311,490
15042026_EVL300,1112674,2026-04-15,EVL300,16098219,342,343
04042026_EVL200,1112552,2026-04-04,EVL200,16052713,799,897
04042026_EVL200,51396,2026-04-04,EVL200,16052713,799,897
04042026_EVL200,31644,2026-04-04,EVL200,16052713,799,897
05042026_EVL200,51397,2026-04-05,EVL200,16052516,799,897
05042026_EVL200,31644,2026-04-05,EVL200,16052516,799,897
05042026_EVL200,51397,2026-04-05,EVL200,16055801,201,160
05042026_EVL200,31644,2026-04-05,EVL200,16055801,201,160
19042026_EVL200,31644,2026-04-19,EVL200,16113101,799,897
19042026_EVL200,31644,2026-04-19,EVL200,16113101,799,897
30042026_EVL200,,2026-04-30,EVL200,16154958,799,897
04042026_EVL143,311536,2026-04-04,EVL143,16054245,201,490
04042026_EVL143,31419,2026-04-04,EVL143,16054245,201,490
05042026_EVL143,311536,2026-04-05,EVL143,16057487,201,20
05042026_EVL143,311536,2026-04-05,EVL143,16057829,381,343
05042026_EVL143,311536,2026-04-05,EVL143,16057103,341,443
05042026_EVL143,311536,2026-04-05,EVL143,16058123,312,300
06042026_EVL143,311536,2026-04-06,EVL143,16061848,201,490
06042026_EVL143,31419,2026-04-06,EVL143,16061848,201,490
06042026_EVL143,311536,2026-04-06,EVL143,16061520,381,343
06042026_EVL143,31419,2026-04-06,EVL143,16061520,381,343
07042026_EVL143,1112707,2026-04-07,EVL143,16066464,341,620
07042026_EVL143,31419,2026-04-07,EVL143,16066464,341,620
07042026_EVL143,1112707,2026-04-07,EVL143,16067026,341,490
07042026_EVL143,31419,2026-04-07,EVL143,16067026,341,490
07042026_EVL143,1112707,2026-04-07,EVL143,16064902,311,490
07042026_EVL143,31419,2026-04-07,EVL143,16064902,311,490
07042026_EVL143,1112707,2026-04-07,EVL143,16066370,341,440
07042026_EVL143,31419,2026-04-07,EVL143,16066370,341,440
12042026_EVL143,311536,2026-04-12,EVL143,16086955,104,890
12042026_EVL143,31419,2026-04-12,EVL143,16086955,104,890
12042026_EVL143,311536,2026-04-12,EVL143,16086501,381,343
12042026_EVL143,31419,2026-04-12,EVL143,16086501,381,343
12042026_EVL143,311536,2026-04-12,EVL143,16086600,311,300
12042026_EVL143,31419,2026-04-12,EVL143,16086600,311,300
29042026_EVL140,311573,2026-04-29,EVL140,16152780,331,300
11042026_EVL136,,2026-04-11,EVL136,16082454,799,897
11042026_EVL136,,2026-04-11,EVL136,16083193,301,490
30042026_EVL131,512013,2026-04-30,EVL131,16156797,104,890
19042026_EVL124,,2026-04-19,EVL124,16113284,331,440
29042026_EVL124,1112416,2026-04-29,EVL124,16149800,799,897
10042026_EVL123,1112432,2026-04-10,EVL123,16078653,341,620
10042026_EVL123,512014,2026-04-10,EVL123,16078653,341,620
22042026_EVL121,31881,2026-04-22,EVL121,16122991,311,620
22042026_EVL121,31881,2026-04-22,EVL121,16123336,311,490
03042026_EVL113,311868,2026-04-03,EVL113,16049512,311,490
03042026_EVL113,1112763,2026-04-03,EVL113,16049512,311,490
03042026_EVL113,311868,2026-04-03,EVL113,16049680,311,490
03042026_EVL113,1112763,2026-04-03,EVL113,16049680,311,490
04042026_EVL113,311868,2026-04-04,EVL113,16033706,799,897
04042026_EVL113,311868,2026-04-04,EVL113,16052935,201,490
05042026_EVL113,311868,2026-04-05,EVL113,16054967,311,490
05042026_EVL113,1112763,2026-04-05,EVL113,16054967,311,490
05042026_EVL113,311868,2026-04-05,EVL113,16055783,311,490
05042026_EVL113,1112763,2026-04-05,EVL113,16055783,311,490
09042026_EVL113,311868,2026-04-09,EVL113,16072646,311,490
09042026_EVL113,1112763,2026-04-09,EVL113,16072646,311,490
09042026_EVL113,311868,2026-04-09,EVL113,16073098,311,490
09042026_EVL113,1112763,2026-04-09,EVL113,16073098,311,490
09042026_EVL113,311868,2026-04-09,EVL113,16106176,341,490
09042026_EVL113,1112763,2026-04-09,EVL113,16106176,341,490
09042026_EVL113,311868,2026-04-09,EVL113,16073697,381,180
09042026_EVL113,1112763,2026-04-09,EVL113,16073697,381,180
10042026_EVL113,1112763,2026-04-10,EVL113,16076909,104,890
10042026_EVL113,311868,2026-04-10,EVL113,16076909,104,890
10042026_EVL113,1112763,2026-04-10,EVL113,16077093,381,180
10042026_EVL113,311868,2026-04-10,EVL113,16077093,381,180
10042026_EVL113,1112763,2026-04-10,EVL113,16078543,341,440
10042026_EVL113,311868,2026-04-10,EVL113,16078543,341,440
24042026_EVL113,311868,2026-04-24,EVL113,16129721,311,490
24042026_EVL113,1112763,2026-04-24,EVL113,16129721,311,490
24042026_EVL113,311868,2026-04-24,EVL113,16128760,341,440
24042026_EVL113,1112763,2026-04-24,EVL113,16128760,341,440
24042026_EVL113,311868,2026-04-24,EVL113,16130362,341,440
24042026_EVL113,1112763,2026-04-24,EVL113,16130362,341,440
25042026_EVL113,311868,2026-04-25,EVL113,16132301,311,490
25042026_EVL113,1112763,2026-04-25,EVL113,16132301,311,490
25042026_EVL113,311868,2026-04-25,EVL113,16133619,381,343
25042026_EVL113,1112763,2026-04-25,EVL113,16133619,381,343
25042026_EVL113,311868,2026-04-25,EVL113,16134527,341,440
25042026_EVL113,1112763,2026-04-25,EVL113,16134527,341,440
02042026_EVL111,1112474,2026-04-02,EVL111,16045390,311,300
02042026_EVL111,1112474,2026-04-02,EVL111,16046026,201,490
04042026_EVL111,1112474,2026-04-04,EVL111,16033449,799,899
04042026_EVL111,311646,2026-04-04,EVL111,16033449,799,899
04042026_EVL111,1112474,2026-04-04,EVL111,16052907,311,490
04042026_EVL111,311646,2026-04-04,EVL111,16052907,311,490
04042026_EVL111,1112474,2026-04-04,EVL111,16053804,311,490
04042026_EVL111,311646,2026-04-04,EVL111,16053804,311,490
06042026_EVL111,1112474,2026-04-06,EVL111,16058875,341,490
06042026_EVL111,1112474,2026-04-06,EVL111,16058223,311,490
06042026_EVL111,1112474,2026-04-06,EVL111,16060043,311,300
07042026_EVL111,1112474,2026-04-07,EVL111,16062863,311,490
07042026_EVL111,311646,2026-04-07,EVL111,16062863,311,490
07042026_EVL111,1112474,2026-04-07,EVL111,16063220,311,440
07042026_EVL111,311646,2026-04-07,EVL111,16063220,311,440
07042026_EVL111,1112474,2026-04-07,EVL111,16064186,311,490
07042026_EVL111,311646,2026-04-07,EVL111,16064186,311,490
10042026_EVL111,1112474,2026-04-10,EVL111,16076691,341,440
10042026_EVL111,311646,2026-04-10,EVL111,16076691,341,440
10042026_EVL111,1112474,2026-04-10,EVL111,16077127,311,490
10042026_EVL111,311646,2026-04-10,EVL111,16077127,311,490
10042026_EVL111,1112474,2026-04-10,EVL111,16077506,311,490
10042026_EVL111,311646,2026-04-10,EVL111,16077506,311,490
11042026_EVL111,1112474,2026-04-11,EVL111,16080538,301,490
11042026_EVL111,311646,2026-04-11,EVL111,16080538,301,490
11042026_EVL111,1112474,2026-04-11,EVL111,16082132,311,490
11042026_EVL111,311646,2026-04-11,EVL111,16082132,311,490
12042026_EVL111,1112474,2026-04-12,EVL111,16084358,311,490
12042026_EVL111,311646,2026-04-12,EVL111,16084358,311,490
12042026_EVL111,1112474,2026-04-12,EVL111,16084963,311,490
12042026_EVL111,311646,2026-04-12,EVL111,16084963,311,490
12042026_EVL111,1112474,2026-04-12,EVL111,16085567,341,440
12042026_EVL111,311646,2026-04-12,EVL111,16085567,341,440
15042026_EVL111,1112474,2026-04-15,EVL111,16096610,301,490
15042026_EVL111,311646,2026-04-15,EVL111,16096610,301,490
15042026_EVL111,1112474,2026-04-15,EVL111,16098656,341,440
15042026_EVL111,311646,2026-04-15,EVL111,16098656,341,440
16042026_EVL111,1112474,2026-04-16,EVL111,16100817,311,300
16042026_EVL111,311646,2026-04-16,EVL111,16100817,311,300
16042026_EVL111,1112474,2026-04-16,EVL111,16100945,311,490
16042026_EVL111,311646,2026-04-16,EVL111,16100945,311,490
16042026_EVL111,1112474,2026-04-16,EVL111,16101644,311,490
16042026_EVL111,311646,2026-04-16,EVL111,16101644,311,490
16042026_EVL111,1112474,2026-04-16,EVL111,16102866,311,490
16042026_EVL111,311646,2026-04-16,EVL111,16102866,311,490
17042026_EVL111,1112474,2026-04-17,EVL111,16105244,343,490
17042026_EVL111,311646,2026-04-17,EVL111,16105244,343,490
17042026_EVL111,1112474,2026-04-17,EVL111,16105269,311,490
17042026_EVL111,311646,2026-04-17,EVL111,16105269,311,490
17042026_EVL111,1112474,2026-04-17,EVL111,16106498,381,180
17042026_EVL111,311646,2026-04-17,EVL111,16106498,381,180
20042026_EVL111,1112474,2026-04-20,EVL111,16114908,311,490
20042026_EVL111,311646,2026-04-20,EVL111,16114908,311,490
20042026_EVL111,1112474,2026-04-20,EVL111,16115321,311,490
20042026_EVL111,311646,2026-04-20,EVL111,16115321,311,490
20042026_EVL111,1112474,2026-04-20,EVL111,16116293,341,490
20042026_EVL111,311646,2026-04-20,EVL111,16116293,341,490
21042026_EVL111,1112474,2026-04-21,EVL111,16118273,311,490
21042026_EVL111,1112474,2026-04-21,EVL111,16118547,343,490
21042026_EVL111,1112474,2026-04-21,EVL111,16118638,341,490
22042026_EVL111,1112474,2026-04-22,EVL111,16121758,201,180
22042026_EVL111,311646,2026-04-22,EVL111,16121758,201,180
22042026_EVL111,1112474,2026-04-22,EVL111,16121305,201,180
22042026_EVL111,311646,2026-04-22,EVL111,16121305,201,180
22042026_EVL111,1112474,2026-04-22,EVL111,16123075,341,490
22042026_EVL111,311646,2026-04-22,EVL111,16123075,341,490
23042026_EVL111,1112474,2026-04-23,EVL111,16125686,311,490
23042026_EVL111,311646,2026-04-23,EVL111,16125686,311,490
23042026_EVL111,1112474,2026-04-23,EVL111,16125782,311,300
23042026_EVL111,311646,2026-04-23,EVL111,16125782,311,300
23042026_EVL111,1112474,2026-04-23,EVL111,16127215,311,300
23042026_EVL111,311646,2026-04-23,EVL111,16127215,311,300
25042026_EVL111,311646,2026-04-25,EVL111,16133203,311,490
25042026_EVL111,1112364,2026-04-25,EVL111,16133203,311,490
25042026_EVL111,311646,2026-04-25,EVL111,16133525,311,490
25042026_EVL111,1112364,2026-04-25,EVL111,16133525,311,490
26042026_EVL111,1112474,2026-04-26,EVL111,16136527,201,180
26042026_EVL111,311646,2026-04-26,EVL111,16136527,201,180
20042026_EVL104,,2026-04-20,EVL104,16114233,201,180
14042026_EVL101,311617,2026-04-14,EVL101,16091996,311,490
14042026_EVL101,1112372,2026-04-14,EVL101,16091996,311,490
14042026_EVL101,311617,2026-04-14,EVL101,16092507,311,490
14042026_EVL101,1112372,2026-04-14,EVL101,16092507,311,490
14042026_EVL101,311617,2026-04-14,EVL101,16092156,312,325
14042026_EVL101,1112372,2026-04-14,EVL101,16092156,312,325
14042026_EVL101,311617,2026-04-14,EVL101,16092966,311,490
14042026_EVL101,1112372,2026-04-14,EVL101,16092966,311,490
01042026_ESL704,,2026-04-01,ESL704,16042073,341,620
01042026_ESL704,,2026-04-01,ESL704,16041981,104,890
01042026_ESL704,,2026-04-01,ESL704,16043373,121,343
02042026_ESL704,51587,2026-04-02,ESL704,16045929,341,620
02042026_ESL704,1112734,2026-04-02,ESL704,16045929,341,620
02042026_ESL704,51587,2026-04-02,ESL704,16045992,342,343
02042026_ESL704,1112734,2026-04-02,ESL704,16045992,342,343
06042026_ESL704,,2026-04-06,ESL704,16058603,311,620
07042026_ESL704,1112734,2026-04-07,ESL704,16063299,311,490
07042026_ESL704,51587,2026-04-07,ESL704,16063299,311,490
07042026_ESL704,1112734,2026-04-07,ESL704,16063409,341,311
07042026_ESL704,51587,2026-04-07,ESL704,16063409,341,311
07042026_ESL704,1112734,2026-04-07,ESL704,16063836,341,620
07042026_ESL704,51587,2026-04-07,ESL704,16063836,341,620
08042026_ESL704,,2026-04-08,ESL704,16068088,311,620
08042026_ESL704,,2026-04-08,ESL704,16068712,341,620
08042026_ESL704,,2026-04-08,ESL704,16069436,311,490
09042026_ESL704,,2026-04-09,ESL704,16071161,343,490
09042026_ESL704,,2026-04-09,ESL704,16073566,341,620
09042026_ESL704,,2026-04-09,ESL704,16073233,341,620
10042026_ESL704,,2026-04-10,ESL704,16077113,341,620
10042026_ESL704,,2026-04-10,ESL704,16077422,311,440
15042026_ESL704,,2026-04-15,ESL704,16097010,343,440
15042026_ESL704,,2026-04-15,ESL704,16097440,343,620
15042026_ESL704,,2026-04-15,ESL704,16097309,311,440
16042026_ESL704,,2026-04-16,ESL704,16101218,311,620
16042026_ESL704,,2026-04-16,ESL704,16101668,331,180
16042026_ESL704,,2026-04-16,ESL704,16101949,341,620
28042026_ESL701,311753,2026-04-28,ESL701,16145212,341,300
28042026_ESL701,1112782,2026-04-28,ESL701,16145212,341,300
28042026_ESL701,311753,2026-04-28,ESL701,16145458,121,343
28042026_ESL701,1112782,2026-04-28,ESL701,16145458,121,343
28042026_ESL701,311753,2026-04-28,ESL701,16145813,311,490
28042026_ESL701,1112782,2026-04-28,ESL701,16145813,311,490
29042026_ESL701,1112782,2026-04-29,ESL701,16149033,342,302
29042026_ESL701,1112782,2026-04-29,ESL701,16149559,342,300
29042026_ESL701,1112782,2026-04-29,ESL701,16149538,311,490
17042026_ESL700,1112734,2026-04-17,ESL700,16105218,311,490
17042026_ESL700,51587,2026-04-17,ESL700,16105218,311,490
17042026_ESL700,1112734,2026-04-17,ESL700,16105638,311,440
17042026_ESL700,51587,2026-04-17,ESL700,16105638,311,440
17042026_ESL700,1112734,2026-04-17,ESL700,16105880,126,880
17042026_ESL700,51587,2026-04-17,ESL700,16105880,126,880
23042026_ESL700,311753,2026-04-23,ESL700,16126410,341,490
23042026_ESL700,311753,2026-04-23,ESL700,16126931,342,343
28042026_ESL700,1112734,2026-04-28,ESL700,16144586,126,880
28042026_ESL700,51587,2026-04-28,ESL700,16144586,126,880
28042026_ESL700,1112734,2026-04-28,ESL700,16145052,126,880
28042026_ESL700,51587,2026-04-28,ESL700,16145052,126,880
29042026_ESL700,51587,2026-04-29,ESL700,16149498,301,300
29042026_ESL700,1112734,2026-04-29,ESL700,16149498,301,300
29042026_ESL700,51587,2026-04-29,ESL700,16149859,311,490
29042026_ESL700,1112734,2026-04-29,ESL700,16149859,311,490
30042026_ESL700,,2026-04-30,ESL700,16153671,341,620
30042026_ESL700,,2026-04-30,ESL700,16153846,311,490
30042026_ESL700,,2026-04-30,ESL700,16154477,341,620
29042026_ESL302,311118,2026-04-29,ESL302,16149691,311,490
29042026_ESL302,1112415,2026-04-29,ESL302,16149691,311,490
29042026_ESL302,311118,2026-04-29,ESL302,16150245,311,490
29042026_ESL302,1112415,2026-04-29,ESL302,16150245,311,490
29042026_ESL302,311118,2026-04-29,ESL302,16149787,311,311
29042026_ESL302,1112415,2026-04-29,ESL302,16149787,311,311
24042026_ESL200,,2026-04-24,ESL200,16128950,343,300
11042026_ESL133,,2026-04-11,ESL133,16083175,341,490
12042026_ESL133,,2026-04-12,ESL133,16086511,343,490
12042026_ESL133,,2026-04-12,ESL133,16086978,343,490
12042026_ESL133,,2026-04-12,ESL133,16086640,343,490
07042026_ESL123,31929,2026-04-07,ESL123,16064207,799,899
07042026_ESL123,512036,2026-04-07,ESL123,16064207,799,899
07042026_ESL123,31929,2026-04-07,ESL123,16066021,343,440
07042026_ESL123,512036,2026-04-07,ESL123,16066021,343,440
26042026_ESL123,31929,2026-04-26,ESL123,16170346,301,200
27042026_ESL123,31929,2026-04-27,ESL123,16169070,301,440
28042026_ESL123,31185,2026-04-28,ESL123,16146573,331,147
28042026_ESL123,31929,2026-04-28,ESL123,16146573,331,147
29042026_ESL123,31185,2026-04-29,ESL123,16150348,311,440
29042026_ESL123,31185,2026-04-29,ESL123,16150714,341,460
29042026_ESL123,31185,2026-04-29,ESL123,16151830,311,300
30042026_ESL103,311035,2026-04-30,ESL103,16153357,201,10
30042026_ESL103,1112375,2026-04-30,ESL103,16153357,201,10
24042026_EQL700,1112670,2026-04-24,EQL700,16129521,126,880
24042026_EQL700,1112735,2026-04-24,EQL700,16129521,126,880
30042026_EQL700,1112670,2026-04-30,EQL700,16154069,104,300
30042026_EQL700,1112782,2026-04-30,EQL700,16154069,104,300
30042026_EQL700,1112670,2026-04-30,EQL700,16153409,312,300
30042026_EQL700,1112782,2026-04-30,EQL700,16153409,312,300
30042026_EQL700,1112670,2026-04-30,EQL700,16154575,799,897
30042026_EQL700,1112782,2026-04-30,EQL700,16154575,799,897
29042026_EQL311,512028,2026-04-29,EQL311,16150446,341,620
29042026_EQL311,1112778,2026-04-29,EQL311,16150446,341,620
30042026_EQL311,512028,2026-04-30,EQL311,16155274,311,490
30042026_EQL311,1112778,2026-04-30,EQL311,16155274,311,490
12042026_EQL303,311853,2026-04-12,EQL303,16084532,311,490
12042026_EQL303,311869,2026-04-12,EQL303,16084532,311,490
12042026_EQL303,311853,2026-04-12,EQL303,16084708,311,490
12042026_EQL303,311869,2026-04-12,EQL303,16084708,311,490
12042026_EQL303,311853,2026-04-12,EQL303,16037802,799,897
12042026_EQL303,311869,2026-04-12,EQL303,16037802,799,897
12042026_EQL303,311853,2026-04-12,EQL303,16085516,311,490
12042026_EQL303,311869,2026-04-12,EQL303,16085516,311,490
18042026_EQL303,311417,2026-04-18,EQL303,16109227,311,620
18042026_EQL303,311356,2026-04-18,EQL303,16109227,311,620
18042026_EQL303,311417,2026-04-18,EQL303,16109548,311,620
18042026_EQL303,311356,2026-04-18,EQL303,16109548,311,620
19042026_EQL303,311193,2026-04-19,EQL303,16112274,311,300
19042026_EQL303,311603,2026-04-19,EQL303,16112274,311,300
19042026_EQL303,311193,2026-04-19,EQL303,16112367,341,300
19042026_EQL303,311603,2026-04-19,EQL303,16112367,341,300
19042026_EQL303,311193,2026-04-19,EQL303,16112162,799,897
19042026_EQL303,311603,2026-04-19,EQL303,16112162,799,897
19042026_EQL303,311193,2026-04-19,EQL303,16112709,311,300
19042026_EQL303,311603,2026-04-19,EQL303,16112709,311,300
19042026_EQL303,311193,2026-04-19,EQL303,16113056,341,300
19042026_EQL303,311603,2026-04-19,EQL303,16113056,341,300
11042026_EQL302,311793,2026-04-11,EQL302,16079259,311,620
11042026_EQL302,311850,2026-04-11,EQL302,16079259,311,620
11042026_EQL302,311793,2026-04-11,EQL302,16079399,311,620
11042026_EQL302,311850,2026-04-11,EQL302,16079399,311,620
11042026_EQL302,311793,2026-04-11,EQL302,16080691,311,620
11042026_EQL302,311850,2026-04-11,EQL302,16080691,311,620
11042026_EQL302,311793,2026-04-11,EQL302,16080577,126,880
11042026_EQL302,311850,2026-04-11,EQL302,16080577,126,880
11042026_EQL302,311793,2026-04-11,EQL302,16080826,311,620
11042026_EQL302,311850,2026-04-11,EQL302,16080826,311,620
11042026_EQL302,311793,2026-04-11,EQL302,16080958,311,620
11042026_EQL302,311850,2026-04-11,EQL302,16080958,311,620
11042026_EQL302,311793,2026-04-11,EQL302,16082238,311,620
11042026_EQL302,311850,2026-04-11,EQL302,16082238,311,620
12042026_EQL302,311666,2026-04-12,EQL302,16084044,312,300
12042026_EQL302,311667,2026-04-12,EQL302,16084044,312,300
12042026_EQL302,311666,2026-04-12,EQL302,16084476,312,300
12042026_EQL302,311667,2026-04-12,EQL302,16084476,312,300
12042026_EQL302,311666,2026-04-12,EQL302,16084723,312,300
12042026_EQL302,311667,2026-04-12,EQL302,16084723,312,300
12042026_EQL302,311666,2026-04-12,EQL302,16084950,312,300
12042026_EQL302,311667,2026-04-12,EQL302,16084950,312,300
12042026_EQL302,311666,2026-04-12,EQL302,16084972,312,300
12042026_EQL302,311667,2026-04-12,EQL302,16084972,312,300
22042026_EQL200,,2026-04-22,EQL200,16121273,799,897
22042026_EQL200,,2026-04-22,EQL200,16121524,201,321
26042026_EQL200,,2026-04-26,EQL200,16137234,799,897
28042026_EQL200,,2026-04-28,EQL200,16142487,301,620
01042026_EQL145,1112525,2026-04-01,EQL145,16044862,104,890
01042026_EQL145,512059,2026-04-01,EQL145,16044862,104,890
30042026_EQL143,1112350,2026-04-30,EQL143,16155778,311,490
30042026_EQL143,1112362,2026-04-30,EQL143,16155778,311,490
30042026_EQL143,1112350,2026-04-30,EQL143,16157593,201,490
30042026_EQL143,1112362,2026-04-30,EQL143,16157593,201,490
06042026_EQL142,311772,2026-04-06,EQL142,16061791,342,300
06042026_EQL142,311772,2026-04-06,EQL142,16060419,342,300
06042026_EQL142,311772,2026-04-06,EQL142,16060553,331,300
06042026_EQL142,311772,2026-04-06,EQL142,16061923,342,300
06042026_EQL142,311772,2026-04-06,EQL142,16062235,342,300
30042026_EQL140,1112408,2026-04-30,EQL140,16157450,201,490
11042026_EQL132,51618,2026-04-11,EQL132,16082975,343,440
11042026_EQL132,311717,2026-04-11,EQL132,16082975,343,440
16042026_EQL131,,2026-04-16,EQL131,16102252,799,897
16042026_EQL131,,2026-04-16,EQL131,16103393,201,300
18042026_EQL131,,2026-04-18,EQL131,16110766,104,890
18042026_EQL131,,2026-04-18,EQL131,16110909,311,440
19042026_EQL131,,2026-04-19,EQL131,16113515,311,300
20042026_EQL131,,2026-04-20,EQL131,16116970,311,440
20042026_EQL131,,2026-04-20,EQL131,16117087,127,880
21042026_EQL131,,2026-04-21,EQL131,16119400,301,490
26042026_EQL131,,2026-04-26,EQL131,16137715,201,20
26042026_EQL131,,2026-04-26,EQL131,16136966,342,315
26042026_EQL131,,2026-04-26,EQL131,16138439,301,490
29042026_EQL131,,2026-04-29,EQL131,16150251,201,620
29042026_EQL131,,2026-04-29,EQL131,16151745,311,440
30042026_EQL131,1112793,2026-04-30,EQL131,16155596,311,440
30042026_EQL131,1112793,2026-04-30,EQL131,16156410,311,440
30042026_EQL131,1112793,2026-04-30,EQL131,16156462,311,300
02042026_EQL130,,2026-04-02,EQL130,16047007,301,490
02042026_EQL130,,2026-04-02,EQL130,16047856,301,490
04042026_EQL126,512010,2026-04-04,EQL126,16053356,343,490
04042026_EQL126,512058,2026-04-04,EQL126,16053356,343,490
12042026_EQL126,512010,2026-04-12,EQL126,16086239,311,490
12042026_EQL126,512058,2026-04-12,EQL126,16086239,311,490
14042026_EQL126,512010,2026-04-14,EQL126,16095534,129,880
14042026_EQL126,512058,2026-04-14,EQL126,16095534,129,880
16042026_EQL126,512010,2026-04-16,EQL126,16103557,311,620
16042026_EQL126,512058,2026-04-16,EQL126,16103557,311,620
26042026_EQL126,512010,2026-04-26,EQL126,16137172,311,620
26042026_EQL126,512058,2026-04-26,EQL126,16137172,311,620
01042026_EQL123,311174,2026-04-01,EQL123,16042687,331,440
01042026_EQL123,311174,2026-04-01,EQL123,16043128,104,890
01042026_EQL123,311174,2026-04-01,EQL123,16044066,201,490
02042026_EQL123,,2026-04-02,EQL123,16043896,381,981
04042026_EQL123,,2026-04-04,EQL123,16052686,201,321
06042026_EQL123,,2026-04-06,EQL123,16059615,311,490
07042026_EQL123,,2026-04-07,EQL123,16063856,171,171
07042026_EQL123,,2026-04-07,EQL123,16063645,311,490
07042026_EQL123,,2026-04-07,EQL123,16065498,311,180
10042026_EQL123,,2026-04-10,EQL123,16077980,301,440
10042026_EQL123,,2026-04-10,EQL123,16077904,301,440
11042026_EQL123,,2026-04-11,EQL123,16081238,343,300
11042026_EQL123,,2026-04-11,EQL123,16081494,341,300
11042026_EQL123,,2026-04-11,EQL123,16082422,301,490
12042026_EQL123,,2026-04-12,EQL123,16085446,311,490
12042026_EQL123,,2026-04-12,EQL123,16085754,311,490
20042026_EQL123,,2026-04-20,EQL123,16114940,301,490
21042026_EQL123,,2026-04-21,EQL123,16118873,311,300
21042026_EQL123,,2026-04-21,EQL123,16119202,129,880
21042026_EQL123,,2026-04-21,EQL123,16119703,311,490
22042026_EQL123,,2026-04-22,EQL123,16121605,311,490
22042026_EQL123,,2026-04-22,EQL123,16123130,311,490
22042026_EQL123,,2026-04-22,EQL123,16123521,343,490
22042026_EQL123,,2026-04-22,EQL123,16123825,381,343
23042026_EQL123,,2026-04-23,EQL123,16126531,311,490
23042026_EQL123,,2026-04-23,EQL123,16126869,311,460
23042026_EQL123,,2026-04-23,EQL123,16127416,341,440
23042026_EQL123,,2026-04-23,EQL123,16127512,312,343
25042026_EQL123,,2026-04-25,EQL123,16134067,201,880
25042026_EQL123,,2026-04-25,EQL123,16134067,201,880
25042026_EQL123,,2026-04-25,EQL123,16133439,311,490
25042026_EQL123,,2026-04-25,EQL123,16134883,343,171
25042026_EQL123,,2026-04-25,EQL123,16135507,343,300
25042026_EQL123,,2026-04-25,EQL123,16135697,311,300
26042026_EQL123,,2026-04-26,EQL123,16137151,311,180
26042026_EQL123,,2026-04-26,EQL123,16122319,799,899
26042026_EQL123,,2026-04-26,EQL123,16137851,201,300
27042026_EQL123,,2026-04-27,EQL123,16139761,343,440
27042026_EQL123,,2026-04-27,EQL123,16141187,311,440
27042026_EQL123,,2026-04-27,EQL123,16141070,311,490
27042026_EQL123,,2026-04-27,EQL123,16141149,343,440
28042026_EQL123,,2026-04-28,EQL123,16146137,381,880
28042026_EQL123,,2026-04-28,EQL123,16146790,201,490
29042026_EQL123,,2026-04-29,EQL123,16149868,301,440
29042026_EQL123,,2026-04-29,EQL123,16149043,311,490
29042026_EQL123,,2026-04-29,EQL123,16149191,301,440
30042026_EQL123,512027,2026-04-30,EQL123,16154870,301,440
30042026_EQL123,512027,2026-04-30,EQL123,16157450,201,490
30042026_EQL121,1112663,2026-04-30,EQL121,16156478,104,890
28042026_EQL117,1112474,2026-04-28,EQL117,16144568,125,880
28042026_EQL117,311646,2026-04-28,EQL117,16144568,125,880
28042026_EQL117,1112474,2026-04-28,EQL117,16144931,341,440
28042026_EQL117,311646,2026-04-28,EQL117,16144931,341,440
28042026_EQL117,1112474,2026-04-28,EQL117,16145069,311,440
28042026_EQL117,311646,2026-04-28,EQL117,16145069,311,440
28042026_EQL117,1112474,2026-04-28,EQL117,16145804,311,300
28042026_EQL117,311646,2026-04-28,EQL117,16145804,311,300
29042026_EQL117,1112474,2026-04-29,EQL117,16148957,311,490
29042026_EQL117,311646,2026-04-29,EQL117,16148957,311,490
29042026_EQL117,1112474,2026-04-29,EQL117,16149017,311,490
29042026_EQL117,311646,2026-04-29,EQL117,16149017,311,490
29042026_EQL117,1112474,2026-04-29,EQL117,16149311,341,440
29042026_EQL117,311646,2026-04-29,EQL117,16149311,341,440
29042026_EQL117,1112474,2026-04-29,EQL117,16150352,311,490
29042026_EQL117,311646,2026-04-29,EQL117,16150352,311,490
14042026_EQL113,1112364,2026-04-14,EQL113,16091336,301,180
11042026_EQL112,311056,2026-04-11,EQL112,16081703,342,343
11042026_EQL112,512094,2026-04-11,EQL112,16081703,342,343
11042026_EQL112,1112441,2026-04-11,EQL112,16081703,342,343
24042026_EQL112,311056,2026-04-24,EQL112,16130595,311,440
24042026_EQL112,512094,2026-04-24,EQL112,16130595,311,440
27042026_EQL112,311056,2026-04-27,EQL112,16139729,311,490
27042026_EQL112,512094,2026-04-27,EQL112,16139729,311,490
02042026_EQL111,311646,2026-04-02,EQL111,16045221,311,620
02042026_EQL111,31788,2026-04-02,EQL111,16045221,311,620
02042026_EQL111,31778,2026-04-02,EQL111,16045221,311,620
02042026_EQL111,311646,2026-04-02,EQL111,16045276,311,620
02042026_EQL111,31788,2026-04-02,EQL111,16045276,311,620
02042026_EQL111,31778,2026-04-02,EQL111,16045276,311,620
02042026_EQL111,311646,2026-04-02,EQL111,16045940,343,440
02042026_EQL111,31788,2026-04-02,EQL111,16045940,343,440
02042026_EQL111,31778,2026-04-02,EQL111,16045940,343,440
04042026_EQL111,31788,2026-04-04,EQL111,16052626,311,300
04042026_EQL111,31778,2026-04-04,EQL111,16052626,311,300
04042026_EQL111,31788,2026-04-04,EQL111,16053277,311,620
04042026_EQL111,31778,2026-04-04,EQL111,16053277,311,620
05042026_EQL111,31788,2026-04-05,EQL111,16055395,343,440
05042026_EQL111,31778,2026-04-05,EQL111,16055395,343,440
05042026_EQL111,31788,2026-04-05,EQL111,16054372,311,620
05042026_EQL111,31778,2026-04-05,EQL111,16054372,311,620
05042026_EQL111,31788,2026-04-05,EQL111,16055968,311,620
05042026_EQL111,31778,2026-04-05,EQL111,16055968,311,620
06042026_EQL111,31788,2026-04-06,EQL111,16058425,311,620
06042026_EQL111,31778,2026-04-06,EQL111,16058425,311,620
06042026_EQL111,31788,2026-04-06,EQL111,16058814,311,620
06042026_EQL111,31778,2026-04-06,EQL111,16058814,311,620
06042026_EQL111,31788,2026-04-06,EQL111,16059456,311,300
06042026_EQL111,31778,2026-04-06,EQL111,16059456,311,300
10042026_EQL111,1112674,2026-04-10,EQL111,16077491,341,440
10042026_EQL111,31778,2026-04-10,EQL111,16077491,341,440
10042026_EQL111,1112674,2026-04-10,EQL111,16077904,301,440
10042026_EQL111,31778,2026-04-10,EQL111,16077904,301,440
15042026_EQL111,31788,2026-04-15,EQL111,16096885,311,620
15042026_EQL111,31778,2026-04-15,EQL111,16096885,311,620
15042026_EQL111,31788,2026-04-15,EQL111,16096845,311,620
15042026_EQL111,31778,2026-04-15,EQL111,16096845,311,620
15042026_EQL111,31788,2026-04-15,EQL111,16097233,341,300
15042026_EQL111,31778,2026-04-15,EQL111,16097233,341,300
21042026_EQL111,31788,2026-04-21,EQL111,16118149,311,490
21042026_EQL111,31778,2026-04-21,EQL111,16118149,311,490
21042026_EQL111,31788,2026-04-21,EQL111,16118530,311,620
21042026_EQL111,31778,2026-04-21,EQL111,16118530,311,620
21042026_EQL111,31788,2026-04-21,EQL111,16119320,343,490
21042026_EQL111,31778,2026-04-21,EQL111,16119320,343,490
22042026_EQL111,31788,2026-04-22,EQL111,16122716,341,620
22042026_EQL111,31778,2026-04-22,EQL111,16122716,341,620
23042026_EQL111,31788,2026-04-23,EQL111,16125376,341,440
23042026_EQL111,31778,2026-04-23,EQL111,16125376,341,440
23042026_EQL111,31788,2026-04-23,EQL111,16125447,311,620
23042026_EQL111,31778,2026-04-23,EQL111,16125447,311,620
23042026_EQL111,31788,2026-04-23,EQL111,16126143,311,440
23042026_EQL111,31778,2026-04-23,EQL111,16126143,311,440
23042026_EQL111,31788,2026-04-23,EQL111,16126441,311,440
23042026_EQL111,31778,2026-04-23,EQL111,16126441,311,440
05042026_EQL110,1112361,2026-04-05,EQL110,16055699,341,490
05042026_EQL110,1112364,2026-04-05,EQL110,16055699,341,490
05042026_EQL110,1112676,2026-04-05,EQL110,16055699,341,490
05042026_EQL110,1112361,2026-04-05,EQL110,16055917,343,490
05042026_EQL110,1112364,2026-04-05,EQL110,16055917,343,490
05042026_EQL110,1112676,2026-04-05,EQL110,16055917,343,490
13042026_EQL101,,2026-04-13,EQL101,16086653,343,620
13042026_EQL101,,2026-04-13,EQL101,16086595,311,490
13042026_EQL101,,2026-04-13,EQL101,16088306,311,311
13042026_EQL101,,2026-04-13,EQL101,16089225,311,311
20042026_ENL704,1112564,2026-04-20,ENL704,16115154,341,620
20042026_ENL704,1112573,2026-04-20,ENL704,16115154,341,620
20042026_ENL704,1112564,2026-04-20,ENL704,16113342,312,325
20042026_ENL704,1112573,2026-04-20,ENL704,16113342,312,325
20042026_ENL704,1112564,2026-04-20,ENL704,16115942,321,490
20042026_ENL704,1112573,2026-04-20,ENL704,16115942,321,490
02042026_ENL703,1112657,2026-04-02,ENL703,16045327,106,301
06042026_ENL703,1112657,2026-04-06,ENL703,16058680,799,898
06042026_ENL703,1112600,2026-04-06,ENL703,16058680,799,898
06042026_ENL703,1112657,2026-04-06,ENL703,16058864,121,343
06042026_ENL703,1112600,2026-04-06,ENL703,16058864,121,343
06042026_ENL703,1112657,2026-04-06,ENL703,16059357,301,490
06042026_ENL703,1112600,2026-04-06,ENL703,16059357,301,490
06042026_ENL703,1112657,2026-04-06,ENL703,16060192,201,300
06042026_ENL703,1112600,2026-04-06,ENL703,16060192,201,300
07042026_ENL703,1112657,2026-04-07,ENL703,16063801,341,443
14042026_ENL703,1112754,2026-04-14,ENL703,16092777,311,440
17042026_ENL703,1112754,2026-04-17,ENL703,16106080,311,490
29042026_ENL703,1112564,2026-04-29,ENL703,16118613,799,899
29042026_ENL703,1112573,2026-04-29,ENL703,16118613,799,899
29042026_ENL703,1112564,2026-04-29,ENL703,16149383,321,490
29042026_ENL703,1112573,2026-04-29,ENL703,16149383,321,490
29042026_ENL703,1112564,2026-04-29,ENL703,16149615,343,620
29042026_ENL703,1112573,2026-04-29,ENL703,16149615,343,620
29042026_ENL703,1112564,2026-04-29,ENL703,16149744,341,620
29042026_ENL703,1112573,2026-04-29,ENL703,16149744,341,620
30042026_ENL703,1112754,2026-04-30,ENL703,16152123,341,620
30042026_ENL703,1112566,2026-04-30,ENL703,16152123,341,620
30042026_ENL703,1112754,2026-04-30,ENL703,16153932,201,490
30042026_ENL703,1112566,2026-04-30,ENL703,16153932,201,490
30042026_ENL703,1112754,2026-04-30,ENL703,16154905,341,620
30042026_ENL703,1112566,2026-04-30,ENL703,16154905,341,620
01042026_ENL329,511117,2026-04-01,ENL329,16042495,201,490
01042026_ENL329,31539,2026-04-01,ENL329,16042495,201,490
01042026_ENL329,511117,2026-04-01,ENL329,16042433,311,490
01042026_ENL329,31539,2026-04-01,ENL329,16042433,311,490
01042026_ENL329,511117,2026-04-01,ENL329,16042795,311,620
01042026_ENL329,31539,2026-04-01,ENL329,16042795,311,620
01042026_ENL329,511117,2026-04-01,ENL329,16043702,311,620
01042026_ENL329,31539,2026-04-01,ENL329,16043702,311,620
01042026_ENL329,511117,2026-04-01,ENL329,16044048,342,343
01042026_ENL329,31539,2026-04-01,ENL329,16044048,342,343
02042026_ENL329,511117,2026-04-02,ENL329,16046484,311,620
02042026_ENL329,31539,2026-04-02,ENL329,16046484,311,620
02042026_ENL329,511117,2026-04-02,ENL329,16046838,311,620
02042026_ENL329,31539,2026-04-02,ENL329,16046838,311,620
02042026_ENL329,511117,2026-04-02,ENL329,16047580,799,897
02042026_ENL329,31539,2026-04-02,ENL329,16047580,799,897
02042026_ENL329,511117,2026-04-02,ENL329,16047139,311,620
02042026_ENL329,31539,2026-04-02,ENL329,16047139,311,620
10042026_ENL329,31539,2026-04-10,ENL329,16078091,311,620
10042026_ENL329,31539,2026-04-10,ENL329,16078536,311,620
10042026_ENL329,31539,2026-04-10,ENL329,16078769,311,620
10042026_ENL329,31539,2026-04-10,ENL329,16079322,311,325
11042026_ENL329,31539,2026-04-11,ENL329,16081610,311,620
11042026_ENL329,511117,2026-04-11,ENL329,16081610,311,620
11042026_ENL329,31539,2026-04-11,ENL329,16081967,311,620
11042026_ENL329,511117,2026-04-11,ENL329,16081967,311,620
11042026_ENL329,31539,2026-04-11,ENL329,16082274,311,620
11042026_ENL329,511117,2026-04-11,ENL329,16082274,311,620
11042026_ENL329,31539,2026-04-11,ENL329,16082329,311,620
11042026_ENL329,511117,2026-04-11,ENL329,16082329,311,620
11042026_ENL329,31539,2026-04-11,ENL329,16082165,129,880
11042026_ENL329,511117,2026-04-11,ENL329,16082165,129,880
12042026_ENL329,31539,2026-04-12,ENL329,16076618,799,899
12042026_ENL329,511117,2026-04-12,ENL329,16076618,799,899
12042026_ENL329,31539,2026-04-12,ENL329,16076533,799,899
12042026_ENL329,511117,2026-04-12,ENL329,16076533,799,899
12042026_ENL329,31539,2026-04-12,ENL329,16064162,799,899
12042026_ENL329,511117,2026-04-12,ENL329,16064162,799,899
15042026_ENL329,31539,2026-04-15,ENL329,16097835,311,620
15042026_ENL329,511117,2026-04-15,ENL329,16097835,311,620
15042026_ENL329,31539,2026-04-15,ENL329,16097681,311,620
15042026_ENL329,511117,2026-04-15,ENL329,16097681,311,620
15042026_ENL329,31539,2026-04-15,ENL329,16098507,311,620
15042026_ENL329,511117,2026-04-15,ENL329,16098507,311,620
15042026_ENL329,31539,2026-04-15,ENL329,16099360,301,440
15042026_ENL329,511117,2026-04-15,ENL329,16099360,301,440
16042026_ENL329,511117,2026-04-16,ENL329,16101992,311,300
16042026_ENL329,31539,2026-04-16,ENL329,16101992,311,300
16042026_ENL329,511117,2026-04-16,ENL329,16102511,311,490
16042026_ENL329,31539,2026-04-16,ENL329,16102511,311,490
16042026_ENL329,511117,2026-04-16,ENL329,16103277,311,440
16042026_ENL329,31539,2026-04-16,ENL329,16103277,311,440
18042026_ENL329,511166,2026-04-18,ENL329,16085682,799,897
18042026_ENL329,31539,2026-04-18,ENL329,16085682,799,897
18042026_ENL329,511166,2026-04-18,ENL329,16110344,311,620
18042026_ENL329,31539,2026-04-18,ENL329,16110344,311,620
18042026_ENL329,511166,2026-04-18,ENL329,16064764,799,899
18042026_ENL329,31539,2026-04-18,ENL329,16064764,799,899
18042026_ENL329,511166,2026-04-18,ENL329,16110736,311,440
18042026_ENL329,31539,2026-04-18,ENL329,16110736,311,440
18042026_ENL329,511166,2026-04-18,ENL329,16110893,311,620
18042026_ENL329,31539,2026-04-18,ENL329,16110893,311,620
20042026_ENL329,1112730,2026-04-20,ENL329,16115938,311,300
20042026_ENL329,51623,2026-04-20,ENL329,16115938,311,300
21042026_ENL329,511995,2026-04-21,ENL329,16119152,799,897
21042026_ENL329,31539,2026-04-21,ENL329,16119152,799,897
21042026_ENL329,511995,2026-04-21,ENL329,16118255,799,897
21042026_ENL329,31539,2026-04-21,ENL329,16118255,799,897
21042026_ENL329,511995,2026-04-21,ENL329,16119751,799,897
21042026_ENL329,31539,2026-04-21,ENL329,16119751,799,897
21042026_ENL329,511995,2026-04-21,ENL329,16120190,343,440
21042026_ENL329,31539,2026-04-21,ENL329,16120190,343,440
22042026_ENL329,31539,2026-04-22,ENL329,16122604,311,620
22042026_ENL329,511117,2026-04-22,ENL329,16122604,311,620
22042026_ENL329,31539,2026-04-22,ENL329,16122828,311,620
22042026_ENL329,511117,2026-04-22,ENL329,16122828,311,620
22042026_ENL329,31539,2026-04-22,ENL329,16123347,311,440
22042026_ENL329,511117,2026-04-22,ENL329,16123347,311,440
22042026_ENL329,31539,2026-04-22,ENL329,16124265,799,899
22042026_ENL329,511117,2026-04-22,ENL329,16124265,799,899
23042026_ENL329,31539,2026-04-23,ENL329,16119551,799,899
23042026_ENL329,511117,2026-04-23,ENL329,16119551,799,899
23042026_ENL329,31539,2026-04-23,ENL329,16126732,311,620
23042026_ENL329,511117,2026-04-23,ENL329,16126732,311,620
23042026_ENL329,31539,2026-04-23,ENL329,16126957,311,620
23042026_ENL329,511117,2026-04-23,ENL329,16126957,311,620
23042026_ENL329,31539,2026-04-23,ENL329,16127813,125,880
23042026_ENL329,511117,2026-04-23,ENL329,16127813,125,880
23042026_ENL329,31539,2026-04-23,ENL329,16127830,311,620
23042026_ENL329,511117,2026-04-23,ENL329,16127830,311,620
27042026_ENL329,31539,2026-04-27,ENL329,16140669,311,620
27042026_ENL329,511117,2026-04-27,ENL329,16140669,311,620
27042026_ENL329,31539,2026-04-27,ENL329,16140674,311,325
27042026_ENL329,511117,2026-04-27,ENL329,16140674,311,325
27042026_ENL329,31539,2026-04-27,ENL329,16141044,311,620
27042026_ENL329,511117,2026-04-27,ENL329,16141044,311,620
27042026_ENL329,31539,2026-04-27,ENL329,16141009,341,300
27042026_ENL329,511117,2026-04-27,ENL329,16141009,341,300
27042026_ENL329,31539,2026-04-27,ENL329,16142249,343,620
27042026_ENL329,511117,2026-04-27,ENL329,16142249,343,620
28042026_ENL329,51623,2026-04-28,ENL329,16145948,311,620
28042026_ENL329,31539,2026-04-28,ENL329,16145948,311,620
28042026_ENL329,51623,2026-04-28,ENL329,16146557,311,620
28042026_ENL329,31539,2026-04-28,ENL329,16146557,311,620
01042026_ENL325,511130,2026-04-01,ENL325,16044688,312,300
01042026_ENL325,511161,2026-04-01,ENL325,16044688,312,300
02042026_ENL325,511130,2026-04-02,ENL325,16048711,129,880
02042026_ENL325,511161,2026-04-02,ENL325,16048711,129,880
02042026_ENL325,511130,2026-04-02,ENL325,16048768,312,300
02042026_ENL325,511161,2026-04-02,ENL325,16048768,312,300
02042026_ENL325,511130,2026-04-02,ENL325,16049102,799,897
02042026_ENL325,511161,2026-04-02,ENL325,16049102,799,897
02042026_ENL325,511130,2026-04-02,ENL325,16049227,311,311
02042026_ENL325,511161,2026-04-02,ENL325,16049227,311,311
06042026_ENL325,511161,2026-04-06,ENL325,16061867,312,300
06042026_ENL325,511130,2026-04-06,ENL325,16061867,312,300
06042026_ENL325,511161,2026-04-06,ENL325,16061170,127,880
06042026_ENL325,511130,2026-04-06,ENL325,16061170,127,880
06042026_ENL325,511161,2026-04-06,ENL325,16061920,341,300
06042026_ENL325,511130,2026-04-06,ENL325,16061920,341,300
06042026_ENL325,511161,2026-04-06,ENL325,16061891,341,300
06042026_ENL325,511130,2026-04-06,ENL325,16061891,341,300
06042026_ENL325,511161,2026-04-06,ENL325,16062355,342,300
06042026_ENL325,511130,2026-04-06,ENL325,16062355,342,300
07042026_ENL325,511161,2026-04-07,ENL325,16065668,342,300
07042026_ENL325,511130,2026-04-07,ENL325,16065668,342,300
07042026_ENL325,511161,2026-04-07,ENL325,16066575,342,300
07042026_ENL325,511130,2026-04-07,ENL325,16066575,342,300
07042026_ENL325,511161,2026-04-07,ENL325,16065807,312,300
07042026_ENL325,511130,2026-04-07,ENL325,16065807,312,300
07042026_ENL325,511161,2026-04-07,ENL325,16065833,121,343
07042026_ENL325,511130,2026-04-07,ENL325,16065833,121,343
07042026_ENL325,511161,2026-04-07,ENL325,16066003,342,300
07042026_ENL325,511130,2026-04-07,ENL325,16066003,342,300
07042026_ENL325,511161,2026-04-07,ENL325,16066120,312,300
07042026_ENL325,511130,2026-04-07,ENL325,16066120,312,300
09042026_ENL325,1112531,2026-04-09,ENL325,16075993,331,300
09042026_ENL325,511161,2026-04-09,ENL325,16075993,331,300
09042026_ENL325,1112531,2026-04-09,ENL325,16075908,331,300
09042026_ENL325,511161,2026-04-09,ENL325,16075908,331,300
09042026_ENL325,1112531,2026-04-09,ENL325,16076006,331,300
09042026_ENL325,511161,2026-04-09,ENL325,16076006,331,300
09042026_ENL325,1112531,2026-04-09,ENL325,16075885,331,300
09042026_ENL325,511161,2026-04-09,ENL325,16075885,331,300
11042026_ENL325,511161,2026-04-11,ENL325,16083510,342,343
11042026_ENL325,511130,2026-04-11,ENL325,16083510,342,343
11042026_ENL325,511161,2026-04-11,ENL325,16083817,321,490
11042026_ENL325,511130,2026-04-11,ENL325,16083817,321,490
11042026_ENL325,511161,2026-04-11,ENL325,16083990,799,897
11042026_ENL325,511130,2026-04-11,ENL325,16083990,799,897
12042026_ENL325,511130,2026-04-12,ENL325,16086829,342,300
12042026_ENL325,511161,2026-04-12,ENL325,16086829,342,300
12042026_ENL325,511130,2026-04-12,ENL325,16087149,342,300
12042026_ENL325,511161,2026-04-12,ENL325,16087149,342,300
12042026_ENL325,511130,2026-04-12,ENL325,16086641,342,300
12042026_ENL325,511161,2026-04-12,ENL325,16086641,342,300
12042026_ENL325,511130,2026-04-12,ENL325,16087352,342,343
12042026_ENL325,511161,2026-04-12,ENL325,16087352,342,343
13042026_ENL325,,2026-04-13,ENL325,16090919,312,300
13042026_ENL325,,2026-04-13,ENL325,16091670,343,620
13042026_ENL325,,2026-04-13,ENL325,16091569,341,300
15042026_ENL325,511161,2026-04-15,ENL325,16112330,342,300
15042026_ENL325,511130,2026-04-15,ENL325,16112330,342,300
15042026_ENL325,511161,2026-04-15,ENL325,16099502,341,440
15042026_ENL325,511130,2026-04-15,ENL325,16099502,341,440
15042026_ENL325,511161,2026-04-15,ENL325,16100198,311,490
15042026_ENL325,511130,2026-04-15,ENL325,16100198,311,490
16042026_ENL325,511130,2026-04-16,ENL325,16103844,343,440
16042026_ENL325,511161,2026-04-16,ENL325,16103844,343,440
16042026_ENL325,511130,2026-04-16,ENL325,16103613,312,300
16042026_ENL325,511161,2026-04-16,ENL325,16103613,312,300
16042026_ENL325,511130,2026-04-16,ENL325,16104582,311,311
16042026_ENL325,511161,2026-04-16,ENL325,16104582,311,311
20042026_ENL325,511161,2026-04-20,ENL325,16117469,321,490
20042026_ENL325,511130,2026-04-20,ENL325,16117469,321,490
20042026_ENL325,511161,2026-04-20,ENL325,16117670,312,300
20042026_ENL325,511130,2026-04-20,ENL325,16117670,312,300
20042026_ENL325,511161,2026-04-20,ENL325,16117952,799,897
20042026_ENL325,511130,2026-04-20,ENL325,16117952,799,897
21042026_ENL325,511130,2026-04-21,ENL325,16120639,342,300
21042026_ENL325,511161,2026-04-21,ENL325,16120639,342,300
21042026_ENL325,511130,2026-04-21,ENL325,16120593,311,490
21042026_ENL325,511161,2026-04-21,ENL325,16120593,311,490
21042026_ENL325,511130,2026-04-21,ENL325,16120844,342,300
21042026_ENL325,511161,2026-04-21,ENL325,16120844,342,300
21042026_ENL325,511130,2026-04-21,ENL325,16120501,331,300
21042026_ENL325,511161,2026-04-21,ENL325,16120501,331,300
22042026_ENL325,511161,2026-04-22,ENL325,16124753,799,897
22042026_ENL325,511130,2026-04-22,ENL325,16124753,799,897
22042026_ENL325,511161,2026-04-22,ENL325,16124779,799,897
22042026_ENL325,511130,2026-04-22,ENL325,16124779,799,897
22042026_ENL325,511161,2026-04-22,ENL325,16125068,799,897
22042026_ENL325,511130,2026-04-22,ENL325,16125068,799,897
22042026_ENL325,511161,2026-04-22,ENL325,16125108,799,897
22042026_ENL325,511130,2026-04-22,ENL325,16125108,799,897
22042026_ENL325,511161,2026-04-22,ENL325,16125107,331,300
22042026_ENL325,511130,2026-04-22,ENL325,16125107,331,300
23042026_ENL325,511161,2026-04-23,ENL325,16128821,342,300
23042026_ENL325,511161,2026-04-23,ENL325,16128351,342,343
23042026_ENL325,511161,2026-04-23,ENL325,16129209,104,311
26042026_ENL325,511130,2026-04-26,ENL325,16138651,799,899
26042026_ENL325,511161,2026-04-26,ENL325,16138651,799,899
26042026_ENL325,511130,2026-04-26,ENL325,16138663,312,300
26042026_ENL325,511161,2026-04-26,ENL325,16138663,312,300
26042026_ENL325,511130,2026-04-26,ENL325,16138766,799,899
26042026_ENL325,511161,2026-04-26,ENL325,16138766,799,899
26042026_ENL325,511130,2026-04-26,ENL325,16139078,799,897
26042026_ENL325,511161,2026-04-26,ENL325,16139078,799,897
26042026_ENL325,511130,2026-04-26,ENL325,16139108,799,899
26042026_ENL325,511161,2026-04-26,ENL325,16139108,799,899
27042026_ENL325,511130,2026-04-27,ENL325,16142327,342,302
27042026_ENL325,511161,2026-04-27,ENL325,16142327,342,302
27042026_ENL325,511130,2026-04-27,ENL325,16142995,129,880
27042026_ENL325,511161,2026-04-27,ENL325,16142995,129,880
27042026_ENL325,511130,2026-04-27,ENL325,16142743,312,302
27042026_ENL325,511161,2026-04-27,ENL325,16142743,312,302
27042026_ENL325,511130,2026-04-27,ENL325,16142496,129,880
27042026_ENL325,511161,2026-04-27,ENL325,16142496,129,880
27042026_ENL325,511130,2026-04-27,ENL325,16143613,301,180
27042026_ENL325,511161,2026-04-27,ENL325,16143613,301,180
28042026_ENL325,511130,2026-04-28,ENL325,16147622,331,180
28042026_ENL325,511161,2026-04-28,ENL325,16147622,331,180
28042026_ENL325,511130,2026-04-28,ENL325,16147880,312,300
28042026_ENL325,511161,2026-04-28,ENL325,16147880,312,300
28042026_ENL325,511130,2026-04-28,ENL325,16147970,129,880
28042026_ENL325,511161,2026-04-28,ENL325,16147970,129,880
28042026_ENL325,511130,2026-04-28,ENL325,16148457,342,300
28042026_ENL325,511161,2026-04-28,ENL325,16148457,342,300
30042026_ENL325,511130,2026-04-30,ENL325,16156717,342,343
30042026_ENL325,511161,2026-04-30,ENL325,16156717,342,343
30042026_ENL325,511130,2026-04-30,ENL325,16156480,342,300
30042026_ENL325,511161,2026-04-30,ENL325,16156480,342,300
30042026_ENL325,511130,2026-04-30,ENL325,16157198,331,300
30042026_ENL325,511161,2026-04-30,ENL325,16157198,331,300
30042026_ENL325,511130,2026-04-30,ENL325,16158194,799,899
30042026_ENL325,511161,2026-04-30,ENL325,16158194,799,899
01042026_ENL321,1112847,2026-04-01,ENL321,16043407,341,300
01042026_ENL321,51412,2026-04-01,ENL321,16043407,341,300
01042026_ENL321,1112847,2026-04-01,ENL321,16043632,341,300
01042026_ENL321,51412,2026-04-01,ENL321,16043632,341,300
02042026_ENL321,51412,2026-04-02,ENL321,16047313,799,897
02042026_ENL321,1112847,2026-04-02,ENL321,16047313,799,897
02042026_ENL321,51412,2026-04-02,ENL321,16047974,301,300
02042026_ENL321,1112847,2026-04-02,ENL321,16047974,301,300
04042026_ENL321,1112847,2026-04-04,ENL321,16054218,799,897
04042026_ENL321,51412,2026-04-04,ENL321,16054218,799,897
04042026_ENL321,1112847,2026-04-04,ENL321,16054426,341,300
04042026_ENL321,51412,2026-04-04,ENL321,16054426,341,300
04042026_ENL321,1112847,2026-04-04,ENL321,16054385,301,300
04042026_ENL321,51412,2026-04-04,ENL321,16054385,301,300
05042026_ENL321,51412,2026-04-05,ENL321,16056710,799,897
05042026_ENL321,1112847,2026-04-05,ENL321,16056710,799,897
05042026_ENL321,51412,2026-04-05,ENL321,16057023,799,897
05042026_ENL321,1112847,2026-04-05,ENL321,16057023,799,897
05042026_ENL321,51412,2026-04-05,ENL321,16057423,311,460
05042026_ENL321,1112847,2026-04-05,ENL321,16057423,311,460
06042026_ENL321,51412,2026-04-06,ENL321,16060859,341,300
06042026_ENL321,1112847,2026-04-06,ENL321,16060859,341,300
06042026_ENL321,51412,2026-04-06,ENL321,16152075,311,490
06042026_ENL321,1112847,2026-04-06,ENL321,16152075,311,490
06042026_ENL321,51412,2026-04-06,ENL321,16061204,301,300
06042026_ENL321,1112847,2026-04-06,ENL321,16061204,301,300
06042026_ENL321,51412,2026-04-06,ENL321,16061160,341,300
06042026_ENL321,1112847,2026-04-06,ENL321,16061160,341,300
06042026_ENL321,51412,2026-04-06,ENL321,16061885,341,300
06042026_ENL321,1112847,2026-04-06,ENL321,16061885,341,300
07042026_ENL321,51412,2026-04-07,ENL321,16065136,129,880
07042026_ENL321,1112847,2026-04-07,ENL321,16065136,129,880
07042026_ENL321,51412,2026-04-07,ENL321,16065193,301,300
07042026_ENL321,1112847,2026-04-07,ENL321,16065193,301,300
07042026_ENL321,51412,2026-04-07,ENL321,16140889,311,490
07042026_ENL321,1112847,2026-04-07,ENL321,16140889,311,490
07042026_ENL321,51412,2026-04-07,ENL321,16065611,301,300
07042026_ENL321,1112847,2026-04-07,ENL321,16065611,301,300
10042026_ENL321,51412,2026-04-10,ENL321,16078062,311,300
10042026_ENL321,1112847,2026-04-10,ENL321,16078062,311,300
10042026_ENL321,51412,2026-04-10,ENL321,16079424,341,300
10042026_ENL321,1112847,2026-04-10,ENL321,16079424,341,300
15042026_ENL321,51412,2026-04-15,ENL321,16097195,312,180
15042026_ENL321,1112847,2026-04-15,ENL321,16097195,312,180
15042026_ENL321,51412,2026-04-15,ENL321,16098899,301,300
15042026_ENL321,1112847,2026-04-15,ENL321,16098899,301,300
15042026_ENL321,51412,2026-04-15,ENL321,16099279,341,300
15042026_ENL321,1112847,2026-04-15,ENL321,16099279,341,300
16042026_ENL321,51412,2026-04-16,ENL321,16101695,341,300
16042026_ENL321,1112847,2026-04-16,ENL321,16101695,341,300
16042026_ENL321,51412,2026-04-16,ENL321,16103892,311,490
16042026_ENL321,1112847,2026-04-16,ENL321,16103892,311,490
16042026_ENL321,51412,2026-04-16,ENL321,16103963,311,490
16042026_ENL321,1112847,2026-04-16,ENL321,16103963,311,490
17042026_ENL321,1112847,2026-04-17,ENL321,16107066,341,300
17042026_ENL321,51412,2026-04-17,ENL321,16107066,341,300
17042026_ENL321,1112847,2026-04-17,ENL321,16107347,311,490
17042026_ENL321,51412,2026-04-17,ENL321,16107347,311,490
17042026_ENL321,1112847,2026-04-17,ENL321,16107347,311,490
17042026_ENL321,51412,2026-04-17,ENL321,16107347,311,490
17042026_ENL321,1112847,2026-04-17,ENL321,16108159,341,300
17042026_ENL321,51412,2026-04-17,ENL321,16108159,341,300
20042026_ENL321,51412,2026-04-20,ENL321,16116346,104,300
20042026_ENL321,1112847,2026-04-20,ENL321,16116346,104,300
20042026_ENL321,51412,2026-04-20,ENL321,16115047,341,300
20042026_ENL321,1112847,2026-04-20,ENL321,16115047,341,300
20042026_ENL321,51412,2026-04-20,ENL321,16116561,311,300
20042026_ENL321,1112847,2026-04-20,ENL321,16116561,311,300
20042026_ENL321,51412,2026-04-20,ENL321,16136660,311,490
20042026_ENL321,1112847,2026-04-20,ENL321,16136660,311,490
21042026_ENL321,51412,2026-04-21,ENL321,16119502,799,897
21042026_ENL321,1112847,2026-04-21,ENL321,16119502,799,897
21042026_ENL321,51412,2026-04-21,ENL321,16119726,799,897
21042026_ENL321,1112847,2026-04-21,ENL321,16119726,799,897
21042026_ENL321,51412,2026-04-21,ENL321,16120050,341,300
21042026_ENL321,1112847,2026-04-21,ENL321,16120050,341,300
25042026_ENL321,51412,2026-04-25,ENL321,16131294,799,897
25042026_ENL321,1112847,2026-04-25,ENL321,16131294,799,897
25042026_ENL321,51412,2026-04-25,ENL321,16134375,301,300
25042026_ENL321,1112847,2026-04-25,ENL321,16134375,301,300
25042026_ENL321,51412,2026-04-25,ENL321,16135443,301,300
25042026_ENL321,1112847,2026-04-25,ENL321,16135443,301,300
26042026_ENL321,1112847,2026-04-26,ENL321,16137181,301,300
26042026_ENL321,51412,2026-04-26,ENL321,16137181,301,300
26042026_ENL321,1112847,2026-04-26,ENL321,15947499,799,897
26042026_ENL321,51412,2026-04-26,ENL321,15947499,799,897
26042026_ENL321,1112847,2026-04-26,ENL321,16138373,341,300
26042026_ENL321,51412,2026-04-26,ENL321,16138373,341,300
27042026_ENL321,51412,2026-04-27,ENL321,16140291,341,300
27042026_ENL321,1112847,2026-04-27,ENL321,16140291,341,300
27042026_ENL321,51412,2026-04-27,ENL321,16141365,341,321
27042026_ENL321,1112847,2026-04-27,ENL321,16141365,341,321
27042026_ENL321,51412,2026-04-27,ENL321,16141031,311,490
27042026_ENL321,1112847,2026-04-27,ENL321,16141031,311,490
27042026_ENL321,51412,2026-04-27,ENL321,16141822,341,300
27042026_ENL321,1112847,2026-04-27,ENL321,16141822,341,300
28042026_ENL321,51412,2026-04-28,ENL321,16145952,301,300
28042026_ENL321,51644,2026-04-28,ENL321,16145952,301,300
28042026_ENL321,1112847,2026-04-28,ENL321,16145952,301,300
28042026_ENL321,51412,2026-04-28,ENL321,16146665,311,490
28042026_ENL321,51644,2026-04-28,ENL321,16146665,311,490
28042026_ENL321,1112847,2026-04-28,ENL321,16146665,311,490
01042026_ENL320,311891,2026-04-01,ENL320,16043693,311,440
01042026_ENL320,311891,2026-04-01,ENL320,16043713,301,180
03042026_ENL320,511144,2026-04-03,ENL320,16031668,799,897
03042026_ENL320,511145,2026-04-03,ENL320,16031668,799,897
03042026_ENL320,511144,2026-04-03,ENL320,16014331,799,899
03042026_ENL320,511145,2026-04-03,ENL320,16014331,799,899
03042026_ENL320,511144,2026-04-03,ENL320,15920523,799,899
03042026_ENL320,511145,2026-04-03,ENL320,15920523,799,899
04042026_ENL320,311891,2026-04-04,ENL320,16051848,799,899
04042026_ENL320,1112834,2026-04-04,ENL320,16051848,799,899
04042026_ENL320,311891,2026-04-04,ENL320,16054157,799,899
04042026_ENL320,1112834,2026-04-04,ENL320,16054157,799,899
04042026_ENL320,311891,2026-04-04,ENL320,16053988,321,490
04042026_ENL320,1112834,2026-04-04,ENL320,16053988,321,490
04042026_ENL320,311891,2026-04-04,ENL320,16054570,342,300
04042026_ENL320,1112834,2026-04-04,ENL320,16054570,342,300
06042026_ENL320,511145,2026-04-06,ENL320,16150399,311,440
06042026_ENL320,511144,2026-04-06,ENL320,16150399,311,440
07042026_ENL320,511145,2026-04-07,ENL320,16064733,342,300
07042026_ENL320,511144,2026-04-07,ENL320,16064733,342,300
07042026_ENL320,511145,2026-04-07,ENL320,16065771,342,300
07042026_ENL320,511144,2026-04-07,ENL320,16065771,342,300
07042026_ENL320,511145,2026-04-07,ENL320,16066219,342,300
07042026_ENL320,511144,2026-04-07,ENL320,16066219,342,300
08042026_ENL320,511144,2026-04-08,ENL320,16068710,342,300
08042026_ENL320,511145,2026-04-08,ENL320,16068710,342,300
08042026_ENL320,511144,2026-04-08,ENL320,16070486,342,300
08042026_ENL320,511145,2026-04-08,ENL320,16070486,342,300
08042026_ENL320,511144,2026-04-08,ENL320,16070746,312,10
08042026_ENL320,511145,2026-04-08,ENL320,16070746,312,10
08042026_ENL320,511144,2026-04-08,ENL320,16070343,129,880
08042026_ENL320,511145,2026-04-08,ENL320,16070343,129,880
09042026_ENL320,511144,2026-04-09,ENL320,16074743,311,311
09042026_ENL320,511145,2026-04-09,ENL320,16074743,311,311
09042026_ENL320,511144,2026-04-09,ENL320,16075215,342,300
09042026_ENL320,511145,2026-04-09,ENL320,16075215,342,300
09042026_ENL320,511144,2026-04-09,ENL320,16074984,342,300
09042026_ENL320,511145,2026-04-09,ENL320,16074984,342,300
09042026_ENL320,511144,2026-04-09,ENL320,16075624,311,440
09042026_ENL320,511145,2026-04-09,ENL320,16075624,311,440
11042026_ENL320,511145,2026-04-11,ENL320,16082154,311,440
11042026_ENL320,511144,2026-04-11,ENL320,16082154,311,440
11042026_ENL320,511145,2026-04-11,ENL320,16082986,342,300
11042026_ENL320,511144,2026-04-11,ENL320,16082986,342,300
11042026_ENL320,511145,2026-04-11,ENL320,16083069,342,300
11042026_ENL320,511144,2026-04-11,ENL320,16083069,342,300
11042026_ENL320,511145,2026-04-11,ENL320,16083188,311,460
11042026_ENL320,511144,2026-04-11,ENL320,16083188,311,460
13042026_ENL320,511144,2026-04-13,ENL320,16090278,342,300
13042026_ENL320,511145,2026-04-13,ENL320,16090278,342,300
13042026_ENL320,511144,2026-04-13,ENL320,16090272,312,300
13042026_ENL320,511145,2026-04-13,ENL320,16090272,312,300
13042026_ENL320,511144,2026-04-13,ENL320,16091037,301,440
13042026_ENL320,511145,2026-04-13,ENL320,16091037,301,440
14042026_ENL320,511144,2026-04-14,ENL320,16094465,342,300
14042026_ENL320,511145,2026-04-14,ENL320,16094465,342,300
14042026_ENL320,511144,2026-04-14,ENL320,16094372,201,490
14042026_ENL320,511145,2026-04-14,ENL320,16094372,201,490
14042026_ENL320,511144,2026-04-14,ENL320,16094954,311,300
14042026_ENL320,511145,2026-04-14,ENL320,16094954,311,300
14042026_ENL320,511144,2026-04-14,ENL320,16095456,311,440
14042026_ENL320,511145,2026-04-14,ENL320,16095456,311,440
15042026_ENL320,311891,2026-04-15,ENL320,16097230,301,311
15042026_ENL320,1112834,2026-04-15,ENL320,16097230,301,311
15042026_ENL320,311891,2026-04-15,ENL320,16098779,799,897
15042026_ENL320,1112834,2026-04-15,ENL320,16098779,799,897
16042026_ENL320,1112814,2026-04-16,ENL320,16101309,341,300
16042026_ENL320,311955,2026-04-16,ENL320,16101309,341,300
16042026_ENL320,1112814,2026-04-16,ENL320,16102767,311,620
16042026_ENL320,311955,2026-04-16,ENL320,16102767,311,620
16042026_ENL320,1112814,2026-04-16,ENL320,16103255,311,490
16042026_ENL320,311955,2026-04-16,ENL320,16103255,311,490
18042026_ENL320,511144,2026-04-18,ENL320,16085672,799,897
18042026_ENL320,511145,2026-04-18,ENL320,16085672,799,897
18042026_ENL320,511144,2026-04-18,ENL320,16064535,799,897
18042026_ENL320,511145,2026-04-18,ENL320,16064535,799,897
18042026_ENL320,511144,2026-04-18,ENL320,16111052,799,899
18042026_ENL320,511145,2026-04-18,ENL320,16111052,799,899
20042026_ENL320,311891,2026-04-20,ENL320,16116412,201,300
20042026_ENL320,1112834,2026-04-20,ENL320,16116412,201,300
20042026_ENL320,311891,2026-04-20,ENL320,16116845,311,490
20042026_ENL320,1112834,2026-04-20,ENL320,16116845,311,490
20042026_ENL320,311891,2026-04-20,ENL320,16117094,312,300
20042026_ENL320,1112834,2026-04-20,ENL320,16117094,312,300
21042026_ENL320,311891,2026-04-21,ENL320,16119549,311,180
21042026_ENL320,1112834,2026-04-21,ENL320,16119549,311,180
21042026_ENL320,311891,2026-04-21,ENL320,16119696,126,880
21042026_ENL320,1112834,2026-04-21,ENL320,16119696,126,880
21042026_ENL320,311891,2026-04-21,ENL320,16120586,312,300
21042026_ENL320,1112834,2026-04-21,ENL320,16120586,312,300
24042026_ENL320,511144,2026-04-24,ENL320,16130873,311,300
24042026_ENL320,511145,2026-04-24,ENL320,16130873,311,300
24042026_ENL320,511144,2026-04-24,ENL320,16131838,311,300
24042026_ENL320,511145,2026-04-24,ENL320,16131838,311,300
26042026_ENL320,311891,2026-04-26,ENL320,16136517,799,897
26042026_ENL320,1112834,2026-04-26,ENL320,16136517,799,897
26042026_ENL320,311891,2026-04-26,ENL320,15655028,799,899
26042026_ENL320,1112834,2026-04-26,ENL320,15655028,799,899
26042026_ENL320,311891,2026-04-26,ENL320,16138153,342,300
26042026_ENL320,1112834,2026-04-26,ENL320,16138153,342,300
27042026_ENL320,311891,2026-04-27,ENL320,16140357,312,300
27042026_ENL320,1112834,2026-04-27,ENL320,16140357,312,300
27042026_ENL320,311891,2026-04-27,ENL320,16141817,342,300
27042026_ENL320,1112834,2026-04-27,ENL320,16141817,342,300
27042026_ENL320,311891,2026-04-27,ENL320,16142411,201,490
27042026_ENL320,1112834,2026-04-27,ENL320,16142411,201,490
27042026_ENL320,311891,2026-04-27,ENL320,16142497,104,890
27042026_ENL320,1112834,2026-04-27,ENL320,16142497,104,890
28042026_ENL320,311891,2026-04-28,ENL320,16147106,799,899
28042026_ENL320,51612,2026-04-28,ENL320,16147106,799,899
28042026_ENL320,311891,2026-04-28,ENL320,16147322,311,311
28042026_ENL320,51612,2026-04-28,ENL320,16147322,311,311
28042026_ENL320,311891,2026-04-28,ENL320,16147420,312,300
28042026_ENL320,51612,2026-04-28,ENL320,16147420,312,300
29042026_ENL320,1112789,2026-04-29,ENL320,16150369,301,490
29042026_ENL320,51616,2026-04-29,ENL320,16150369,301,490
29042026_ENL320,1112789,2026-04-29,ENL320,16150817,331,300
29042026_ENL320,51616,2026-04-29,ENL320,16150817,331,300
29042026_ENL320,1112789,2026-04-29,ENL320,16151093,331,300
29042026_ENL320,51616,2026-04-29,ENL320,16151093,331,300
29042026_ENL320,1112789,2026-04-29,ENL320,16150823,331,300
29042026_ENL320,51616,2026-04-29,ENL320,16150823,331,300
30042026_ENL320,511145,2026-04-30,ENL320,16154907,311,440
30042026_ENL320,511144,2026-04-30,ENL320,16154907,311,440
30042026_ENL320,511145,2026-04-30,ENL320,16155994,104,440
30042026_ENL320,511144,2026-04-30,ENL320,16155994,104,440
30042026_ENL320,511145,2026-04-30,ENL320,16156623,341,300
30042026_ENL320,511144,2026-04-30,ENL320,16156623,341,300
30042026_ENL320,511145,2026-04-30,ENL320,16157253,342,300
30042026_ENL320,511144,2026-04-30,ENL320,16157253,342,300
04042026_ENL319,511994,2026-04-04,ENL319,16031664,799,897
04042026_ENL319,511995,2026-04-04,ENL319,16031664,799,897
05042026_ENL319,511994,2026-04-05,ENL319,16056737,311,620
05042026_ENL319,511995,2026-04-05,ENL319,16056737,311,620
14042026_ENL319,511994,2026-04-14,ENL319,16092332,311,490
14042026_ENL319,511995,2026-04-14,ENL319,16092332,311,490
14042026_ENL319,511994,2026-04-14,ENL319,16094104,341,443
14042026_ENL319,511995,2026-04-14,ENL319,16094104,341,443
16042026_ENL319,511994,2026-04-16,ENL319,16101363,341,490
16042026_ENL319,511995,2026-04-16,ENL319,16101363,341,490
16042026_ENL319,511994,2026-04-16,ENL319,16101985,341,490
16042026_ENL319,511995,2026-04-16,ENL319,16101985,341,490
29042026_ENL319,511995,2026-04-29,ENL319,16150917,341,443
29042026_ENL319,511994,2026-04-29,ENL319,16150917,341,443
29042026_ENL319,511995,2026-04-29,ENL319,16151217,341,302
29042026_ENL319,511994,2026-04-29,ENL319,16151217,341,302
02042026_ENL317,511144,2026-04-02,ENL317,16047372,342,300
02042026_ENL317,511145,2026-04-02,ENL317,16047372,342,300
02042026_ENL317,511144,2026-04-02,ENL317,16047653,311,300
02042026_ENL317,511145,2026-04-02,ENL317,16047653,311,300
02042026_ENL317,511144,2026-04-02,ENL317,16048181,342,300
02042026_ENL317,511145,2026-04-02,ENL317,16048181,342,300
02042026_ENL317,511144,2026-04-02,ENL317,16048307,341,300
02042026_ENL317,511145,2026-04-02,ENL317,16048307,341,300
04042026_ENL317,51623,2026-04-04,ENL317,16052973,799,897
04042026_ENL317,1112730,2026-04-04,ENL317,16052973,799,897
04042026_ENL317,51623,2026-04-04,ENL317,16054095,799,897
04042026_ENL317,1112730,2026-04-04,ENL317,16054095,799,897
04042026_ENL317,51623,2026-04-04,ENL317,16054258,311,490
04042026_ENL317,1112730,2026-04-04,ENL317,16054258,311,490
05042026_ENL317,1112730,2026-04-05,ENL317,16056656,799,899
05042026_ENL317,51623,2026-04-05,ENL317,16056656,799,899
05042026_ENL317,1112730,2026-04-05,ENL317,16056982,799,897
05042026_ENL317,51623,2026-04-05,ENL317,16056982,799,897
06042026_ENL317,511167,2026-04-06,ENL317,16059762,799,897
06042026_ENL317,511170,2026-04-06,ENL317,16059762,799,897
06042026_ENL317,511167,2026-04-06,ENL317,16059750,342,300
06042026_ENL317,511170,2026-04-06,ENL317,16059750,342,300
06042026_ENL317,511167,2026-04-06,ENL317,16059799,799,897
06042026_ENL317,511170,2026-04-06,ENL317,16059799,799,897
06042026_ENL317,511167,2026-04-06,ENL317,16060293,128,300
06042026_ENL317,511170,2026-04-06,ENL317,16060293,128,300
06042026_ENL317,511167,2026-04-06,ENL317,16061103,342,300
06042026_ENL317,511170,2026-04-06,ENL317,16061103,342,300
07042026_ENL317,511167,2026-04-07,ENL317,16064007,311,300
07042026_ENL317,511170,2026-04-07,ENL317,16064007,311,300
07042026_ENL317,511167,2026-04-07,ENL317,16065031,311,300
07042026_ENL317,511170,2026-04-07,ENL317,16065031,311,300
07042026_ENL317,511167,2026-04-07,ENL317,16065065,342,300
07042026_ENL317,511170,2026-04-07,ENL317,16065065,342,300
09042026_ENL317,511994,2026-04-09,ENL317,16073452,311,490
09042026_ENL317,511995,2026-04-09,ENL317,16073452,311,490
09042026_ENL317,511994,2026-04-09,ENL317,16075008,311,490
09042026_ENL317,511995,2026-04-09,ENL317,16075008,311,490
10042026_ENL317,511994,2026-04-10,ENL317,16077995,127,880
10042026_ENL317,511995,2026-04-10,ENL317,16077995,127,880
10042026_ENL317,511994,2026-04-10,ENL317,16078022,341,443
10042026_ENL317,511995,2026-04-10,ENL317,16078022,341,443
10042026_ENL317,511994,2026-04-10,ENL317,16078811,341,490
10042026_ENL317,511995,2026-04-10,ENL317,16078811,341,490
10042026_ENL317,511994,2026-04-10,ENL317,16079076,341,443
10042026_ENL317,511995,2026-04-10,ENL317,16079076,341,443
12042026_ENL317,511111,2026-04-12,ENL317,16077974,799,897
12042026_ENL317,511145,2026-04-12,ENL317,16077974,799,897
12042026_ENL317,511111,2026-04-12,ENL317,16085934,311,620
12042026_ENL317,511145,2026-04-12,ENL317,16085934,311,620
17042026_ENL317,511111,2026-04-17,ENL317,16106451,341,300
17042026_ENL317,511168,2026-04-17,ENL317,16106451,341,300
17042026_ENL317,511111,2026-04-17,ENL317,16108256,312,325
17042026_ENL317,511168,2026-04-17,ENL317,16108256,312,325
25042026_ENL317,511111,2026-04-25,ENL317,16134429,343,300
25042026_ENL317,511168,2026-04-25,ENL317,16134429,343,300
25042026_ENL317,511111,2026-04-25,ENL317,16134948,311,490
25042026_ENL317,511168,2026-04-25,ENL317,16134948,311,490
25042026_ENL317,511111,2026-04-25,ENL317,16135389,311,490
25042026_ENL317,511168,2026-04-25,ENL317,16135389,311,490
27042026_ENL317,311432,2026-04-27,ENL317,16140603,341,440
27042026_ENL317,311432,2026-04-27,ENL317,16141088,311,490
27042026_ENL317,311432,2026-04-27,ENL317,16140847,104,890
27042026_ENL317,311432,2026-04-27,ENL317,16141841,341,300
28042026_ENL317,311432,2026-04-28,ENL317,16145728,341,490
12042026_ENL316,311380,2026-04-12,ENL316,16077002,799,897
12042026_ENL316,511110,2026-04-12,ENL316,16077002,799,897
12042026_ENL316,311380,2026-04-12,ENL316,16084622,311,620
12042026_ENL316,511110,2026-04-12,ENL316,16084622,311,620
12042026_ENL316,311380,2026-04-12,ENL316,16085417,341,620
12042026_ENL316,511110,2026-04-12,ENL316,16085417,341,620
12042026_ENL315,311410,2026-04-12,ENL315,16076844,799,897
12042026_ENL315,31485,2026-04-12,ENL315,16076844,799,897
12042026_ENL315,311410,2026-04-12,ENL315,16084437,341,440
12042026_ENL315,31485,2026-04-12,ENL315,16084437,341,440
12042026_ENL315,311410,2026-04-12,ENL315,16072477,799,897
12042026_ENL315,31485,2026-04-12,ENL315,16072477,799,897
12042026_ENL315,311410,2026-04-12,ENL315,16085036,341,300
12042026_ENL315,31485,2026-04-12,ENL315,16085036,341,300
12042026_ENL315,311410,2026-04-12,ENL315,16085747,799,897
12042026_ENL315,31485,2026-04-12,ENL315,16085747,799,897
05042026_ENL314,512046,2026-04-05,ENL314,16054639,799,897
05042026_ENL314,512049,2026-04-05,ENL314,16054639,799,897
05042026_ENL314,512046,2026-04-05,ENL314,16055630,799,897
05042026_ENL314,512049,2026-04-05,ENL314,16055630,799,897
05042026_ENL314,512046,2026-04-05,ENL314,16055905,799,897
05042026_ENL314,512049,2026-04-05,ENL314,16055905,799,897
05042026_ENL314,512046,2026-04-05,ENL314,16056297,799,897
05042026_ENL314,512049,2026-04-05,ENL314,16056297,799,897
12042026_ENL314,311909,2026-04-12,ENL314,16076582,799,897
12042026_ENL314,311810,2026-04-12,ENL314,16076582,799,897
12042026_ENL314,311909,2026-04-12,ENL314,16073728,799,897
12042026_ENL314,311810,2026-04-12,ENL314,16073728,799,897
12042026_ENL314,311909,2026-04-12,ENL314,16085142,311,20
12042026_ENL314,311810,2026-04-12,ENL314,16085142,311,20
18042026_ENL314,311826,2026-04-18,ENL314,16109040,341,440
18042026_ENL314,512050,2026-04-18,ENL314,16109040,341,440
18042026_ENL314,311826,2026-04-18,ENL314,16109463,311,620
18042026_ENL314,512050,2026-04-18,ENL314,16109463,311,620
18042026_ENL314,311826,2026-04-18,ENL314,16109837,311,620
18042026_ENL314,512050,2026-04-18,ENL314,16109837,311,620
18042026_ENL314,311826,2026-04-18,ENL314,16110212,311,300
18042026_ENL314,512050,2026-04-18,ENL314,16110212,311,300
25042026_ENL314,311594,2026-04-25,ENL314,16131222,799,897
25042026_ENL314,311632,2026-04-25,ENL314,16131222,799,897
25042026_ENL314,311594,2026-04-25,ENL314,16130696,799,897
25042026_ENL314,311632,2026-04-25,ENL314,16130696,799,897
25042026_ENL314,311594,2026-04-25,ENL314,16133705,311,620
25042026_ENL314,311632,2026-04-25,ENL314,16133705,311,620
25042026_ENL314,311594,2026-04-25,ENL314,16134217,311,620
25042026_ENL314,311632,2026-04-25,ENL314,16134217,311,620
05042026_ENL313,512043,2026-04-05,ENL313,16054746,799,897
05042026_ENL313,512047,2026-04-05,ENL313,16054746,799,897
05042026_ENL313,512043,2026-04-05,ENL313,16055623,799,899
05042026_ENL313,512047,2026-04-05,ENL313,16055623,799,899
05042026_ENL313,512043,2026-04-05,ENL313,16055645,799,897
05042026_ENL313,512047,2026-04-05,ENL313,16055645,799,897
05042026_ENL313,512043,2026-04-05,ENL313,16055940,799,897
05042026_ENL313,512047,2026-04-05,ENL313,16055940,799,897
05042026_ENL313,512043,2026-04-05,ENL313,16056660,799,899
05042026_ENL313,512047,2026-04-05,ENL313,16056660,799,899
25042026_ENL313,,2026-04-25,ENL313,16131215,799,897
05042026_ENL312,1112262,2026-04-05,ENL312,16054512,799,897
05042026_ENL312,311826,2026-04-05,ENL312,16054512,799,897
05042026_ENL312,1112262,2026-04-05,ENL312,16054718,799,897
05042026_ENL312,311826,2026-04-05,ENL312,16054718,799,897
05042026_ENL312,1112262,2026-04-05,ENL312,16055911,799,897
05042026_ENL312,311826,2026-04-05,ENL312,16055911,799,897
05042026_ENL312,1112262,2026-04-05,ENL312,16055916,799,897
05042026_ENL312,311826,2026-04-05,ENL312,16055916,799,897
05042026_ENL312,1112262,2026-04-05,ENL312,16056667,799,897
05042026_ENL312,311826,2026-04-05,ENL312,16056667,799,897
12042026_ENL312,311603,2026-04-12,ENL312,16077022,799,897
12042026_ENL312,311826,2026-04-12,ENL312,16077022,799,897
12042026_ENL312,311603,2026-04-12,ENL312,16084426,129,880
12042026_ENL312,311826,2026-04-12,ENL312,16084426,129,880
12042026_ENL312,311603,2026-04-12,ENL312,16076538,799,897
12042026_ENL312,311826,2026-04-12,ENL312,16076538,799,897
12042026_ENL312,311603,2026-04-12,ENL312,16084775,341,300
12042026_ENL312,311826,2026-04-12,ENL312,16084775,341,300
18042026_ENL312,31510,2026-04-18,ENL312,16108703,311,440
18042026_ENL312,311712,2026-04-18,ENL312,16108703,311,440
18042026_ENL312,311854,2026-04-18,ENL312,16108703,311,440
18042026_ENL312,31510,2026-04-18,ENL312,16109340,311,620
18042026_ENL312,311712,2026-04-18,ENL312,16109340,311,620
18042026_ENL312,311854,2026-04-18,ENL312,16109340,311,620
18042026_ENL312,31510,2026-04-18,ENL312,16097698,799,897
18042026_ENL312,311712,2026-04-18,ENL312,16097698,799,897
18042026_ENL312,311854,2026-04-18,ENL312,16097698,799,897
18042026_ENL312,31510,2026-04-18,ENL312,16096927,799,897
18042026_ENL312,311712,2026-04-18,ENL312,16096927,799,897
18042026_ENL312,311854,2026-04-18,ENL312,16096927,799,897
18042026_ENL312,31510,2026-04-18,ENL312,16109959,343,171
18042026_ENL312,311712,2026-04-18,ENL312,16109959,343,171
18042026_ENL312,311854,2026-04-18,ENL312,16109959,343,171
21042026_ENL312,311451,2026-04-21,ENL312,16031206,799,897
21042026_ENL312,311430,2026-04-21,ENL312,16031206,799,897
21042026_ENL312,311451,2026-04-21,ENL312,16062917,799,897
21042026_ENL312,311430,2026-04-21,ENL312,16062917,799,897
21042026_ENL312,311451,2026-04-21,ENL312,16118616,341,180
21042026_ENL312,311430,2026-04-21,ENL312,16118616,341,180
25042026_ENL312,,2026-04-25,ENL312,16133175,312,10
07042026_ENL304,311702,2026-04-07,ENL304,16062955,129,880
07042026_ENL304,1112652,2026-04-07,ENL304,16062955,129,880
07042026_ENL304,311702,2026-04-07,ENL304,16062955,129,880
07042026_ENL304,1112652,2026-04-07,ENL304,16062955,129,880
07042026_ENL304,311702,2026-04-07,ENL304,16062955,129,880
07042026_ENL304,1112652,2026-04-07,ENL304,16062955,129,880
07042026_ENL304,311702,2026-04-07,ENL304,16064846,311,440
07042026_ENL304,1112652,2026-04-07,ENL304,16064846,311,440
11042026_ENL302,511112,2026-04-11,ENL302,16080104,341,440
11042026_ENL302,511113,2026-04-11,ENL302,16080104,341,440
11042026_ENL302,511112,2026-04-11,ENL302,16080655,341,440
11042026_ENL302,511113,2026-04-11,ENL302,16080655,341,440
11042026_ENL302,511112,2026-04-11,ENL302,16081142,341,440
11042026_ENL302,511113,2026-04-11,ENL302,16081142,341,440
11042026_ENL302,511112,2026-04-11,ENL302,16081209,311,490
11042026_ENL302,511113,2026-04-11,ENL302,16081209,311,490
11042026_ENL301,511109,2026-04-11,ENL301,16080487,341,300
11042026_ENL301,511171,2026-04-11,ENL301,16080487,341,300
11042026_ENL301,511109,2026-04-11,ENL301,16080751,341,490
11042026_ENL301,511171,2026-04-11,ENL301,16080751,341,490
11042026_ENL301,511109,2026-04-11,ENL301,16081047,311,300
11042026_ENL301,511171,2026-04-11,ENL301,16081047,311,300
11042026_ENL301,511109,2026-04-11,ENL301,16081652,341,620
11042026_ENL301,511171,2026-04-11,ENL301,16081652,341,620
12042026_ENL301,511109,2026-04-12,ENL301,16077028,799,899
12042026_ENL301,511171,2026-04-12,ENL301,16077028,799,899
12042026_ENL301,511109,2026-04-12,ENL301,16076916,799,899
12042026_ENL301,511171,2026-04-12,ENL301,16076916,799,899
12042026_ENL301,511109,2026-04-12,ENL301,16084433,341,620
12042026_ENL301,511171,2026-04-12,ENL301,16084433,341,620
12042026_ENL301,511109,2026-04-12,ENL301,16084786,341,620
12042026_ENL301,511171,2026-04-12,ENL301,16084786,341,620
12042026_ENL301,511109,2026-04-12,ENL301,16063586,799,897
12042026_ENL301,511171,2026-04-12,ENL301,16063586,799,897
14042026_ENL301,311391,2026-04-14,ENL301,16091670,343,620
14042026_ENL301,311391,2026-04-14,ENL301,16062723,799,897
14042026_ENL301,311391,2026-04-14,ENL301,16092181,342,300
14042026_ENL301,311391,2026-04-14,ENL301,16092309,341,300
14042026_ENL301,311391,2026-04-14,ENL301,16092571,342,300
14042026_ENL301,311391,2026-04-14,ENL301,16093024,311,440
15042026_ENL301,511112,2026-04-15,ENL301,16096656,311,440
15042026_ENL301,511113,2026-04-15,ENL301,16096656,311,440
15042026_ENL301,511112,2026-04-15,ENL301,16097710,321,490
15042026_ENL301,511113,2026-04-15,ENL301,16097710,321,490
16042026_ENL301,511112,2026-04-16,ENL301,16100601,799,897
16042026_ENL301,511113,2026-04-16,ENL301,16100601,799,897
17042026_ENL301,511112,2026-04-17,ENL301,16103844,343,440
17042026_ENL301,511113,2026-04-17,ENL301,16103844,343,440
17042026_ENL301,511112,2026-04-17,ENL301,16103844,343,440
17042026_ENL301,511113,2026-04-17,ENL301,16103844,343,440
17042026_ENL301,511112,2026-04-17,ENL301,16105082,311,440
17042026_ENL301,511113,2026-04-17,ENL301,16105082,311,440
17042026_ENL301,511112,2026-04-17,ENL301,16105454,341,440
17042026_ENL301,511113,2026-04-17,ENL301,16105454,341,440
17042026_ENL301,511112,2026-04-17,ENL301,16106853,311,440
17042026_ENL301,511113,2026-04-17,ENL301,16106853,311,440
20042026_ENL301,511112,2026-04-20,ENL301,16003283,799,897
20042026_ENL301,511113,2026-04-20,ENL301,16003283,799,897
20042026_ENL301,511112,2026-04-20,ENL301,16114808,311,440
20042026_ENL301,511113,2026-04-20,ENL301,16114808,311,440
20042026_ENL301,511112,2026-04-20,ENL301,16114976,341,440
20042026_ENL301,511113,2026-04-20,ENL301,16114976,341,440
20042026_ENL301,511112,2026-04-20,ENL301,15575379,799,897
20042026_ENL301,511113,2026-04-20,ENL301,15575379,799,897
20042026_ENL301,511112,2026-04-20,ENL301,16115295,321,490
20042026_ENL301,511113,2026-04-20,ENL301,16115295,321,490
21042026_ENL301,511112,2026-04-21,ENL301,16115077,799,899
21042026_ENL301,511113,2026-04-21,ENL301,16115077,799,899
21042026_ENL301,511112,2026-04-21,ENL301,15782854,799,899
21042026_ENL301,511113,2026-04-21,ENL301,15782854,799,899
21042026_ENL301,511112,2026-04-21,ENL301,15784137,799,897
21042026_ENL301,511113,2026-04-21,ENL301,15784137,799,897
21042026_ENL301,511112,2026-04-21,ENL301,16063749,799,899
21042026_ENL301,511113,2026-04-21,ENL301,16063749,799,899
21042026_ENL301,511112,2026-04-21,ENL301,16063590,799,897
21042026_ENL301,511113,2026-04-21,ENL301,16063590,799,897
22042026_ENL301,511112,2026-04-22,ENL301,16114669,799,899
22042026_ENL301,511113,2026-04-22,ENL301,16114669,799,899
22042026_ENL301,511112,2026-04-22,ENL301,16064029,799,899
22042026_ENL301,511113,2026-04-22,ENL301,16064029,799,899
22042026_ENL301,511112,2026-04-22,ENL301,16121503,341,440
22042026_ENL301,511113,2026-04-22,ENL301,16121503,341,440
22042026_ENL301,511112,2026-04-22,ENL301,16121618,311,440
22042026_ENL301,511113,2026-04-22,ENL301,16121618,311,440
22042026_ENL301,511112,2026-04-22,ENL301,16121765,301,440
22042026_ENL301,511113,2026-04-22,ENL301,16121765,301,440
23042026_ENL301,511112,2026-04-23,ENL301,16063070,799,899
23042026_ENL301,511113,2026-04-23,ENL301,16063070,799,899
23042026_ENL301,511112,2026-04-23,ENL301,16125403,799,899
23042026_ENL301,511113,2026-04-23,ENL301,16125403,799,899
23042026_ENL301,511112,2026-04-23,ENL301,16125507,799,899
23042026_ENL301,511113,2026-04-23,ENL301,16125507,799,899
23042026_ENL301,511112,2026-04-23,ENL301,16123826,311,440
23042026_ENL301,511113,2026-04-23,ENL301,16123826,311,440
23042026_ENL301,511112,2026-04-23,ENL301,16125912,341,440
23042026_ENL301,511113,2026-04-23,ENL301,16125912,341,440
17042026_ENL300,1112582,2026-04-17,ENL300,16105680,311,440
17042026_ENL300,311391,2026-04-17,ENL300,16105680,311,440
30042026_ENL300,31920,2026-04-30,ENL300,16154387,311,440
30042026_ENL300,1112652,2026-04-30,ENL300,16154387,311,440
30042026_ENL300,31920,2026-04-30,ENL300,16154445,341,620
30042026_ENL300,1112652,2026-04-30,ENL300,16154445,341,620
30042026_ENL300,31920,2026-04-30,ENL300,16154876,311,440
30042026_ENL300,1112652,2026-04-30,ENL300,16154876,311,440
09042026_ENL215,,2026-04-09,ENL215,16073076,799,897
09042026_ENL215,,2026-04-09,ENL215,16073677,201,490
02042026_ENL214,,2026-04-02,ENL214,16041362,321,490
05042026_ENL214,31215,2026-04-05,ENL214,16055605,799,897
05042026_ENL214,311688,2026-04-05,ENL214,16055605,799,897
05042026_ENL214,311902,2026-04-05,ENL214,16055605,799,897
05042026_ENL214,31215,2026-04-05,ENL214,16055868,104,890
05042026_ENL214,311688,2026-04-05,ENL214,16055868,104,890
05042026_ENL214,311902,2026-04-05,ENL214,16055868,104,890
05042026_ENL214,31215,2026-04-05,ENL214,16056881,799,897
05042026_ENL214,311688,2026-04-05,ENL214,16056881,799,897
05042026_ENL214,311902,2026-04-05,ENL214,16056881,799,897
07042026_ENL214,,2026-04-07,ENL214,16064020,301,620
08042026_ENL214,,2026-04-08,ENL214,16068460,311,180
09042026_ENL214,,2026-04-09,ENL214,16074153,311,311
02042026_ENL213,,2026-04-02,ENL213,16046594,311,490
04042026_ENL213,31435,2026-04-04,ENL213,16052600,799,897
04042026_ENL213,1112463,2026-04-04,ENL213,16052600,799,897
04042026_ENL213,31435,2026-04-04,ENL213,16053127,311,300
04042026_ENL213,1112463,2026-04-04,ENL213,16053127,311,300
07042026_ENL213,,2026-04-07,ENL213,16063831,311,300
07042026_ENL213,,2026-04-07,ENL213,16064294,104,890
08042026_ENL213,,2026-04-08,ENL213,16067833,311,460
08042026_ENL213,,2026-04-08,ENL213,16068847,311,460
09042026_ENL213,,2026-04-09,ENL213,16072549,201,20
09042026_ENL213,,2026-04-09,ENL213,16071711,311,300
09042026_ENL213,,2026-04-09,ENL213,16071429,301,460
10042026_ENL213,,2026-04-10,ENL213,16062668,799,897
10042026_ENL213,,2026-04-10,ENL213,16076744,343,490
10042026_ENL213,,2026-04-10,ENL213,16077691,799,897
10042026_ENL213,,2026-04-10,ENL213,16078409,201,180
11042026_ENL213,,2026-04-11,ENL213,16081023,201,490
14042026_ENL213,,2026-04-14,ENL213,16092332,311,490
14042026_ENL213,,2026-04-14,ENL213,16092937,311,490
03042026_ENL169,511161,2026-04-03,ENL169,16052009,799,897
03042026_ENL169,51651,2026-04-03,ENL169,16052009,799,897
03042026_ENL169,1112306,2026-04-03,ENL169,16052009,799,897
03042026_ENL169,511161,2026-04-03,ENL169,16052043,311,490
03042026_ENL169,51651,2026-04-03,ENL169,16052043,311,490
03042026_ENL169,1112306,2026-04-03,ENL169,16052043,311,490
03042026_ENL169,511161,2026-04-03,ENL169,16052018,341,300
03042026_ENL169,51651,2026-04-03,ENL169,16052018,341,300
03042026_ENL169,1112306,2026-04-03,ENL169,16052018,341,300
01042026_ENL168,311767,2026-04-01,ENL168,16044512,311,300
01042026_ENL168,1112531,2026-04-01,ENL168,16044512,311,300
02042026_ENL168,311767,2026-04-02,ENL168,16048976,312,325
02042026_ENL168,51651,2026-04-02,ENL168,16048976,312,325
02042026_ENL168,1112531,2026-04-02,ENL168,16048976,312,325
02042026_ENL168,311767,2026-04-02,ENL168,16048818,311,300
02042026_ENL168,51651,2026-04-02,ENL168,16048818,311,300
02042026_ENL168,1112531,2026-04-02,ENL168,16048818,311,300
02042026_ENL168,311767,2026-04-02,ENL168,16049120,311,300
02042026_ENL168,51651,2026-04-02,ENL168,16049120,311,300
02042026_ENL168,1112531,2026-04-02,ENL168,16049120,311,300
06042026_ENL168,1112531,2026-04-06,ENL168,16061631,301,440
06042026_ENL168,51651,2026-04-06,ENL168,16061631,301,440
06042026_ENL168,311767,2026-04-06,ENL168,16061631,301,440
06042026_ENL168,1112531,2026-04-06,ENL168,16061839,311,300
06042026_ENL168,51651,2026-04-06,ENL168,16061839,311,300
06042026_ENL168,311767,2026-04-06,ENL168,16061839,311,300
06042026_ENL168,1112531,2026-04-06,ENL168,16060192,201,300
06042026_ENL168,51651,2026-04-06,ENL168,16060192,201,300
06042026_ENL168,311767,2026-04-06,ENL168,16060192,201,300
20042026_ENL168,511134,2026-04-20,ENL168,16117971,799,897
20042026_ENL168,511125,2026-04-20,ENL168,16117971,799,897
29042026_ENL168,511125,2026-04-29,ENL168,16152785,311,490
29042026_ENL168,51650,2026-04-29,ENL168,16152785,311,490
29042026_ENL168,511134,2026-04-29,ENL168,16152785,311,490
29042026_ENL168,51406,2026-04-29,ENL168,16152785,311,490
01042026_ENL167,1112379,2026-04-01,ENL167,16044745,311,440
01042026_ENL167,1112360,2026-04-01,ENL167,16044745,311,440
08042026_ENL167,1112844,2026-04-08,ENL167,16071928,799,897
08042026_ENL167,1112844,2026-04-08,ENL167,16070746,312,10
09042026_ENL167,511125,2026-04-09,ENL167,16076046,331,325
09042026_ENL167,511125,2026-04-09,ENL167,16076160,381,343
30042026_ENL166,511101,2026-04-30,ENL166,16157875,311,440
08042026_ENL158,51409,2026-04-08,ENL158,16070222,301,440
08042026_ENL158,51409,2026-04-08,ENL158,16070826,301,180
16042026_ENL158,31927,2026-04-16,ENL158,16101535,201,490
16042026_ENL158,51409,2026-04-16,ENL158,16101535,201,490
20042026_ENL154,1112828,2026-04-20,ENL154,16116359,799,899
20042026_ENL154,1112799,2026-04-20,ENL154,16116359,799,899
20042026_ENL154,512166,2026-04-20,ENL154,16116359,799,899
29042026_ENL154,,2026-04-29,ENL154,16148815,311,311
29042026_ENL154,,2026-04-29,ENL154,16149499,311,440
29042026_ENL154,,2026-04-29,ENL154,16149648,301,490
12042026_ENL153,51404,2026-04-12,ENL153,16086735,121,343
28042026_ENL153,51404,2026-04-28,ENL153,16072572,799,897
17042026_ENL152,1112842,2026-04-17,ENL152,16107138,301,620
17042026_ENL152,511177,2026-04-17,ENL152,16107138,301,620
17042026_ENL152,1112804,2026-04-17,ENL152,16107138,301,620
20042026_ENL152,512110,2026-04-20,ENL152,16116118,799,897
20042026_ENL152,1112653,2026-04-20,ENL152,16116118,799,897
20042026_ENL152,512110,2026-04-20,ENL152,16116509,312,325
20042026_ENL152,1112653,2026-04-20,ENL152,16116509,312,325
21042026_ENL152,,2026-04-21,ENL152,16119075,799,897
21042026_ENL152,,2026-04-21,ENL152,16118968,331,325
21042026_ENL152,,2026-04-21,ENL152,16119588,343,440
22042026_ENL152,512110,2026-04-22,ENL152,16121765,301,440
22042026_ENL152,512110,2026-04-22,ENL152,16122931,129,880
22042026_ENL152,512110,2026-04-22,ENL152,16122415,311,180
23042026_ENL152,512110,2026-04-23,ENL152,16126716,311,300
23042026_ENL152,31812,2026-04-23,ENL152,16126716,311,300
23042026_ENL152,511132,2026-04-23,ENL152,16126716,311,300
23042026_ENL152,512110,2026-04-23,ENL152,16127152,311,440
23042026_ENL152,31812,2026-04-23,ENL152,16127152,311,440
23042026_ENL152,511132,2026-04-23,ENL152,16127152,311,440
23042026_ENL152,512110,2026-04-23,ENL152,16128295,201,490
23042026_ENL152,31812,2026-04-23,ENL152,16128295,201,490
23042026_ENL152,511132,2026-04-23,ENL152,16128295,201,490
25042026_ENL152,511132,2026-04-25,ENL152,16134150,312,300
25042026_ENL152,512110,2026-04-25,ENL152,16134150,312,300
25042026_ENL152,511132,2026-04-25,ENL152,16134921,342,300
25042026_ENL152,512110,2026-04-25,ENL152,16134921,342,300
25042026_ENL152,511132,2026-04-25,ENL152,16135740,799,897
25042026_ENL152,512110,2026-04-25,ENL152,16135740,799,897
26042026_ENL152,511132,2026-04-26,ENL152,16137001,301,490
26042026_ENL152,512110,2026-04-26,ENL152,16137001,301,490
30042026_ENL152,511080,2026-04-30,ENL152,16156177,341,620
30042026_ENL152,31812,2026-04-30,ENL152,16156177,341,620
30042026_ENL152,512110,2026-04-30,ENL152,16156177,341,620
04042026_ENL151,511080,2026-04-04,ENL151,16053549,343,490
04042026_ENL151,311665,2026-04-04,ENL151,16053549,343,490
05042026_ENL151,511080,2026-04-05,ENL151,16003816,799,897
05042026_ENL151,311665,2026-04-05,ENL151,16003816,799,897
06042026_ENL151,511080,2026-04-06,ENL151,16059811,311,440
06042026_ENL151,311665,2026-04-06,ENL151,16059811,311,440
06042026_ENL151,511080,2026-04-06,ENL151,16060010,311,180
06042026_ENL151,311665,2026-04-06,ENL151,16060010,311,180
06042026_ENL151,511080,2026-04-06,ENL151,16060770,343,440
06042026_ENL151,311665,2026-04-06,ENL151,16060770,343,440
15042026_ENL151,1112401,2026-04-15,ENL151,16097379,311,620
15042026_ENL151,311665,2026-04-15,ENL151,16097379,311,620
15042026_ENL151,1112401,2026-04-15,ENL151,16098338,311,490
15042026_ENL151,311665,2026-04-15,ENL151,16098338,311,490
15042026_ENL151,1112401,2026-04-15,ENL151,16099116,341,490
15042026_ENL151,311665,2026-04-15,ENL151,16099116,341,490
15042026_ENL151,1112401,2026-04-15,ENL151,16099337,311,490
15042026_ENL151,311665,2026-04-15,ENL151,16099337,311,490
20042026_ENL151,311612,2026-04-20,ENL151,16115796,201,440
20042026_ENL151,311612,2026-04-20,ENL151,16116296,311,620
20042026_ENL151,311612,2026-04-20,ENL151,16116887,301,180
21042026_ENL151,1112653,2026-04-21,ENL151,16118978,799,899
21042026_ENL151,1112653,2026-04-21,ENL151,16119432,799,897
21042026_ENL151,1112653,2026-04-21,ENL151,16119806,127,880
23042026_ENL151,311665,2026-04-23,ENL151,16126635,341,490
23042026_ENL151,511047,2026-04-23,ENL151,16126635,341,490
23042026_ENL151,311665,2026-04-23,ENL151,16126892,311,490
23042026_ENL151,511047,2026-04-23,ENL151,16126892,311,490
23042026_ENL151,311665,2026-04-23,ENL151,16127524,381,180
23042026_ENL151,511047,2026-04-23,ENL151,16127524,381,180
24042026_ENL151,311612,2026-04-24,ENL151,16130633,341,620
24042026_ENL151,311612,2026-04-24,ENL151,16130985,311,311
25042026_ENL151,311612,2026-04-25,ENL151,16134303,342,343
25042026_ENL151,311612,2026-04-25,ENL151,16134331,331,147
25042026_ENL151,311612,2026-04-25,ENL151,16135399,311,620
26042026_ENL151,311612,2026-04-26,ENL151,16136999,311,490
26042026_ENL151,311612,2026-04-26,ENL151,16104874,799,897
30042026_ENL151,311612,2026-04-30,ENL151,16153953,201,180
30042026_ENL151,311612,2026-04-30,ENL151,16155685,799,897
25042026_ENL149,311648,2026-04-25,ENL149,16135125,799,897
25042026_ENL149,1112623,2026-04-25,ENL149,16135125,799,897
03042026_ENL148,311619,2026-04-03,ENL148,16050039,799,897
03042026_ENL148,311612,2026-04-03,ENL148,16050039,799,897
03042026_ENL148,311619,2026-04-03,ENL148,16050898,342,343
03042026_ENL148,311612,2026-04-03,ENL148,16050898,342,343
03042026_ENL148,311619,2026-04-03,ENL148,15915870,799,897
03042026_ENL148,311612,2026-04-03,ENL148,15915870,799,897
04042026_ENL148,311619,2026-04-04,ENL148,16051853,799,897
04042026_ENL148,311619,2026-04-04,ENL148,16053631,799,897
04042026_ENL148,311619,2026-04-04,ENL148,16031655,799,897
04042026_ENL148,311619,2026-04-04,ENL148,16053995,799,897
04042026_ENL148,311619,2026-04-04,ENL148,16054472,201,490
05042026_ENL148,311619,2026-04-05,ENL148,16056167,799,897
05042026_ENL148,311619,2026-04-05,ENL148,16056229,799,897
05042026_ENL148,311619,2026-04-05,ENL148,16056990,799,897
10042026_ENL148,311612,2026-04-10,ENL148,16078409,201,180
10042026_ENL148,511051,2026-04-10,ENL148,16078409,201,180
14042026_ENL148,311612,2026-04-14,ENL148,16093321,311,620
15042026_ENL148,311612,2026-04-15,ENL148,16097012,312,300
15042026_ENL148,511051,2026-04-15,ENL148,16097012,312,300
20042026_ENL148,511051,2026-04-20,ENL148,16115990,311,440
25042026_ENL148,512009,2026-04-25,ENL148,16117552,799,897
25042026_ENL148,511051,2026-04-25,ENL148,16117552,799,897
26042026_ENL148,512009,2026-04-26,ENL148,16137004,311,490
26042026_ENL148,511051,2026-04-26,ENL148,16137004,311,490
26042026_ENL148,512009,2026-04-26,ENL148,16137351,799,897
26042026_ENL148,511051,2026-04-26,ENL148,16137351,799,897
30042026_ENL148,512009,2026-04-30,ENL148,16155131,301,300
30042026_ENL148,512003,2026-04-30,ENL148,16155131,301,300
30042026_ENL148,511051,2026-04-30,ENL148,16155131,301,300
30042026_ENL148,512009,2026-04-30,ENL148,16155892,343,440
30042026_ENL148,512003,2026-04-30,ENL148,16155892,343,440
30042026_ENL148,511051,2026-04-30,ENL148,16155892,343,440
17042026_ENL146,512166,2026-04-17,ENL146,16107172,341,460
17042026_ENL146,1112653,2026-04-17,ENL146,16107172,341,460
17042026_ENL146,512166,2026-04-17,ENL146,16107551,311,490
17042026_ENL146,1112653,2026-04-17,ENL146,16107551,311,490
17042026_ENL146,512166,2026-04-17,ENL146,16107960,311,490
17042026_ENL146,1112653,2026-04-17,ENL146,16107960,311,490
17042026_ENL146,512166,2026-04-17,ENL146,16107347,311,490
17042026_ENL146,1112653,2026-04-17,ENL146,16107347,311,490
22042026_ENL146,512166,2026-04-22,ENL146,16123173,311,311
22042026_ENL146,512131,2026-04-22,ENL146,16123173,311,311
22042026_ENL146,512166,2026-04-22,ENL146,16124176,799,897
22042026_ENL146,512131,2026-04-22,ENL146,16124176,799,897
22042026_ENL146,512166,2026-04-22,ENL146,16124565,799,897
22042026_ENL146,512131,2026-04-22,ENL146,16124565,799,897
23042026_ENL146,512166,2026-04-23,ENL146,16127168,312,200
23042026_ENL146,512131,2026-04-23,ENL146,16127168,312,200
23042026_ENL146,512166,2026-04-23,ENL146,16127514,311,490
23042026_ENL146,512131,2026-04-23,ENL146,16127514,311,490
23042026_ENL146,512166,2026-04-23,ENL146,16127714,201,490
23042026_ENL146,512131,2026-04-23,ENL146,16127714,201,490
04042026_ENL145,1112819,2026-04-04,ENL145,16053639,799,899
04042026_ENL145,1112799,2026-04-04,ENL145,16053639,799,899
04042026_ENL145,1112819,2026-04-04,ENL145,16053873,201,490
04042026_ENL145,1112799,2026-04-04,ENL145,16053873,201,490
04042026_ENL145,1112819,2026-04-04,ENL145,16054533,331,981
04042026_ENL145,1112799,2026-04-04,ENL145,16054533,331,981
05042026_ENL145,1112799,2026-04-05,ENL145,16057046,799,897
05042026_ENL145,1112819,2026-04-05,ENL145,16057046,799,897
05042026_ENL145,1112799,2026-04-05,ENL145,16057363,342,343
05042026_ENL145,1112819,2026-04-05,ENL145,16057363,342,343
05042026_ENL145,1112799,2026-04-05,ENL145,16057423,311,460
05042026_ENL145,1112819,2026-04-05,ENL145,16057423,311,460
09042026_ENL145,1112819,2026-04-09,ENL145,16074674,311,460
09042026_ENL145,1112799,2026-04-09,ENL145,16074674,311,460
09042026_ENL145,1112819,2026-04-09,ENL145,16074941,129,880
09042026_ENL145,1112799,2026-04-09,ENL145,16074941,129,880
09042026_ENL145,1112819,2026-04-09,ENL145,16074898,129,880
09042026_ENL145,1112799,2026-04-09,ENL145,16074898,129,880
09042026_ENL145,1112819,2026-04-09,ENL145,16075250,311,440
09042026_ENL145,1112799,2026-04-09,ENL145,16075250,311,440
10042026_ENL145,1112819,2026-04-10,ENL145,16078846,799,897
10042026_ENL145,1112799,2026-04-10,ENL145,16078846,799,897
10042026_ENL145,1112819,2026-04-10,ENL145,16079250,201,180
10042026_ENL145,1112799,2026-04-10,ENL145,16079250,201,180
10042026_ENL145,1112819,2026-04-10,ENL145,16079660,104,890
10042026_ENL145,1112799,2026-04-10,ENL145,16079660,104,890
15042026_ENL145,1112819,2026-04-15,ENL145,16097230,301,311
16042026_ENL145,1112819,2026-04-16,ENL145,16101392,341,300
16042026_ENL145,1112819,2026-04-16,ENL145,16103231,311,490
16042026_ENL145,1112819,2026-04-16,ENL145,16103894,201,311
16042026_ENL145,1112819,2026-04-16,ENL145,16104162,311,490
21042026_ENL145,1112799,2026-04-21,ENL145,16119469,799,899
21042026_ENL145,1112799,2026-04-21,ENL145,16119603,341,300
21042026_ENL145,1112799,2026-04-21,ENL145,16119775,311,440
21042026_ENL145,1112799,2026-04-21,ENL145,16120252,311,490
21042026_ENL145,1112799,2026-04-21,ENL145,16119977,341,620
25042026_ENL145,1112799,2026-04-25,ENL145,16131837,342,300
25042026_ENL145,1112799,2026-04-25,ENL145,16134839,341,300
25042026_ENL145,1112799,2026-04-25,ENL145,16135155,342,300
25042026_ENL145,1112799,2026-04-25,ENL145,16135384,311,440
26042026_ENL145,1112799,2026-04-26,ENL145,16136995,341,300
26042026_ENL145,1112799,2026-04-26,ENL145,16137727,311,180
26042026_ENL145,1112799,2026-04-26,ENL145,16138153,342,300
29042026_ENL145,1112799,2026-04-29,ENL145,16150318,127,880
29042026_ENL145,1112819,2026-04-29,ENL145,16150318,127,880
29042026_ENL145,1112799,2026-04-29,ENL145,16151064,312,300
29042026_ENL145,1112819,2026-04-29,ENL145,16151064,312,300
29042026_ENL145,1112799,2026-04-29,ENL145,16151945,381,880
29042026_ENL145,1112819,2026-04-29,ENL145,16151945,381,880
30042026_ENL145,1112819,2026-04-30,ENL145,16155815,301,200
30042026_ENL145,1112799,2026-04-30,ENL145,16155815,301,200
30042026_ENL145,1112819,2026-04-30,ENL145,16156168,341,300
30042026_ENL145,1112799,2026-04-30,ENL145,16156168,341,300
30042026_ENL145,1112819,2026-04-30,ENL145,16155390,342,300
30042026_ENL145,1112799,2026-04-30,ENL145,16155390,342,300
30042026_ENL145,1112819,2026-04-30,ENL145,16155558,342,300
30042026_ENL145,1112799,2026-04-30,ENL145,16155558,342,300
30042026_ENL145,1112819,2026-04-30,ENL145,16156160,342,300
30042026_ENL145,1112799,2026-04-30,ENL145,16156160,342,300
03042026_ENL144,,2026-04-03,ENL144,15965984,799,897
30042026_ENL144,51410,2026-04-30,ENL144,16155191,121,343
30042026_ENL144,1112605,2026-04-30,ENL144,16155191,121,343
30042026_ENL144,51410,2026-04-30,ENL144,16156733,311,620
30042026_ENL144,1112605,2026-04-30,ENL144,16156733,311,620
30042026_ENL144,51410,2026-04-30,ENL144,16156496,341,300
30042026_ENL144,1112605,2026-04-30,ENL144,16156496,341,300
28042026_ENL143,31895,2026-04-28,ENL143,16145203,311,620
28042026_ENL143,511100,2026-04-28,ENL143,16145203,311,620
28042026_ENL143,31895,2026-04-28,ENL143,16119091,799,897
28042026_ENL143,511100,2026-04-28,ENL143,16119091,799,897
28042026_ENL143,31895,2026-04-28,ENL143,16145089,381,180
28042026_ENL143,511100,2026-04-28,ENL143,16145089,381,180
28042026_ENL143,31895,2026-04-28,ENL143,16147486,342,300
28042026_ENL143,511100,2026-04-28,ENL143,16147486,342,300
09042026_ENL114,311702,2026-04-09,ENL114,16073060,301,620
09042026_ENL114,1112652,2026-04-09,ENL114,16073060,301,620
09042026_ENL114,311702,2026-04-09,ENL114,16073311,311,440
09042026_ENL114,1112652,2026-04-09,ENL114,16073311,311,440
09042026_ENL114,311702,2026-04-09,ENL114,16074553,341,440
09042026_ENL114,1112652,2026-04-09,ENL114,16074553,341,440
28042026_ENL114,311114,2026-04-28,ENL114,16145083,311,440
28042026_ENL114,31122,2026-04-28,ENL114,16145083,311,440
28042026_ENL114,51596,2026-04-28,ENL114,16145083,311,440
02042026_ENL113,511045,2026-04-02,ENL113,16045791,201,490
02042026_ENL113,51652,2026-04-02,ENL113,16045791,201,490
02042026_ENL113,511045,2026-04-02,ENL113,16046561,311,620
02042026_ENL113,51652,2026-04-02,ENL113,16046561,311,620
02042026_ENL113,511045,2026-04-02,ENL113,16047525,312,343
02042026_ENL113,51652,2026-04-02,ENL113,16047525,312,343
04042026_ENL113,51652,2026-04-04,ENL113,16052968,799,897
04042026_ENL113,511045,2026-04-04,ENL113,16052968,799,897
04042026_ENL113,51652,2026-04-04,ENL113,16052962,799,897
04042026_ENL113,511045,2026-04-04,ENL113,16052962,799,897
04042026_ENL113,51652,2026-04-04,ENL113,16052989,799,897
04042026_ENL113,511045,2026-04-04,ENL113,16052989,799,897
04042026_ENL113,51652,2026-04-04,ENL113,16053573,341,300
04042026_ENL113,511045,2026-04-04,ENL113,16053573,341,300
04042026_ENL113,51652,2026-04-04,ENL113,16053724,311,620
04042026_ENL113,511045,2026-04-04,ENL113,16053724,311,620
05042026_ENL113,51652,2026-04-05,ENL113,16055712,311,300
05042026_ENL113,511045,2026-04-05,ENL113,16055712,311,300
05042026_ENL113,51652,2026-04-05,ENL113,16056888,799,897
05042026_ENL113,511045,2026-04-05,ENL113,16056888,799,897
06042026_ENL113,511045,2026-04-06,ENL113,16058830,341,300
06042026_ENL113,51652,2026-04-06,ENL113,16058830,341,300
06042026_ENL113,1112540,2026-04-06,ENL113,16058830,341,300
06042026_ENL113,511045,2026-04-06,ENL113,16058634,311,620
06042026_ENL113,51652,2026-04-06,ENL113,16058634,311,620
06042026_ENL113,1112540,2026-04-06,ENL113,16058634,311,620
06042026_ENL113,511045,2026-04-06,ENL113,16059357,301,490
06042026_ENL113,51652,2026-04-06,ENL113,16059357,301,490
06042026_ENL113,1112540,2026-04-06,ENL113,16059357,301,490
06042026_ENL113,511045,2026-04-06,ENL113,16060529,342,343
06042026_ENL113,51652,2026-04-06,ENL113,16060529,342,343
06042026_ENL113,1112540,2026-04-06,ENL113,16060529,342,343
07042026_ENL113,511045,2026-04-07,ENL113,16063322,331,180
07042026_ENL113,51652,2026-04-07,ENL113,16063322,331,180
07042026_ENL113,1112401,2026-04-07,ENL113,16063322,331,180
07042026_ENL113,511045,2026-04-07,ENL113,16063275,311,300
07042026_ENL113,51652,2026-04-07,ENL113,16063275,311,300
07042026_ENL113,1112401,2026-04-07,ENL113,16063275,311,300
07042026_ENL113,511045,2026-04-07,ENL113,16064403,201,200
07042026_ENL113,51652,2026-04-07,ENL113,16064403,201,200
07042026_ENL113,1112401,2026-04-07,ENL113,16064403,201,200
07042026_ENL113,511045,2026-04-07,ENL113,16064577,311,300
07042026_ENL113,51652,2026-04-07,ENL113,16064577,311,300
07042026_ENL113,1112401,2026-04-07,ENL113,16064577,311,300
12042026_ENL113,511045,2026-04-12,ENL113,16064227,799,897
12042026_ENL113,51652,2026-04-12,ENL113,16064227,799,897
12042026_ENL113,511045,2026-04-12,ENL113,16085251,331,180
12042026_ENL113,51652,2026-04-12,ENL113,16085251,331,180
12042026_ENL113,511045,2026-04-12,ENL113,16085280,799,897
12042026_ENL113,51652,2026-04-12,ENL113,16085280,799,897
07042026_ENL111,511050,2026-04-07,ENL111,16064333,301,180
07042026_ENL111,31920,2026-04-07,ENL111,16064333,301,180
18042026_ENL111,51615,2026-04-18,ENL111,16109624,311,325
18042026_ENL111,1112652,2026-04-18,ENL111,16109624,311,325
18042026_ENL111,31920,2026-04-18,ENL111,16109624,311,325
22042026_ENL111,51659,2026-04-22,ENL111,16118401,799,897
22042026_ENL111,31920,2026-04-22,ENL111,16118401,799,897
22042026_ENL111,1112652,2026-04-22,ENL111,16118401,799,897
06042026_ENL109,1112653,2026-04-06,ENL109,16058970,343,620
06042026_ENL109,1112526,2026-04-06,ENL109,16058970,343,620
06042026_ENL109,311028,2026-04-06,ENL109,16058970,343,620
24042026_ENL109,1112526,2026-04-24,ENL109,16129415,311,490
24042026_ENL109,311028,2026-04-24,ENL109,16129415,311,490
04042026_ENL108,31689,2026-04-04,ENL108,16031696,799,897
29042026_ENL104,311455,2026-04-29,ENL104,16148673,342,343
29042026_ENL104,51615,2026-04-29,ENL104,16148673,342,343
29042026_ENL104,311455,2026-04-29,ENL104,16055928,799,897
29042026_ENL104,51615,2026-04-29,ENL104,16055928,799,897
29042026_ENL104,311455,2026-04-29,ENL104,16149407,342,315
29042026_ENL104,51615,2026-04-29,ENL104,16149407,342,315
29042026_ENL104,311455,2026-04-29,ENL104,16149877,341,620
29042026_ENL104,51615,2026-04-29,ENL104,16149877,341,620
01042026_ENL101,311443,2026-04-01,ENL101,16040758,301,300
01042026_ENL101,1112582,2026-04-01,ENL101,16040758,301,300
01042026_ENL101,51615,2026-04-01,ENL101,16040758,301,300
02042026_ENL101,311443,2026-04-02,ENL101,16045094,799,899
02042026_ENL101,1112582,2026-04-02,ENL101,16045094,799,899
02042026_ENL101,51615,2026-04-02,ENL101,16045094,799,899
02042026_ENL101,311443,2026-04-02,ENL101,16045120,341,300
02042026_ENL101,1112582,2026-04-02,ENL101,16045120,341,300
02042026_ENL101,51615,2026-04-02,ENL101,16045120,341,300
02042026_ENL101,311443,2026-04-02,ENL101,16045201,311,490
02042026_ENL101,1112582,2026-04-02,ENL101,16045201,311,490
02042026_ENL101,51615,2026-04-02,ENL101,16045201,311,490
02042026_ENL101,311443,2026-04-02,ENL101,16046288,311,460
02042026_ENL101,1112582,2026-04-02,ENL101,16046288,311,460
02042026_ENL101,51615,2026-04-02,ENL101,16046288,311,460
03042026_ENL101,311443,2026-04-03,ENL101,16047582,799,899
03042026_ENL101,1112401,2026-04-03,ENL101,16047582,799,899
03042026_ENL101,1112582,2026-04-03,ENL101,16047582,799,899
03042026_ENL101,311443,2026-04-03,ENL101,15149140,799,899
03042026_ENL101,1112401,2026-04-03,ENL101,15149140,799,899
03042026_ENL101,1112582,2026-04-03,ENL101,15149140,799,899
03042026_ENL101,311443,2026-04-03,ENL101,16003797,799,899
03042026_ENL101,1112401,2026-04-03,ENL101,16003797,799,899
03042026_ENL101,1112582,2026-04-03,ENL101,16003797,799,899
03042026_ENL101,311443,2026-04-03,ENL101,16050079,311,440
03042026_ENL101,1112401,2026-04-03,ENL101,16050079,311,440
03042026_ENL101,1112582,2026-04-03,ENL101,16050079,311,440
19042026_ENL100,311929,2026-04-19,ENL100,16111389,799,899
19042026_ENL100,311335,2026-04-19,ENL100,16111389,799,899
19042026_EML700,,2026-04-19,EML700,16112378,311,620
19042026_EML700,,2026-04-19,EML700,16112725,341,440
19042026_EML700,,2026-04-19,EML700,16113419,341,443
29042026_EML321,512037,2026-04-29,EML321,16150768,343,440
29042026_EML321,512037,2026-04-29,EML321,16151968,343,440
29042026_EML321,512037,2026-04-29,EML321,16152373,311,620
29042026_EML321,512037,2026-04-29,EML321,16150868,343,440
01042026_EML320,311803,2026-04-01,EML320,16042038,311,620
01042026_EML320,311047,2026-04-01,EML320,16042038,311,620
01042026_EML320,311803,2026-04-01,EML320,16042603,201,300
01042026_EML320,311047,2026-04-01,EML320,16042603,201,300
08042026_EML320,311803,2026-04-08,EML320,16069536,311,620
08042026_EML320,311047,2026-04-08,EML320,16069536,311,620
09042026_EML320,311047,2026-04-09,EML320,16072615,342,343
09042026_EML320,311803,2026-04-09,EML320,16072615,342,343
09042026_EML320,311047,2026-04-09,EML320,16073008,343,620
09042026_EML320,311803,2026-04-09,EML320,16073008,343,620
09042026_EML320,311047,2026-04-09,EML320,16074873,311,620
09042026_EML320,311803,2026-04-09,EML320,16074873,311,620
09042026_EML320,311047,2026-04-09,EML320,16074431,343,620
09042026_EML320,311803,2026-04-09,EML320,16074431,343,620
23042026_EML320,,2026-04-23,EML320,16126875,311,620
26042026_EML318,,2026-04-26,EML318,16137573,125,880
26042026_EML318,,2026-04-26,EML318,16137855,311,440
29042026_EML318,,2026-04-29,EML318,16151496,201,180
29042026_EML318,,2026-04-29,EML318,16151370,312,10
03042026_EML316,,2026-04-03,EML316,16050468,129,880
03042026_EML316,,2026-04-03,EML316,16049941,311,490
03042026_EML316,,2026-04-03,EML316,16050654,311,490
07042026_EML316,512014,2026-04-07,EML316,16064196,311,490
07042026_EML316,512014,2026-04-07,EML316,16064464,311,490
07042026_EML316,512014,2026-04-07,EML316,16064514,311,490
07042026_EML316,512014,2026-04-07,EML316,16063251,127,880
07042026_EML316,512014,2026-04-07,EML316,16065274,311,490
09042026_EML316,512014,2026-04-09,EML316,16072630,343,440
09042026_EML316,512014,2026-04-09,EML316,16073002,311,490
09042026_EML316,512014,2026-04-09,EML316,16074179,311,490
12042026_EML316,311174,2026-04-12,EML316,16085386,311,620
12042026_EML316,512014,2026-04-12,EML316,16085386,311,620
12042026_EML316,311174,2026-04-12,EML316,16085406,311,620
12042026_EML316,512014,2026-04-12,EML316,16085406,311,620
12042026_EML316,311174,2026-04-12,EML316,16086588,311,440
12042026_EML316,512014,2026-04-12,EML316,16086588,311,440
13042026_EML316,512014,2026-04-13,EML316,16088723,311,490
13042026_EML316,512014,2026-04-13,EML316,16088366,311,490
13042026_EML316,512014,2026-04-13,EML316,16087508,311,490
13042026_EML316,512014,2026-04-13,EML316,16089388,311,490
14042026_EML316,512014,2026-04-14,EML316,16093180,341,300
16042026_EML316,512025,2026-04-16,EML316,16101140,127,880
16042026_EML316,512014,2026-04-16,EML316,16101140,127,880
16042026_EML316,512025,2026-04-16,EML316,16102140,311,490
16042026_EML316,512014,2026-04-16,EML316,16102140,311,490
16042026_EML316,512025,2026-04-16,EML316,16103398,311,300
16042026_EML316,512014,2026-04-16,EML316,16103398,311,300
17042026_EML316,512014,2026-04-17,EML316,16106533,311,490
17042026_EML316,512014,2026-04-17,EML316,16106762,311,440
17042026_EML316,512014,2026-04-17,EML316,16106917,311,490
18042026_EML316,512014,2026-04-18,EML316,16109948,311,620
18042026_EML316,512014,2026-04-18,EML316,16110190,311,490
18042026_EML316,512014,2026-04-18,EML316,16110429,311,490
18042026_EML316,512014,2026-04-18,EML316,16110642,311,490
18042026_EML316,512014,2026-04-18,EML316,16111047,311,490
19042026_EML316,512014,2026-04-19,EML316,16113257,341,440
19042026_EML316,512014,2026-04-19,EML316,16113426,311,440
19042026_EML316,512014,2026-04-19,EML316,16113620,312,300
19042026_EML316,512014,2026-04-19,EML316,16113562,342,300
22042026_EML316,512014,2026-04-22,EML316,16122600,311,490
22042026_EML316,512014,2026-04-22,EML316,16122628,311,490
22042026_EML316,512014,2026-04-22,EML316,16122870,311,490
22042026_EML316,512014,2026-04-22,EML316,16123105,129,880
22042026_EML316,512014,2026-04-22,EML316,16123194,311,490
23042026_EML316,512014,2026-04-23,EML316,16124128,343,620
23042026_EML316,512014,2026-04-23,EML316,16126731,311,300
23042026_EML316,512014,2026-04-23,EML316,16126540,381,180
23042026_EML316,512014,2026-04-23,EML316,16127173,341,300
23042026_EML316,512014,2026-04-23,EML316,16127280,381,343
23042026_EML316,512014,2026-04-23,EML316,16127678,129,880
24042026_EML316,512014,2026-04-24,EML316,16130579,129,880
24042026_EML316,512014,2026-04-24,EML316,16130298,381,490
24042026_EML316,512014,2026-04-24,EML316,16130829,311,20
24042026_EML316,512014,2026-04-24,EML316,16131507,343,440
24042026_EML316,512014,2026-04-24,EML316,16131637,341,300
24042026_EML316,512014,2026-04-24,EML316,16131032,343,440
27042026_EML316,512014,2026-04-27,EML316,16140280,129,880
27042026_EML316,512014,2026-04-27,EML316,16140744,381,343
27042026_EML316,512014,2026-04-27,EML316,16141098,381,343
27042026_EML316,512014,2026-04-27,EML316,16141057,381,343
27042026_EML316,512014,2026-04-27,EML316,16141092,311,490
28042026_EML316,512014,2026-04-28,EML316,16144421,341,301
28042026_EML316,512014,2026-04-28,EML316,16145195,311,490
28042026_EML316,512014,2026-04-28,EML316,16145978,341,301
28042026_EML316,512014,2026-04-28,EML316,16145138,121,343
28042026_EML316,512014,2026-04-28,EML316,16146546,311,490
28042026_EML316,512014,2026-04-28,EML316,16146880,301,20
28042026_EML316,512014,2026-04-28,EML316,16143945,311,490
29042026_EML316,512014,2026-04-29,EML316,16149510,312,348
29042026_EML316,512014,2026-04-29,EML316,16150175,341,300
29042026_EML316,512014,2026-04-29,EML316,16150284,301,20
29042026_EML316,512014,2026-04-29,EML316,16150355,301,20
29042026_EML316,512014,2026-04-29,EML316,16151153,311,20
30042026_EML316,512014,2026-04-30,EML316,16155246,129,880
30042026_EML316,512014,2026-04-30,EML316,16154893,311,490
30042026_EML316,512014,2026-04-30,EML316,16155920,311,300
30042026_EML316,512014,2026-04-30,EML316,16156338,341,300
30042026_EML316,512014,2026-04-30,EML316,16156393,341,440
30042026_EML316,512014,2026-04-30,EML316,16156393,341,440
29042026_EML315,,2026-04-29,EML315,16150684,343,620
29042026_EML315,,2026-04-29,EML315,16151263,343,620
29042026_EML315,,2026-04-29,EML315,16151998,343,490
04042026_EML305,31416,2026-04-04,EML305,16052591,311,620
04042026_EML305,311079,2026-04-04,EML305,16052591,311,620
04042026_EML305,31416,2026-04-04,EML305,16052791,311,620
04042026_EML305,311079,2026-04-04,EML305,16052791,311,620
04042026_EML305,31416,2026-04-04,EML305,16052970,311,620
04042026_EML305,311079,2026-04-04,EML305,16052970,311,620
04042026_EML305,31416,2026-04-04,EML305,16053574,311,300
04042026_EML305,311079,2026-04-04,EML305,16053574,311,300
05042026_EML305,311079,2026-04-05,EML305,16054593,341,300
05042026_EML305,31416,2026-04-05,EML305,16054593,341,300
05042026_EML305,311079,2026-04-05,EML305,16055728,341,300
05042026_EML305,31416,2026-04-05,EML305,16055728,341,300
05042026_EML305,311079,2026-04-05,EML305,16055856,343,620
05042026_EML305,31416,2026-04-05,EML305,16055856,343,620
05042026_EML305,311079,2026-04-05,EML305,16056186,125,880
05042026_EML305,31416,2026-04-05,EML305,16056186,125,880
05042026_EML305,311079,2026-04-05,EML305,16056749,311,620
05042026_EML305,31416,2026-04-05,EML305,16056749,311,620
19042026_EML305,311594,2026-04-19,EML305,15718413,799,897
19042026_EML305,311632,2026-04-19,EML305,15718413,799,897
19042026_EML305,311594,2026-04-19,EML305,16112376,311,620
19042026_EML305,311632,2026-04-19,EML305,16112376,311,620
19042026_EML305,311594,2026-04-19,EML305,16112614,311,620
19042026_EML305,311632,2026-04-19,EML305,16112614,311,620
19042026_EML305,311594,2026-04-19,EML305,16112618,311,620
19042026_EML305,311632,2026-04-19,EML305,16112618,311,620
04042026_EML304,31507,2026-04-04,EML304,16052460,311,300
04042026_EML304,31510,2026-04-04,EML304,16052460,311,300
04042026_EML304,31507,2026-04-04,EML304,16052810,311,300
04042026_EML304,31510,2026-04-04,EML304,16052810,311,300
04042026_EML304,31507,2026-04-04,EML304,16052958,341,300
04042026_EML304,31510,2026-04-04,EML304,16052958,341,300
04042026_EML304,31507,2026-04-04,EML304,16053140,341,300
04042026_EML304,31510,2026-04-04,EML304,16053140,341,300
04042026_EML304,31507,2026-04-04,EML304,16053668,311,300
04042026_EML304,31510,2026-04-04,EML304,16053668,311,300
05042026_EML304,311682,2026-04-05,EML304,16055322,311,620
05042026_EML304,311952,2026-04-05,EML304,16055322,311,620
05042026_EML304,311682,2026-04-05,EML304,16033092,799,897
05042026_EML304,311952,2026-04-05,EML304,16033092,799,897
05042026_EML304,311682,2026-04-05,EML304,16056016,311,620
05042026_EML304,311952,2026-04-05,EML304,16056016,311,620
22042026_EML304,31874,2026-04-22,EML304,16121492,311,440
22042026_EML304,311913,2026-04-22,EML304,16121492,311,440
22042026_EML304,31874,2026-04-22,EML304,16121905,311,620
22042026_EML304,311913,2026-04-22,EML304,16121905,311,620
22042026_EML304,31874,2026-04-22,EML304,16122223,311,620
22042026_EML304,311913,2026-04-22,EML304,16122223,311,620
22042026_EML304,31874,2026-04-22,EML304,16122300,311,440
22042026_EML304,311913,2026-04-22,EML304,16122300,311,440
04042026_EML303,311191,2026-04-04,EML303,16052792,311,490
04042026_EML303,31213,2026-04-04,EML303,16052792,311,490
04042026_EML303,311191,2026-04-04,EML303,16053014,311,11
04042026_EML303,31213,2026-04-04,EML303,16053014,311,11
04042026_EML303,311191,2026-04-04,EML303,16053206,311,20
04042026_EML303,31213,2026-04-04,EML303,16053206,311,20
05042026_EML303,311666,2026-04-05,EML303,16054725,312,300
05042026_EML303,311667,2026-04-05,EML303,16054725,312,300
05042026_EML303,311666,2026-04-05,EML303,16055602,126,880
05042026_EML303,311667,2026-04-05,EML303,16055602,126,880
05042026_EML303,311666,2026-04-05,EML303,16055638,312,300
05042026_EML303,311667,2026-04-05,EML303,16055638,312,300
05042026_EML303,311666,2026-04-05,EML303,16053747,343,620
05042026_EML303,311667,2026-04-05,EML303,16053747,343,620
18042026_EML303,3116,2026-04-18,EML303,16109031,311,620
18042026_EML303,3119,2026-04-18,EML303,16109031,311,620
18042026_EML303,3116,2026-04-18,EML303,16109597,341,620
18042026_EML303,3119,2026-04-18,EML303,16109597,341,620
18042026_EML303,3116,2026-04-18,EML303,16109938,341,620
18042026_EML303,3119,2026-04-18,EML303,16109938,341,620
18042026_EML303,3116,2026-04-18,EML303,16110432,311,620
18042026_EML303,3119,2026-04-18,EML303,16110432,311,620
21042026_EML303,31888,2026-04-21,EML303,16118129,311,490
21042026_EML303,311846,2026-04-21,EML303,16118129,311,490
21042026_EML303,31888,2026-04-21,EML303,16117332,343,20
21042026_EML303,311846,2026-04-21,EML303,16117332,343,20
21042026_EML303,31888,2026-04-21,EML303,16118714,311,20
21042026_EML303,311846,2026-04-21,EML303,16118714,311,20
21042026_EML303,31888,2026-04-21,EML303,16119067,381,180
21042026_EML303,311846,2026-04-21,EML303,16119067,381,180
21042026_EML303,31888,2026-04-21,EML303,16118971,311,490
21042026_EML303,311846,2026-04-21,EML303,16118971,311,490
04042026_EML302,311952,2026-04-04,EML302,16052031,311,490
04042026_EML302,311876,2026-04-04,EML302,16052031,311,490
04042026_EML302,311952,2026-04-04,EML302,16052679,341,620
04042026_EML302,311876,2026-04-04,EML302,16052679,341,620
04042026_EML302,311952,2026-04-04,EML302,16052846,341,620
04042026_EML302,311876,2026-04-04,EML302,16052846,341,620
04042026_EML302,311952,2026-04-04,EML302,16053153,311,620
04042026_EML302,311876,2026-04-04,EML302,16053153,311,620
05042026_EML302,511142,2026-04-05,EML302,16054830,341,440
05042026_EML302,1112332,2026-04-05,EML302,16054830,341,440
05042026_EML302,511142,2026-04-05,EML302,16055784,341,440
05042026_EML302,1112332,2026-04-05,EML302,16055784,341,440
05042026_EML302,511142,2026-04-05,EML302,16056020,341,440
05042026_EML302,1112332,2026-04-05,EML302,16056020,341,440
05042026_EML302,511142,2026-04-05,EML302,16056663,311,490
05042026_EML302,1112332,2026-04-05,EML302,16056663,311,490
11042026_EML302,3144,2026-04-11,EML302,16079151,129,880
11042026_EML302,31305,2026-04-11,EML302,16079151,129,880
11042026_EML302,3144,2026-04-11,EML302,16080673,311,440
11042026_EML302,31305,2026-04-11,EML302,16080673,311,440
11042026_EML302,3144,2026-04-11,EML302,16081164,311,490
11042026_EML302,31305,2026-04-11,EML302,16081164,311,490
11042026_EML302,3144,2026-04-11,EML302,16081456,341,620
11042026_EML302,31305,2026-04-11,EML302,16081456,341,620
12042026_EML302,311864,2026-04-12,EML302,16083496,343,300
12042026_EML302,311848,2026-04-12,EML302,16083496,343,300
12042026_EML302,311864,2026-04-12,EML302,16084422,343,300
12042026_EML302,311848,2026-04-12,EML302,16084422,343,300
12042026_EML302,311864,2026-04-12,EML302,16084812,311,300
12042026_EML302,311848,2026-04-12,EML302,16084812,311,300
12042026_EML302,311864,2026-04-12,EML302,16085060,311,300
12042026_EML302,311848,2026-04-12,EML302,16085060,311,300
18042026_EML302,311293,2026-04-18,EML302,16109088,311,300
18042026_EML302,311815,2026-04-18,EML302,16109088,311,300
18042026_EML302,311293,2026-04-18,EML302,16109308,311,300
18042026_EML302,311815,2026-04-18,EML302,16109308,311,300
18042026_EML302,311293,2026-04-18,EML302,16109745,312,300
18042026_EML302,311815,2026-04-18,EML302,16109745,312,300
18042026_EML302,311293,2026-04-18,EML302,16109972,311,300
18042026_EML302,311815,2026-04-18,EML302,16109972,311,300
19042026_EML302,3147,2026-04-19,EML302,15689094,799,897
19042026_EML302,3140,2026-04-19,EML302,15689094,799,897
19042026_EML302,3147,2026-04-19,EML302,16112511,311,620
19042026_EML302,3140,2026-04-19,EML302,16112511,311,620
19042026_EML302,3147,2026-04-19,EML302,16112525,311,490
19042026_EML302,3140,2026-04-19,EML302,16112525,311,490
21042026_EML302,31213,2026-04-21,EML302,16117779,311,20
21042026_EML302,311191,2026-04-21,EML302,16117779,311,20
21042026_EML302,31213,2026-04-21,EML302,16118292,311,20
21042026_EML302,311191,2026-04-21,EML302,16118292,311,20
21042026_EML302,31213,2026-04-21,EML302,16118670,381,300
21042026_EML302,311191,2026-04-21,EML302,16118670,381,300
21042026_EML302,31213,2026-04-21,EML302,16118753,311,20
21042026_EML302,311191,2026-04-21,EML302,16118753,311,20
04042026_EML301,311712,2026-04-04,EML301,16051260,341,440
04042026_EML301,3120,2026-04-04,EML301,16051260,341,440
04042026_EML301,311712,2026-04-04,EML301,16052844,381,302
04042026_EML301,3120,2026-04-04,EML301,16052844,381,302
04042026_EML301,311712,2026-04-04,EML301,16053100,341,440
04042026_EML301,3120,2026-04-04,EML301,16053100,341,440
04042026_EML301,311712,2026-04-04,EML301,16053429,311,620
04042026_EML301,3120,2026-04-04,EML301,16053429,311,620
05042026_EML301,311845,2026-04-05,EML301,16055555,312,10
05042026_EML301,311605,2026-04-05,EML301,16055555,312,10
05042026_EML301,311845,2026-04-05,EML301,16055873,311,490
05042026_EML301,311605,2026-04-05,EML301,16055873,311,490
05042026_EML301,311845,2026-04-05,EML301,16055978,311,490
05042026_EML301,311605,2026-04-05,EML301,16055978,311,490
11042026_EML301,311874,2026-04-11,EML301,16079131,311,620
11042026_EML301,311682,2026-04-11,EML301,16079131,311,620
11042026_EML301,311874,2026-04-11,EML301,16079471,341,620
11042026_EML301,311682,2026-04-11,EML301,16079471,341,620
11042026_EML301,311874,2026-04-11,EML301,16079921,341,620
11042026_EML301,311682,2026-04-11,EML301,16079921,341,620
11042026_EML301,311874,2026-04-11,EML301,16080326,341,620
11042026_EML301,311682,2026-04-11,EML301,16080326,341,620
11042026_EML301,311874,2026-04-11,EML301,16080776,311,620
11042026_EML301,311682,2026-04-11,EML301,16080776,311,620
11042026_EML301,311874,2026-04-11,EML301,16081031,311,620
11042026_EML301,311682,2026-04-11,EML301,16081031,311,620
11042026_EML301,311874,2026-04-11,EML301,16081647,311,620
11042026_EML301,311682,2026-04-11,EML301,16081647,311,620
12042026_EML301,311071,2026-04-12,EML301,16083084,311,300
12042026_EML301,31695,2026-04-12,EML301,16083084,311,300
12042026_EML301,311071,2026-04-12,EML301,16084713,381,343
12042026_EML301,31695,2026-04-12,EML301,16084713,381,343
12042026_EML301,311071,2026-04-12,EML301,16084918,311,490
12042026_EML301,31695,2026-04-12,EML301,16084918,311,490
12042026_EML301,311071,2026-04-12,EML301,16084956,311,440
12042026_EML301,31695,2026-04-12,EML301,16084956,311,440
18042026_EML301,311078,2026-04-18,EML301,16108466,311,490
18042026_EML301,311086,2026-04-18,EML301,16108466,311,490
18042026_EML301,311078,2026-04-18,EML301,16109086,311,180
18042026_EML301,311086,2026-04-18,EML301,16109086,311,180
18042026_EML301,311078,2026-04-18,EML301,16109693,311,490
18042026_EML301,311086,2026-04-18,EML301,16109693,311,490
18042026_EML301,311078,2026-04-18,EML301,16109862,311,490
18042026_EML301,311086,2026-04-18,EML301,16109862,311,490
19042026_EML301,311682,2026-04-19,EML301,15689033,799,897
19042026_EML301,1112255,2026-04-19,EML301,15689033,799,897
19042026_EML301,311682,2026-04-19,EML301,15688799,799,897
19042026_EML301,1112255,2026-04-19,EML301,15688799,799,897
19042026_EML301,311682,2026-04-19,EML301,16112441,311,620
19042026_EML301,1112255,2026-04-19,EML301,16112441,311,620
19042026_EML301,311682,2026-04-19,EML301,16112378,311,620
19042026_EML301,1112255,2026-04-19,EML301,16112378,311,620
19042026_EML301,311682,2026-04-19,EML301,16112788,311,620
19042026_EML301,1112255,2026-04-19,EML301,16112788,311,620
21042026_EML301,311152,2026-04-21,EML301,16118093,311,490
21042026_EML301,311869,2026-04-21,EML301,16118093,311,490
21042026_EML301,311152,2026-04-21,EML301,16118342,311,490
21042026_EML301,311869,2026-04-21,EML301,16118342,311,490
21042026_EML301,311152,2026-04-21,EML301,16118568,311,440
21042026_EML301,311869,2026-04-21,EML301,16118568,311,440
21042026_EML301,311152,2026-04-21,EML301,16118744,311,490
21042026_EML301,311869,2026-04-21,EML301,16118744,311,490
21042026_EML301,311152,2026-04-21,EML301,16119273,311,490
21042026_EML301,311869,2026-04-21,EML301,16119273,311,490
28042026_EML301,311010,2026-04-28,EML301,16144762,311,490
28042026_EML301,311542,2026-04-28,EML301,16144762,311,490
01042026_EML300,,2026-04-01,EML300,16041678,311,300
01042026_EML300,,2026-04-01,EML300,16041768,129,880
01042026_EML300,,2026-04-01,EML300,16041490,104,300
03042026_EML300,,2026-04-03,EML300,16049759,341,620
03042026_EML300,,2026-04-03,EML300,16049679,311,440
03042026_EML300,,2026-04-03,EML300,16049938,341,300
03042026_EML300,,2026-04-03,EML300,16050928,311,300
04042026_EML300,,2026-04-04,EML300,16052781,312,300
04042026_EML300,,2026-04-04,EML300,16053146,312,300
04042026_EML300,,2026-04-04,EML300,16053721,311,300
05042026_EML300,1112610,2026-04-05,EML300,16055763,311,300
05042026_EML300,31287,2026-04-05,EML300,16055763,311,300
05042026_EML300,1112610,2026-04-05,EML300,16056103,311,171
05042026_EML300,31287,2026-04-05,EML300,16056103,311,171
08042026_EML300,31287,2026-04-08,EML300,16066701,311,300
08042026_EML300,1112610,2026-04-08,EML300,16066701,311,300
08042026_EML300,31287,2026-04-08,EML300,16068226,312,300
08042026_EML300,1112610,2026-04-08,EML300,16068226,312,300
08042026_EML300,31287,2026-04-08,EML300,16068410,311,300
08042026_EML300,1112610,2026-04-08,EML300,16068410,311,300
09042026_EML300,31287,2026-04-09,EML300,16071151,311,300
09042026_EML300,1112610,2026-04-09,EML300,16071151,311,300
09042026_EML300,31287,2026-04-09,EML300,16073188,311,171
09042026_EML300,1112610,2026-04-09,EML300,16073188,311,171
09042026_EML300,31287,2026-04-09,EML300,16071815,341,300
09042026_EML300,1112610,2026-04-09,EML300,16071815,341,300
09042026_EML300,31287,2026-04-09,EML300,16072573,311,440
09042026_EML300,1112610,2026-04-09,EML300,16072573,311,440
09042026_EML300,31287,2026-04-09,EML300,16073765,126,880
09042026_EML300,1112610,2026-04-09,EML300,16073765,126,880
10042026_EML300,31287,2026-04-10,EML300,16075224,311,300
10042026_EML300,1112610,2026-04-10,EML300,16075224,311,300
13042026_EML300,1112364,2026-04-13,EML300,16087351,343,490
13042026_EML300,1112364,2026-04-13,EML300,16089001,343,490
13042026_EML300,1112364,2026-04-13,EML300,16090094,311,490
14042026_EML300,1112361,2026-04-14,EML300,16091500,341,300
14042026_EML300,31257,2026-04-14,EML300,16091500,341,300
14042026_EML300,1112361,2026-04-14,EML300,16090052,311,490
14042026_EML300,31257,2026-04-14,EML300,16090052,311,490
14042026_EML300,1112361,2026-04-14,EML300,16090295,341,300
14042026_EML300,31257,2026-04-14,EML300,16090295,341,300
14042026_EML300,1112361,2026-04-14,EML300,16092288,311,180
14042026_EML300,31257,2026-04-14,EML300,16092288,311,180
24042026_EML300,31221,2026-04-24,EML300,16128525,311,490
04042026_EML210,1112403,2026-04-04,EML210,16052402,201,300
04042026_EML210,51397,2026-04-04,EML210,16052402,201,300
29042026_EML210,,2026-04-29,EML210,16148563,301,490
21042026_EML206,,2026-04-21,EML206,16118265,799,897
21042026_EML206,,2026-04-21,EML206,16118236,201,490
21042026_EML205,,2026-04-21,EML205,16118265,799,897
21042026_EML205,,2026-04-21,EML205,16118236,201,490
22042026_EML205,,2026-04-22,EML205,16121273,799,897
22042026_EML205,,2026-04-22,EML205,16121524,201,321
26042026_EML205,,2026-04-26,EML205,16136787,799,897
21042026_EML204,,2026-04-21,EML204,16118265,799,897
21042026_EML204,,2026-04-21,EML204,16118236,201,490
01042026_EML172,311798,2026-04-01,EML172,16044654,301,440
12042026_EML167,311476,2026-04-12,EML167,16086943,342,343
12042026_EML167,311476,2026-04-12,EML167,16086938,311,620
12042026_EML167,311476,2026-04-12,EML167,16087165,311,300
12042026_EML167,311476,2026-04-12,EML167,16086875,331,440
27042026_EML160,311654,2026-04-27,EML160,16143040,311,180
27042026_EML160,311654,2026-04-27,EML160,16142190,311,440
27042026_EML160,311654,2026-04-27,EML160,16142301,343,620
22042026_EML133,,2026-04-22,EML133,16123161,312,300
22042026_EML133,,2026-04-22,EML133,16121524,201,321
23042026_EML133,,2026-04-23,EML133,16127226,312,325
23042026_EML133,,2026-04-23,EML133,16125192,312,300
23042026_EML133,,2026-04-23,EML133,16128124,311,490
23042026_EML133,,2026-04-23,EML133,16128108,331,325
27042026_EML133,,2026-04-27,EML133,16140888,301,300
28042026_EML133,,2026-04-28,EML133,16146546,311,490
28042026_EML133,,2026-04-28,EML133,16146868,341,490
25042026_EML132,,2026-04-25,EML132,16134909,201,325
25042026_EML132,,2026-04-25,EML132,16135407,125,880
25042026_EML132,,2026-04-25,EML132,16135621,301,440
26042026_EML132,,2026-04-26,EML132,16137851,201,300
26042026_EML132,,2026-04-26,EML132,16138412,201,325
29042026_EML132,,2026-04-29,EML132,16151092,201,180
30042026_EML132,,2026-04-30,EML132,16156453,343,440
30042026_EML132,,2026-04-30,EML132,16156729,343,440
30042026_EML132,,2026-04-30,EML132,16156891,341,440
30042026_EML132,,2026-04-30,EML132,16157380,129,880
02042026_EML131,1112560,2026-04-02,EML131,16045119,343,620
02042026_EML131,311174,2026-04-02,EML131,16045119,343,620
02042026_EML131,311424,2026-04-02,EML131,16045119,343,620
09042026_EML131,311174,2026-04-09,EML131,16073653,343,620
09042026_EML131,311424,2026-04-09,EML131,16073653,343,620
13042026_EML131,311174,2026-04-13,EML131,16088961,311,620
13042026_EML131,311424,2026-04-13,EML131,16088961,311,620
13042026_EML131,311174,2026-04-13,EML131,16087493,311,300
13042026_EML131,311424,2026-04-13,EML131,16087493,311,300
13042026_EML131,311174,2026-04-13,EML131,16090156,301,440
13042026_EML131,311424,2026-04-13,EML131,16090156,301,440
13042026_EML131,311174,2026-04-13,EML131,16090421,311,300
13042026_EML131,311424,2026-04-13,EML131,16090421,311,300
17042026_EML131,311174,2026-04-17,EML131,16105531,311,300
17042026_EML131,311424,2026-04-17,EML131,16105531,311,300
20042026_EML131,,2026-04-20,EML131,16116383,311,440
20042026_EML131,,2026-04-20,EML131,16117006,201,325
24042026_EML130,311492,2026-04-24,EML130,16131699,311,440
24042026_EML130,1112733,2026-04-24,EML130,16131699,311,440
24042026_EML130,1112793,2026-04-24,EML130,16131699,311,440
30042026_EML130,311492,2026-04-30,EML130,16156054,311,440
30042026_EML130,1112733,2026-04-30,EML130,16156054,311,440
30042026_EML130,311492,2026-04-30,EML130,16155242,311,490
30042026_EML130,1112733,2026-04-30,EML130,16155242,311,490
18042026_EML128,,2026-04-18,EML128,16110979,301,440
20042026_EML128,,2026-04-20,EML128,16116351,311,180
20042026_EML128,,2026-04-20,EML128,16116466,311,440
21042026_EML128,,2026-04-21,EML128,16119722,201,180
21042026_EML128,,2026-04-21,EML128,16120553,311,440
24042026_EML128,,2026-04-24,EML128,16131302,311,180
24042026_EML128,,2026-04-24,EML128,16131605,342,150
26042026_EML128,31859,2026-04-26,EML128,16136871,301,490
30042026_EML127,,2026-04-30,EML127,16154105,342,343
30042026_EML127,,2026-04-30,EML127,16157314,301,490
26042026_EML126,,2026-04-26,EML126,16137200,201,300
26042026_EML126,,2026-04-26,EML126,16137523,301,490
27042026_EML126,512037,2026-04-27,EML126,16141737,311,311
28042026_EML126,512037,2026-04-28,EML126,16143226,201,440
24042026_EML123,,2026-04-24,EML123,16130328,311,490
24042026_EML123,,2026-04-24,EML123,16131475,301,490
27042026_EML121,,2026-04-27,EML121,16140778,311,490
28042026_EML121,,2026-04-28,EML121,16145272,311,490
28042026_EML121,,2026-04-28,EML121,16143226,201,440
30042026_EML121,,2026-04-30,EML121,16155746,311,440
30042026_EML121,,2026-04-30,EML121,16156567,311,440
29042026_EML116,311868,2026-04-29,EML116,16148917,301,490
29042026_EML116,1112763,2026-04-29,EML116,16148917,301,490
29042026_EML116,311868,2026-04-29,EML116,16149019,341,440
29042026_EML116,1112763,2026-04-29,EML116,16149019,341,440
29042026_EML116,311868,2026-04-29,EML116,16149530,311,490
29042026_EML116,1112763,2026-04-29,EML116,16149530,311,490
29042026_EML116,311868,2026-04-29,EML116,16149992,341,440
29042026_EML116,1112763,2026-04-29,EML116,16149992,341,440
28042026_EML115,1112751,2026-04-28,EML115,16144717,311,440
28042026_EML115,311341,2026-04-28,EML115,16144717,311,440
28042026_EML115,1112752,2026-04-28,EML115,16144717,311,440
30042026_EML113,1112518,2026-04-30,EML113,16153797,341,490
30042026_EML113,311756,2026-04-30,EML113,16153797,341,490
30042026_EML113,1112518,2026-04-30,EML113,16154170,341,490
30042026_EML113,311756,2026-04-30,EML113,16154170,341,490
30042026_EML113,1112518,2026-04-30,EML113,16154617,341,620
30042026_EML113,311756,2026-04-30,EML113,16154617,341,620
30042026_EML113,1112518,2026-04-30,EML113,16155123,311,490
30042026_EML113,311756,2026-04-30,EML113,16155123,311,490
30042026_EML113,1112518,2026-04-30,EML113,16155650,312,300
30042026_EML113,311756,2026-04-30,EML113,16155650,312,300
08042026_EML112,1112535,2026-04-08,EML112,16068356,341,440
08042026_EML112,311753,2026-04-08,EML112,16068356,341,440
08042026_EML112,1112535,2026-04-08,EML112,16069962,341,301
08042026_EML112,311753,2026-04-08,EML112,16069962,341,301
30042026_EML110,311581,2026-04-30,EML110,16156274,301,620
30042026_EML110,1112838,2026-04-30,EML110,16156274,301,620
02042026_EML109,31740,2026-04-02,EML109,16045191,312,343
02042026_EML109,1112441,2026-04-02,EML109,16045191,312,343
02042026_EML109,31740,2026-04-02,EML109,16045062,343,440
02042026_EML109,1112441,2026-04-02,EML109,16045062,343,440
03042026_EML109,31740,2026-04-03,EML109,16050391,311,440
03042026_EML109,1112441,2026-04-03,EML109,16050391,311,440
08042026_EML109,31740,2026-04-08,EML109,16069517,311,311
08042026_EML109,311118,2026-04-08,EML109,16069517,311,311
09042026_EML109,31740,2026-04-09,EML109,16071292,311,490
09042026_EML109,1112441,2026-04-09,EML109,16071292,311,490
09042026_EML109,31740,2026-04-09,EML109,16071342,311,440
09042026_EML109,1112441,2026-04-09,EML109,16071342,311,440
09042026_EML109,31740,2026-04-09,EML109,16071452,311,440
09042026_EML109,1112441,2026-04-09,EML109,16071452,311,440
09042026_EML109,31740,2026-04-09,EML109,16073002,311,490
09042026_EML109,1112441,2026-04-09,EML109,16073002,311,490
18042026_EML109,1112441,2026-04-18,EML109,16109131,311,440
18042026_EML109,1112441,2026-04-18,EML109,16109678,311,325
18042026_EML109,1112441,2026-04-18,EML109,16110363,201,325
07042026_EML108,311118,2026-04-07,EML108,16063825,381,343
07042026_EML108,1112415,2026-04-07,EML108,16063825,381,343
12042026_EML108,311118,2026-04-12,EML108,16033698,799,897
12042026_EML108,1112415,2026-04-12,EML108,16033698,799,897
30042026_EML108,,2026-04-30,EML108,16152380,311,311
30042026_EML108,,2026-04-30,EML108,15950973,799,897
05042026_EML105,1112375,2026-04-05,EML105,16052686,201,321
05042026_EML105,311035,2026-04-05,EML105,16052686,201,321
08042026_EEL703,1112657,2026-04-08,EEL703,16067459,331,325
08042026_EEL703,1112787,2026-04-08,EEL703,16067459,331,325
08042026_EEL703,1112657,2026-04-08,EEL703,16067915,311,490
08042026_EEL703,1112787,2026-04-08,EEL703,16067915,311,490
08042026_EEL703,1112657,2026-04-08,EEL703,16068851,311,300
08042026_EEL703,1112787,2026-04-08,EEL703,16068851,311,300
08042026_EEL703,1112657,2026-04-08,EEL703,16069782,342,300
08042026_EEL703,1112787,2026-04-08,EEL703,16069782,342,300
09042026_EEL703,1112787,2026-04-09,EEL703,16072639,311,620
09042026_EEL703,1112657,2026-04-09,EEL703,16072639,311,620
13042026_EEL703,1112657,2026-04-13,EEL703,16085048,799,899
13042026_EEL703,1112657,2026-04-13,EEL703,16087939,341,300
13042026_EEL703,1112657,2026-04-13,EEL703,16085363,799,899
13042026_EEL703,1112657,2026-04-13,EEL703,16088872,311,180
13042026_EEL703,1112657,2026-04-13,EEL703,16089628,201,490
13042026_EEL703,1112657,2026-04-13,EEL703,16090087,341,490
20042026_EEL703,1112657,2026-04-20,EEL703,16115013,341,490
29042026_EEL703,1112657,2026-04-29,EEL703,16149117,301,300
29042026_EEL703,1112657,2026-04-29,EEL703,16148047,311,440
29042026_EEL703,1112657,2026-04-29,EEL703,16149401,341,316
29042026_EEL703,1112657,2026-04-29,EEL703,16150344,342,315
03042026_EEL702,,2026-04-03,EEL702,16050330,799,899
21042026_EEL702,1112754,2026-04-21,EEL702,16049660,799,897
21042026_EEL702,1112754,2026-04-21,EEL702,15558693,799,897
21042026_EEL702,1112754,2026-04-21,EEL702,16118544,799,897
22042026_EEL702,1112831,2026-04-22,EEL702,16121680,311,490
22042026_EEL702,1112566,2026-04-22,EEL702,16121680,311,490
22042026_EEL702,1112831,2026-04-22,EEL702,16122114,311,620
22042026_EEL702,1112566,2026-04-22,EEL702,16122114,311,620
22042026_EEL702,1112831,2026-04-22,EEL702,16122475,342,343
22042026_EEL702,1112566,2026-04-22,EEL702,16122475,342,343
24042026_EEL702,51586,2026-04-24,EEL702,16126288,799,897
24042026_EEL702,1112566,2026-04-24,EEL702,16126288,799,897
24042026_EEL702,51586,2026-04-24,EEL702,16129993,381,302
24042026_EEL702,1112566,2026-04-24,EEL702,16129993,381,302
24042026_EEL702,51586,2026-04-24,EEL702,16129993,381,302
24042026_EEL702,1112566,2026-04-24,EEL702,16129993,381,302
24042026_EEL702,51586,2026-04-24,EEL702,16130356,799,898
24042026_EEL702,1112566,2026-04-24,EEL702,16130356,799,898
24042026_EEL702,51586,2026-04-24,EEL702,16130612,799,897
24042026_EEL702,1112566,2026-04-24,EEL702,16130612,799,897
29042026_EEL702,51586,2026-04-29,EEL702,16148898,123,147
29042026_EEL702,1112566,2026-04-29,EEL702,16148898,123,147
29042026_EEL702,51586,2026-04-29,EEL702,16149839,312,302
29042026_EEL702,1112566,2026-04-29,EEL702,16149839,312,302
29042026_EEL702,51586,2026-04-29,EEL702,16132657,799,897
29042026_EEL702,1112566,2026-04-29,EEL702,16132657,799,897
29042026_EEL702,51586,2026-04-29,EEL702,16149795,341,620
29042026_EEL702,1112566,2026-04-29,EEL702,16149795,341,620
29042026_EEL702,51586,2026-04-29,EEL702,16150751,341,620
29042026_EEL702,1112566,2026-04-29,EEL702,16150751,341,620
01042026_EEL701,1112564,2026-04-01,EEL701,16041979,799,897
01042026_EEL701,1112573,2026-04-01,EEL701,16041979,799,897
01042026_EEL701,1112564,2026-04-01,EEL701,16042060,311,490
01042026_EEL701,1112573,2026-04-01,EEL701,16042060,311,490
01042026_EEL701,1112564,2026-04-01,EEL701,16042264,128,300
01042026_EEL701,1112573,2026-04-01,EEL701,16042264,128,300
02042026_EEL701,1112564,2026-04-02,EEL701,16045344,342,343
02042026_EEL701,1112773,2026-04-02,EEL701,16045344,342,343
02042026_EEL701,1112564,2026-04-02,EEL701,16045821,331,325
02042026_EEL701,1112773,2026-04-02,EEL701,16045821,331,325
02042026_EEL701,1112564,2026-04-02,EEL701,16046086,341,620
02042026_EEL701,1112773,2026-04-02,EEL701,16046086,341,620
02042026_EEL701,1112564,2026-04-02,EEL701,16046883,125,880
02042026_EEL701,1112773,2026-04-02,EEL701,16046883,125,880
06042026_EEL701,1112564,2026-04-06,EEL701,16059527,311,300
06042026_EEL701,1112573,2026-04-06,EEL701,16059527,311,300
09042026_EEL701,1112564,2026-04-09,EEL701,16072491,129,880
09042026_EEL701,1112573,2026-04-09,EEL701,16072491,129,880
09042026_EEL701,1112564,2026-04-09,EEL701,16073113,128,300
09042026_EEL701,1112573,2026-04-09,EEL701,16073113,128,300
09042026_EEL701,1112564,2026-04-09,EEL701,16074438,128,300
09042026_EEL701,1112573,2026-04-09,EEL701,16074438,128,300
10042026_EEL701,1112564,2026-04-10,EEL701,16076681,799,897
10042026_EEL701,1112573,2026-04-10,EEL701,16076681,799,897
10042026_EEL701,1112564,2026-04-10,EEL701,16077253,311,300
10042026_EEL701,1112573,2026-04-10,EEL701,16077253,311,300
10042026_EEL701,1112564,2026-04-10,EEL701,16077043,342,343
10042026_EEL701,1112573,2026-04-10,EEL701,16077043,342,343
10042026_EEL701,1112564,2026-04-10,EEL701,16077661,311,490
10042026_EEL701,1112573,2026-04-10,EEL701,16077661,311,490
13042026_EEL701,1112564,2026-04-13,EEL701,16087995,341,620
13042026_EEL701,1112573,2026-04-13,EEL701,16087995,341,620
13042026_EEL701,1112564,2026-04-13,EEL701,16087999,311,490
13042026_EEL701,1112573,2026-04-13,EEL701,16087999,311,490
13042026_EEL701,1112564,2026-04-13,EEL701,16088632,342,343
13042026_EEL701,1112573,2026-04-13,EEL701,16088632,342,343
14042026_EEL701,1112564,2026-04-14,EEL701,16092354,311,620
14042026_EEL701,1112573,2026-04-14,EEL701,16092354,311,620
14042026_EEL701,1112564,2026-04-14,EEL701,16090387,799,899
14042026_EEL701,1112573,2026-04-14,EEL701,16090387,799,899
14042026_EEL701,1112564,2026-04-14,EEL701,16093419,342,343
14042026_EEL701,1112573,2026-04-14,EEL701,16093419,342,343
14042026_EEL701,1112564,2026-04-14,EEL701,16093550,799,899
14042026_EEL701,1112573,2026-04-14,EEL701,16093550,799,899
15042026_EEL701,1112573,2026-04-15,EEL701,16087643,799,899
15042026_EEL701,1112564,2026-04-15,EEL701,16087643,799,899
15042026_EEL701,1112573,2026-04-15,EEL701,16096948,311,300
15042026_EEL701,1112564,2026-04-15,EEL701,16096948,311,300
15042026_EEL701,1112573,2026-04-15,EEL701,16096948,311,300
15042026_EEL701,1112564,2026-04-15,EEL701,16096948,311,300
15042026_EEL701,1112573,2026-04-15,EEL701,16097837,311,300
15042026_EEL701,1112564,2026-04-15,EEL701,16097837,311,300
16042026_EEL701,1112564,2026-04-16,EEL701,16098628,799,899
16042026_EEL701,1112564,2026-04-16,EEL701,16100878,341,620
16042026_EEL701,1112564,2026-04-16,EEL701,16101495,799,899
16042026_EEL701,1112564,2026-04-16,EEL701,16102391,342,343
23042026_EEL701,1112564,2026-04-23,EEL701,16126105,343,620
23042026_EEL701,1112573,2026-04-23,EEL701,16126105,343,620
23042026_EEL701,1112564,2026-04-23,EEL701,16126257,799,899
23042026_EEL701,1112573,2026-04-23,EEL701,16126257,799,899
24042026_EEL701,1112564,2026-04-24,EEL701,16130039,799,899
24042026_EEL701,1112573,2026-04-24,EEL701,16130039,799,899
24042026_EEL701,1112564,2026-04-24,EEL701,16130669,341,620
24042026_EEL701,1112573,2026-04-24,EEL701,16130669,341,620
27042026_EEL701,1112564,2026-04-27,EEL701,16139478,341,620
27042026_EEL701,1112573,2026-04-27,EEL701,16139478,341,620
27042026_EEL701,1112564,2026-04-27,EEL701,16139811,343,490
27042026_EEL701,1112573,2026-04-27,EEL701,16139811,343,490
27042026_EEL701,1112564,2026-04-27,EEL701,16139900,342,343
27042026_EEL701,1112573,2026-04-27,EEL701,16139900,342,343
27042026_EEL701,1112564,2026-04-27,EEL701,16140462,311,300
27042026_EEL701,1112573,2026-04-27,EEL701,16140462,311,300
27042026_EEL701,1112564,2026-04-27,EEL701,16141231,129,880
27042026_EEL701,1112573,2026-04-27,EEL701,16141231,129,880
28042026_EEL701,,2026-04-28,EEL701,16144742,341,300
28042026_EEL701,,2026-04-28,EEL701,16137800,799,899
28042026_EEL701,,2026-04-28,EEL701,16137812,799,899
28042026_EEL701,,2026-04-28,EEL701,16145517,341,300
29042026_EEL701,,2026-04-29,EEL701,16148850,341,300
29042026_EEL701,,2026-04-29,EEL701,16148968,311,440
29042026_EEL701,,2026-04-29,EEL701,16149796,311,300
29042026_EEL701,,2026-04-29,EEL701,16149861,341,300
29042026_EEL701,,2026-04-29,EEL701,16150654,341,300
29042026_EEL701,,2026-04-29,EEL701,16150903,301,180
30042026_EEL701,,2026-04-30,EEL701,16154112,381,300
30042026_EEL701,,2026-04-30,EEL701,16154523,311,311
30042026_EEL701,,2026-04-30,EEL701,16154523,311,311
01042026_EEL700,1112411,2026-04-01,EEL700,16041458,341,620
01042026_EEL700,51586,2026-04-01,EEL700,16041458,341,620
01042026_EEL700,1112411,2026-04-01,EEL700,16041976,799,897
01042026_EEL700,51586,2026-04-01,EEL700,16041976,799,897
01042026_EEL700,1112411,2026-04-01,EEL700,16042407,341,620
01042026_EEL700,51586,2026-04-01,EEL700,16042407,341,620
02042026_EEL700,1112411,2026-04-02,EEL700,16045304,128,300
02042026_EEL700,51586,2026-04-02,EEL700,16045304,128,300
02042026_EEL700,1112411,2026-04-02,EEL700,16045796,799,897
02042026_EEL700,51586,2026-04-02,EEL700,16045796,799,897
02042026_EEL700,1112411,2026-04-02,EEL700,16046046,341,620
02042026_EEL700,51586,2026-04-02,EEL700,16046046,341,620
02042026_EEL700,1112411,2026-04-02,EEL700,15726051,799,897
02042026_EEL700,51586,2026-04-02,EEL700,15726051,799,897
07042026_EEL700,51586,2026-04-07,EEL700,16062726,311,490
07042026_EEL700,51586,2026-04-07,EEL700,16062994,341,620
07042026_EEL700,51586,2026-04-07,EEL700,16063018,311,311
07042026_EEL700,51586,2026-04-07,EEL700,16063451,311,440
07042026_EEL700,51586,2026-04-07,EEL700,16063731,341,620
01042026_EEL321,511167,2026-04-01,EEL321,16041864,799,897
01042026_EEL321,511170,2026-04-01,EEL321,16041864,799,897
01042026_EEL321,511167,2026-04-01,EEL321,16042869,342,300
01042026_EEL321,511170,2026-04-01,EEL321,16042869,342,300
01042026_EEL321,511167,2026-04-01,EEL321,16042688,312,171
01042026_EEL321,511170,2026-04-01,EEL321,16042688,312,171
01042026_EEL321,511167,2026-04-01,EEL321,16043616,342,300
01042026_EEL321,511170,2026-04-01,EEL321,16043616,342,300
02042026_EEL321,511167,2026-04-02,EEL321,15645869,799,897
02042026_EEL321,511170,2026-04-02,EEL321,15645869,799,897
02042026_EEL321,511167,2026-04-02,EEL321,16047819,342,300
02042026_EEL321,511170,2026-04-02,EEL321,16047819,342,300
02042026_EEL321,511167,2026-04-02,EEL321,16048247,129,880
02042026_EEL321,511170,2026-04-02,EEL321,16048247,129,880
03042026_EEL321,511167,2026-04-03,EEL321,16039379,799,897
03042026_EEL321,511170,2026-04-03,EEL321,16039379,799,897
03042026_EEL321,511167,2026-04-03,EEL321,15739015,799,897
03042026_EEL321,511170,2026-04-03,EEL321,15739015,799,897
03042026_EEL321,511167,2026-04-03,EEL321,15597655,799,897
03042026_EEL321,511170,2026-04-03,EEL321,15597655,799,897
03042026_EEL321,511167,2026-04-03,EEL321,15860819,799,897
03042026_EEL321,511170,2026-04-03,EEL321,15860819,799,897
03042026_EEL321,511167,2026-04-03,EEL321,16051219,312,300
03042026_EEL321,511170,2026-04-03,EEL321,16051219,312,300
08042026_EEL321,511167,2026-04-08,EEL321,16068471,341,620
08042026_EEL321,511170,2026-04-08,EEL321,16068471,341,620
08042026_EEL321,511167,2026-04-08,EEL321,16070233,342,300
08042026_EEL321,511170,2026-04-08,EEL321,16070233,342,300
08042026_EEL321,511167,2026-04-08,EEL321,16070138,342,300
08042026_EEL321,511170,2026-04-08,EEL321,16070138,342,300
08042026_EEL321,511167,2026-04-08,EEL321,16070558,127,880
08042026_EEL321,511170,2026-04-08,EEL321,16070558,127,880
08042026_EEL321,511167,2026-04-08,EEL321,16070951,312,300
08042026_EEL321,511170,2026-04-08,EEL321,16070951,312,300
13042026_EEL321,511170,2026-04-13,EEL321,16090011,342,300
17042026_EEL321,511167,2026-04-17,EEL321,16106393,341,300
17042026_EEL321,511170,2026-04-17,EEL321,16106393,341,300
17042026_EEL321,511167,2026-04-17,EEL321,16106690,342,300
17042026_EEL321,511170,2026-04-17,EEL321,16106690,342,300
17042026_EEL321,511167,2026-04-17,EEL321,16106347,201,300
17042026_EEL321,511170,2026-04-17,EEL321,16106347,201,300
18042026_EEL321,511167,2026-04-18,EEL321,16110080,311,490
18042026_EEL321,511170,2026-04-18,EEL321,16110080,311,490
18042026_EEL321,511167,2026-04-18,EEL321,16110522,342,300
18042026_EEL321,511170,2026-04-18,EEL321,16110522,342,300
18042026_EEL321,511167,2026-04-18,EEL321,16110717,342,300
18042026_EEL321,511170,2026-04-18,EEL321,16110717,342,300
18042026_EEL321,511167,2026-04-18,EEL321,16110775,341,490
18042026_EEL321,511170,2026-04-18,EEL321,16110775,341,490
22042026_EEL321,511167,2026-04-22,EEL321,16056271,799,897
22042026_EEL321,511170,2026-04-22,EEL321,16056271,799,897
22042026_EEL321,511167,2026-04-22,EEL321,16123495,301,180
22042026_EEL321,511170,2026-04-22,EEL321,16123495,301,180
22042026_EEL321,511167,2026-04-22,EEL321,16123598,129,880
22042026_EEL321,511170,2026-04-22,EEL321,16123598,129,880
22042026_EEL321,511167,2026-04-22,EEL321,16123840,342,300
22042026_EEL321,511170,2026-04-22,EEL321,16123840,342,300
27042026_EEL321,511167,2026-04-27,EEL321,16140788,121,343
27042026_EEL321,511170,2026-04-27,EEL321,16140788,121,343
27042026_EEL321,511167,2026-04-27,EEL321,16141071,129,880
27042026_EEL321,511170,2026-04-27,EEL321,16141071,129,880
27042026_EEL321,511167,2026-04-27,EEL321,16141827,342,300
27042026_EEL321,511170,2026-04-27,EEL321,16141827,342,300
27042026_EEL321,511167,2026-04-27,EEL321,16142113,342,300
27042026_EEL321,511170,2026-04-27,EEL321,16142113,342,300
27042026_EEL321,511167,2026-04-27,EEL321,16142204,342,300
27042026_EEL321,511170,2026-04-27,EEL321,16142204,342,300
28042026_EEL321,511167,2026-04-28,EEL321,16145598,342,300
28042026_EEL321,511167,2026-04-28,EEL321,16146242,342,300
28042026_EEL321,511167,2026-04-28,EEL321,16146334,342,300
28042026_EEL321,511167,2026-04-28,EEL321,16146620,342,300
28042026_EEL321,511167,2026-04-28,EEL321,16146812,129,880
28042026_EEL321,511167,2026-04-28,EEL321,16147256,301,440
30042026_EEL321,511170,2026-04-30,EEL321,16155326,342,300
30042026_EEL321,511167,2026-04-30,EEL321,16155326,342,300
30042026_EEL321,511170,2026-04-30,EEL321,16155820,342,300
30042026_EEL321,511167,2026-04-30,EEL321,16155820,342,300
30042026_EEL321,511170,2026-04-30,EEL321,16156042,799,897
30042026_EEL321,511167,2026-04-30,EEL321,16156042,799,897
30042026_EEL321,511170,2026-04-30,EEL321,16156665,342,300
30042026_EEL321,511167,2026-04-30,EEL321,16156665,342,300
01042026_EEL320,511077,2026-04-01,EEL320,16044725,341,490
01042026_EEL320,51601,2026-04-01,EEL320,16044725,341,490
01042026_EEL320,511077,2026-04-01,EEL320,16044736,341,490
01042026_EEL320,51601,2026-04-01,EEL320,16044736,341,490
02042026_EEL320,511077,2026-04-02,EEL320,16048535,341,490
02042026_EEL320,51601,2026-04-02,EEL320,16048535,341,490
02042026_EEL320,511077,2026-04-02,EEL320,16049110,341,490
02042026_EEL320,51601,2026-04-02,EEL320,16049110,341,490
03042026_EEL320,51601,2026-04-03,EEL320,16051865,341,490
03042026_EEL320,51601,2026-04-03,EEL320,16052038,126,880
03042026_EEL320,51601,2026-04-03,EEL320,16052164,799,897
06042026_EEL320,51601,2026-04-06,EEL320,16061477,341,620
06042026_EEL320,51591,2026-04-06,EEL320,16061477,341,620
06042026_EEL320,51601,2026-04-06,EEL320,16061664,129,880
06042026_EEL320,51591,2026-04-06,EEL320,16061664,129,880
06042026_EEL320,51601,2026-04-06,EEL320,16062233,341,620
06042026_EEL320,51591,2026-04-06,EEL320,16062233,341,620
08042026_EEL320,511077,2026-04-08,EEL320,16071837,104,180
08042026_EEL320,51601,2026-04-08,EEL320,16071837,104,180
08042026_EEL320,511077,2026-04-08,EEL320,16071530,311,460
08042026_EEL320,51601,2026-04-08,EEL320,16071530,311,460
08042026_EEL320,511077,2026-04-08,EEL320,16072103,301,440
08042026_EEL320,51601,2026-04-08,EEL320,16072103,301,440
09042026_EEL320,51601,2026-04-09,EEL320,16075716,341,490
09042026_EEL320,51601,2026-04-09,EEL320,16075986,126,880
09042026_EEL320,51601,2026-04-09,EEL320,16075748,343,440
09042026_EEL320,51601,2026-04-09,EEL320,16075803,129,880
09042026_EEL320,51601,2026-04-09,EEL320,16075756,343,490
11042026_EEL320,511077,2026-04-11,EEL320,16083684,126,880
11042026_EEL320,51601,2026-04-11,EEL320,16083684,126,880
11042026_EEL320,511077,2026-04-11,EEL320,16083787,129,880
11042026_EEL320,51601,2026-04-11,EEL320,16083787,129,880
11042026_EEL320,511077,2026-04-11,EEL320,16083861,129,880
11042026_EEL320,51601,2026-04-11,EEL320,16083861,129,880
13042026_EEL320,51601,2026-04-13,EEL320,16091098,311,490
13042026_EEL320,51601,2026-04-13,EEL320,16091651,126,880
18042026_EEL320,51601,2026-04-18,EEL320,16111585,301,200
18042026_EEL320,511077,2026-04-18,EEL320,16111585,301,200
19042026_EEL320,51601,2026-04-19,EEL320,16114116,341,440
19042026_EEL320,511077,2026-04-19,EEL320,16114116,341,440
19042026_EEL320,51601,2026-04-19,EEL320,16114187,126,880
19042026_EEL320,511077,2026-04-19,EEL320,16114187,126,880
19042026_EEL320,51601,2026-04-19,EEL320,16114192,127,880
19042026_EEL320,511077,2026-04-19,EEL320,16114192,127,880
19042026_EEL320,51601,2026-04-19,EEL320,16114171,129,880
19042026_EEL320,511077,2026-04-19,EEL320,16114171,129,880
23042026_EEL320,51601,2026-04-23,EEL320,16128769,341,490
23042026_EEL320,511077,2026-04-23,EEL320,16128769,341,490
23042026_EEL320,51601,2026-04-23,EEL320,16128881,129,880
23042026_EEL320,511077,2026-04-23,EEL320,16128881,129,880
23042026_EEL320,51601,2026-04-23,EEL320,16128713,343,620
23042026_EEL320,511077,2026-04-23,EEL320,16128713,343,620
02042026_EEL312,511111,2026-04-02,EEL312,16047658,343,300
02042026_EEL312,511111,2026-04-02,EEL312,16041633,799,897
02042026_EEL312,511111,2026-04-02,EEL312,16042175,799,897
06042026_EEL312,511111,2026-04-06,EEL312,16060795,799,897
06042026_EEL312,511111,2026-04-06,EEL312,16060981,311,490
06042026_EEL312,511111,2026-04-06,EEL312,16060957,311,300
06042026_EEL312,511111,2026-04-06,EEL312,16061385,311,490
07042026_EEL312,511111,2026-04-07,EEL312,16065593,301,620
07042026_EEL312,511111,2026-04-07,EEL312,16150914,311,490
07042026_EEL312,511111,2026-04-07,EEL312,16066016,301,620
11042026_EEL312,511111,2026-04-11,EEL312,16082247,129,880
11042026_EEL312,511168,2026-04-11,EEL312,16082247,129,880
11042026_EEL312,511111,2026-04-11,EEL312,16082584,311,490
11042026_EEL312,511168,2026-04-11,EEL312,16082584,311,490
11042026_EEL312,511111,2026-04-11,EEL312,16082682,311,300
11042026_EEL312,511168,2026-04-11,EEL312,16082682,311,300
11042026_EEL312,511111,2026-04-11,EEL312,16082951,311,490
11042026_EEL312,511168,2026-04-11,EEL312,16082951,311,490
15042026_EEL312,511166,2026-04-15,EEL312,16098371,799,897
15042026_EEL312,511172,2026-04-15,EEL312,16098371,799,897
15042026_EEL312,511166,2026-04-15,EEL312,16098953,342,150
15042026_EEL312,511172,2026-04-15,EEL312,16098953,342,150
16042026_EEL312,511172,2026-04-16,EEL312,16102172,331,150
16042026_EEL312,511166,2026-04-16,EEL312,16102172,331,150
16042026_EEL312,511172,2026-04-16,EEL312,16103004,129,880
16042026_EEL312,511166,2026-04-16,EEL312,16103004,129,880
17042026_EEL312,,2026-04-17,EEL312,16107236,312,300
17042026_EEL312,,2026-04-17,EEL312,16108031,312,300
17042026_EEL312,,2026-04-17,EEL312,16108177,312,300
20042026_EEL312,511166,2026-04-20,EEL312,16115399,799,897
20042026_EEL312,511172,2026-04-20,EEL312,16115399,799,897
20042026_EEL312,511166,2026-04-20,EEL312,16116343,331,315
20042026_EEL312,511172,2026-04-20,EEL312,16116343,331,315
20042026_EEL312,511166,2026-04-20,EEL312,16076531,799,899
20042026_EEL312,511172,2026-04-20,EEL312,16076531,799,899
21042026_EEL312,511166,2026-04-21,EEL312,16119039,126,880
21042026_EEL312,511172,2026-04-21,EEL312,16119039,126,880
23042026_EEL312,511111,2026-04-23,EEL312,16127319,311,300
23042026_EEL312,511168,2026-04-23,EEL312,16127319,311,300
23042026_EEL312,511111,2026-04-23,EEL312,16127576,343,300
23042026_EEL312,511168,2026-04-23,EEL312,16127576,343,300
23042026_EEL312,511111,2026-04-23,EEL312,16127625,311,490
23042026_EEL312,511168,2026-04-23,EEL312,16127625,311,490
23042026_EEL312,511111,2026-04-23,EEL312,16128258,311,490
23042026_EEL312,511168,2026-04-23,EEL312,16128258,311,490
27042026_EEL312,511111,2026-04-27,EEL312,16140942,343,440
27042026_EEL312,511168,2026-04-27,EEL312,16140942,343,440
27042026_EEL312,511111,2026-04-27,EEL312,16140692,129,880
27042026_EEL312,511168,2026-04-27,EEL312,16140692,129,880
27042026_EEL312,511111,2026-04-27,EEL312,16141627,311,490
27042026_EEL312,511168,2026-04-27,EEL312,16141627,311,490
27042026_EEL312,511111,2026-04-27,EEL312,16142282,343,300
27042026_EEL312,511168,2026-04-27,EEL312,16142282,343,300
28042026_EEL312,511111,2026-04-28,EEL312,16145990,129,880
28042026_EEL312,511111,2026-04-28,EEL312,16145983,311,490
28042026_EEL312,511111,2026-04-28,EEL312,16146876,311,490
28042026_EEL312,511111,2026-04-28,EEL312,16147161,311,490
02042026_EEL311,311955,2026-04-02,EEL311,16043412,799,897
02042026_EEL311,1112814,2026-04-02,EEL311,16043412,799,897
11042026_EEL311,311955,2026-04-11,EEL311,16067709,799,897
11042026_EEL311,1112814,2026-04-11,EEL311,16067709,799,897
11042026_EEL311,311955,2026-04-11,EEL311,16082338,343,440
11042026_EEL311,1112814,2026-04-11,EEL311,16082338,343,440
11042026_EEL311,311955,2026-04-11,EEL311,16081604,343,490
11042026_EEL311,1112814,2026-04-11,EEL311,16081604,343,490
11042026_EEL311,311955,2026-04-11,EEL311,16083108,311,440
11042026_EEL311,1112814,2026-04-11,EEL311,16083108,311,440
11042026_EEL311,311955,2026-04-11,EEL311,16082247,129,880
11042026_EEL311,1112814,2026-04-11,EEL311,16082247,129,880
12042026_EEL311,311955,2026-04-12,EEL311,16085635,799,897
12042026_EEL311,1112814,2026-04-12,EEL311,16085635,799,897
12042026_EEL311,311955,2026-04-12,EEL311,16085715,343,440
12042026_EEL311,1112814,2026-04-12,EEL311,16085715,343,440
12042026_EEL311,311955,2026-04-12,EEL311,16086068,311,300
12042026_EEL311,1112814,2026-04-12,EEL311,16086068,311,300
17042026_EEL311,511145,2026-04-17,EEL311,16107618,342,343
17042026_EEL311,511144,2026-04-17,EEL311,16107618,342,343
17042026_EEL311,511145,2026-04-17,EEL311,16107597,342,300
17042026_EEL311,511144,2026-04-17,EEL311,16107597,342,300
22042026_EEL311,511144,2026-04-22,EEL311,16123316,331,300
22042026_EEL311,511145,2026-04-22,EEL311,16123316,331,300
22042026_EEL311,511144,2026-04-22,EEL311,16123883,312,300
22042026_EEL311,511145,2026-04-22,EEL311,16123883,312,300
23042026_EEL311,511144,2026-04-23,EEL311,16126973,343,490
23042026_EEL311,511145,2026-04-23,EEL311,16126973,343,490
23042026_EEL311,511144,2026-04-23,EEL311,16127513,342,300
23042026_EEL311,511145,2026-04-23,EEL311,16127513,342,300
23042026_EEL311,511144,2026-04-23,EEL311,16127802,342,300
23042026_EEL311,511145,2026-04-23,EEL311,16127802,342,300
23042026_EEL311,511144,2026-04-23,EEL311,16128150,312,300
23042026_EEL311,511145,2026-04-23,EEL311,16128150,312,300
26042026_EEL311,31539,2026-04-26,EEL311,16118029,799,897
26042026_EEL311,511166,2026-04-26,EEL311,16118029,799,897
26042026_EEL311,31539,2026-04-26,EEL311,16136573,799,899
26042026_EEL311,511166,2026-04-26,EEL311,16136573,799,899
26042026_EEL311,31539,2026-04-26,EEL311,16137214,311,440
26042026_EEL311,511166,2026-04-26,EEL311,16137214,311,440
26042026_EEL311,31539,2026-04-26,EEL311,16137774,799,899
26042026_EEL311,511166,2026-04-26,EEL311,16137774,799,899
26042026_EEL311,31539,2026-04-26,EEL311,16138214,311,620
26042026_EEL311,511166,2026-04-26,EEL311,16138214,311,620
26042026_EEL311,31539,2026-04-26,EEL311,16138263,311,620
26042026_EEL311,511166,2026-04-26,EEL311,16138263,311,620
27042026_EEL311,511144,2026-04-27,EEL311,16137791,799,897
27042026_EEL311,511145,2026-04-27,EEL311,16137791,799,897
27042026_EEL311,511144,2026-04-27,EEL311,16142091,311,440
27042026_EEL311,511145,2026-04-27,EEL311,16142091,311,440
27042026_EEL311,511144,2026-04-27,EEL311,16142302,342,300
27042026_EEL311,511145,2026-04-27,EEL311,16142302,342,300
27042026_EEL311,511144,2026-04-27,EEL311,16142415,342,300
27042026_EEL311,511145,2026-04-27,EEL311,16142415,342,300
28042026_EEL311,511145,2026-04-28,EEL311,16145585,342,300
28042026_EEL311,511144,2026-04-28,EEL311,16145585,342,300
28042026_EEL311,511145,2026-04-28,EEL311,16146638,342,300
28042026_EEL311,511144,2026-04-28,EEL311,16146638,342,300
28042026_EEL311,511145,2026-04-28,EEL311,16146746,312,300
28042026_EEL311,511144,2026-04-28,EEL311,16146746,312,300
28042026_EEL311,511145,2026-04-28,EEL311,16147189,341,300
28042026_EEL311,511144,2026-04-28,EEL311,16147189,341,300
18042026_EEL309,311845,2026-04-18,EEL309,16108797,311,311
18042026_EEL309,311605,2026-04-18,EEL309,16108797,311,311
18042026_EEL309,311845,2026-04-18,EEL309,16109500,312,10
18042026_EEL309,311605,2026-04-18,EEL309,16109500,312,10
18042026_EEL309,311845,2026-04-18,EEL309,16110202,312,10
18042026_EEL309,311605,2026-04-18,EEL309,16110202,312,10
19042026_EEL309,31888,2026-04-19,EEL309,16076410,799,899
19042026_EEL309,31200,2026-04-19,EEL309,16076410,799,899
19042026_EEL309,31888,2026-04-19,EEL309,16112393,311,10
19042026_EEL309,31200,2026-04-19,EEL309,16112393,311,10
19042026_EEL309,31888,2026-04-19,EEL309,16112611,799,899
19042026_EEL309,31200,2026-04-19,EEL309,16112611,799,899
19042026_EEL309,31888,2026-04-19,EEL309,16084653,799,899
19042026_EEL309,31200,2026-04-19,EEL309,16084653,799,899
19042026_EEL309,31888,2026-04-19,EEL309,16113036,311,10
19042026_EEL309,31200,2026-04-19,EEL309,16113036,311,10
26042026_EEL309,3140,2026-04-26,EEL309,16135879,799,897
26042026_EEL309,3147,2026-04-26,EEL309,16135879,799,897
26042026_EEL309,3140,2026-04-26,EEL309,16135166,799,897
26042026_EEL309,3147,2026-04-26,EEL309,16135166,799,897
26042026_EEL309,3140,2026-04-26,EEL309,16136713,799,897
26042026_EEL309,3147,2026-04-26,EEL309,16136713,799,897
04042026_EEL308,311845,2026-04-04,EEL308,16047385,799,897
04042026_EEL308,311605,2026-04-04,EEL308,16047385,799,897
04042026_EEL308,311845,2026-04-04,EEL308,16052676,799,897
04042026_EEL308,311605,2026-04-04,EEL308,16052676,799,897
04042026_EEL308,311845,2026-04-04,EEL308,16052940,312,10
04042026_EEL308,311605,2026-04-04,EEL308,16052940,312,10
04042026_EEL308,311845,2026-04-04,EEL308,16053297,312,10
04042026_EEL308,311605,2026-04-04,EEL308,16053297,312,10
05042026_EEL308,311081,2026-04-05,EEL308,16055473,799,897
05042026_EEL308,311430,2026-04-05,EEL308,16055473,799,897
05042026_EEL308,311081,2026-04-05,EEL308,16055562,799,897
05042026_EEL308,311430,2026-04-05,EEL308,16055562,799,897
05042026_EEL308,311081,2026-04-05,EEL308,16055832,311,440
05042026_EEL308,311430,2026-04-05,EEL308,16055832,311,440
05042026_EEL308,311081,2026-04-05,EEL308,16056043,311,440
05042026_EEL308,311430,2026-04-05,EEL308,16056043,311,440
12042026_EEL308,31305,2026-04-12,EEL308,16084064,341,620
12042026_EEL308,3144,2026-04-12,EEL308,16084064,341,620
12042026_EEL308,31305,2026-04-12,EEL308,16077361,799,897
12042026_EEL308,3144,2026-04-12,EEL308,16077361,799,897
12042026_EEL308,31305,2026-04-12,EEL308,16084482,341,620
12042026_EEL308,3144,2026-04-12,EEL308,16084482,341,620
12042026_EEL308,31305,2026-04-12,EEL308,15821915,799,897
12042026_EEL308,3144,2026-04-12,EEL308,15821915,799,897
12042026_EEL308,31305,2026-04-12,EEL308,16084798,311,440
12042026_EEL308,3144,2026-04-12,EEL308,16084798,311,440
12042026_EEL308,31305,2026-04-12,EEL308,16084917,342,343
12042026_EEL308,3144,2026-04-12,EEL308,16084917,342,343
21042026_EEL308,311853,2026-04-21,EEL308,16077160,799,897
21042026_EEL308,31899,2026-04-21,EEL308,16077160,799,897
21042026_EEL308,311853,2026-04-21,EEL308,15133268,799,897
21042026_EEL308,31899,2026-04-21,EEL308,15133268,799,897
21042026_EEL308,311853,2026-04-21,EEL308,15924249,799,897
21042026_EEL308,31899,2026-04-21,EEL308,15924249,799,897
21042026_EEL308,311853,2026-04-21,EEL308,15806266,799,897
21042026_EEL308,31899,2026-04-21,EEL308,15806266,799,897
25042026_EEL308,311953,2026-04-25,EEL308,16131486,799,897
25042026_EEL308,311941,2026-04-25,EEL308,16131486,799,897
25042026_EEL308,311953,2026-04-25,EEL308,16133442,799,897
25042026_EEL308,311941,2026-04-25,EEL308,16133442,799,897
25042026_EEL308,311953,2026-04-25,EEL308,16133523,311,300
25042026_EEL308,311941,2026-04-25,EEL308,16133523,311,300
25042026_EEL308,311953,2026-04-25,EEL308,16134305,799,897
25042026_EEL308,311941,2026-04-25,EEL308,16134305,799,897
26042026_EEL308,31888,2026-04-26,EEL308,16135959,799,899
26042026_EEL308,31200,2026-04-26,EEL308,16135959,799,899
26042026_EEL308,31888,2026-04-26,EEL308,16134282,799,899
26042026_EEL308,31200,2026-04-26,EEL308,16134282,799,899
26042026_EEL308,31888,2026-04-26,EEL308,16125203,799,899
26042026_EEL308,31200,2026-04-26,EEL308,16125203,799,899
26042026_EEL308,31888,2026-04-26,EEL308,16136937,799,899
26042026_EEL308,31200,2026-04-26,EEL308,16136937,799,899
26042026_EEL308,31888,2026-04-26,EEL308,16136717,799,899
26042026_EEL308,31200,2026-04-26,EEL308,16136717,799,899
04042026_EEL307,311941,2026-04-04,EEL307,16052562,311,300
04042026_EEL307,311953,2026-04-04,EEL307,16052562,311,300
04042026_EEL307,311941,2026-04-04,EEL307,16052892,311,300
04042026_EEL307,311953,2026-04-04,EEL307,16052892,311,300
05042026_EEL307,31507,2026-04-05,EEL307,16055442,799,897
05042026_EEL307,31510,2026-04-05,EEL307,16055442,799,897
05042026_EEL307,31507,2026-04-05,EEL307,16055596,799,899
05042026_EEL307,31510,2026-04-05,EEL307,16055596,799,899
05042026_EEL307,31507,2026-04-05,EEL307,16055991,341,440
05042026_EEL307,31510,2026-04-05,EEL307,16055991,341,440
05042026_EEL307,31507,2026-04-05,EEL307,16055946,799,899
05042026_EEL307,31510,2026-04-05,EEL307,16055946,799,899
18042026_EEL307,311810,2026-04-18,EEL307,16136595,311,311
18042026_EEL307,311909,2026-04-18,EEL307,16136595,311,311
18042026_EEL307,311810,2026-04-18,EEL307,16159830,311,311
18042026_EEL307,311909,2026-04-18,EEL307,16159830,311,311
18042026_EEL307,311810,2026-04-18,EEL307,16109307,311,311
18042026_EEL307,311909,2026-04-18,EEL307,16109307,311,311
18042026_EEL307,311810,2026-04-18,EEL307,16109586,311,300
18042026_EEL307,311909,2026-04-18,EEL307,16109586,311,300
19042026_EEL307,311909,2026-04-19,EEL307,16113382,311,300
19042026_EEL307,311909,2026-04-19,EEL307,16112505,311,300
19042026_EEL307,311909,2026-04-19,EEL307,16112931,311,300
21042026_EEL307,311417,2026-04-21,EEL307,16077379,799,897
21042026_EEL307,311356,2026-04-21,EEL307,16077379,799,897
21042026_EEL307,311417,2026-04-21,EEL307,15799582,799,897
21042026_EEL307,311356,2026-04-21,EEL307,15799582,799,897
25042026_EEL307,31507,2026-04-25,EEL307,16131460,799,897
25042026_EEL307,3150,2026-04-25,EEL307,16131460,799,897
25042026_EEL307,31507,2026-04-25,EEL307,16130721,799,899
25042026_EEL307,3150,2026-04-25,EEL307,16130721,799,899
25042026_EEL307,31507,2026-04-25,EEL307,16134334,799,899
25042026_EEL307,3150,2026-04-25,EEL307,16134334,799,899
04042026_EEL306,511142,2026-04-04,EEL306,16043428,799,899
04042026_EEL306,1112332,2026-04-04,EEL306,16043428,799,899
04042026_EEL306,511142,2026-04-04,EEL306,16052708,799,899
04042026_EEL306,1112332,2026-04-04,EEL306,16052708,799,899
04042026_EEL306,511142,2026-04-04,EEL306,16053193,341,440
04042026_EEL306,1112332,2026-04-04,EEL306,16053193,341,440
12042026_EEL306,311293,2026-04-12,EEL306,16056694,799,897
12042026_EEL306,311815,2026-04-12,EEL306,16056694,799,897
12042026_EEL306,311293,2026-04-12,EEL306,15938401,799,897
12042026_EEL306,311815,2026-04-12,EEL306,15938401,799,897
12042026_EEL306,311293,2026-04-12,EEL306,15883349,799,897
12042026_EEL306,311815,2026-04-12,EEL306,15883349,799,897
12042026_EEL306,311293,2026-04-12,EEL306,16085003,311,490
12042026_EEL306,311815,2026-04-12,EEL306,16085003,311,490
18042026_EEL306,31888,2026-04-18,EEL306,16108963,127,880
18042026_EEL306,31200,2026-04-18,EEL306,16108963,127,880
18042026_EEL306,31888,2026-04-18,EEL306,16109459,311,10
18042026_EEL306,31200,2026-04-18,EEL306,16109459,311,10
18042026_EEL306,31888,2026-04-18,EEL306,16102825,799,899
18042026_EEL306,31200,2026-04-18,EEL306,16102825,799,899
18042026_EEL306,31888,2026-04-18,EEL306,16110045,799,899
18042026_EEL306,31200,2026-04-18,EEL306,16110045,799,899
18042026_EEL306,31888,2026-04-18,EEL306,16110271,341,171
18042026_EEL306,31200,2026-04-18,EEL306,16110271,341,171
19042026_EEL306,31305,2026-04-19,EEL306,16110512,799,897
19042026_EEL306,3144,2026-04-19,EEL306,16110512,799,897
19042026_EEL306,31305,2026-04-19,EEL306,16112416,311,440
19042026_EEL306,3144,2026-04-19,EEL306,16112416,311,440
19042026_EEL306,31305,2026-04-19,EEL306,16112543,331,440
19042026_EEL306,3144,2026-04-19,EEL306,16112543,331,440
21042026_EEL306,31507,2026-04-21,EEL306,16068142,799,899
21042026_EEL306,3150,2026-04-21,EEL306,16068142,799,899
21042026_EEL306,31507,2026-04-21,EEL306,16118626,341,300
21042026_EEL306,3150,2026-04-21,EEL306,16118626,341,300
21042026_EEL306,31507,2026-04-21,EEL306,16056661,799,899
21042026_EEL306,3150,2026-04-21,EEL306,16056661,799,899
25042026_EEL306,3136,2026-04-25,EEL306,16132700,799,897
25042026_EEL306,311592,2026-04-25,EEL306,16132700,799,897
25042026_EEL306,3136,2026-04-25,EEL306,16130727,799,897
25042026_EEL306,311592,2026-04-25,EEL306,16130727,799,897
25042026_EEL306,3136,2026-04-25,EEL306,16008476,799,897
25042026_EEL306,311592,2026-04-25,EEL306,16008476,799,897
25042026_EEL306,3136,2026-04-25,EEL306,16134320,799,897
25042026_EEL306,311592,2026-04-25,EEL306,16134320,799,897
26042026_EEL306,311430,2026-04-26,EEL306,16100523,799,897
26042026_EEL306,311682,2026-04-26,EEL306,16100523,799,897
26042026_EEL306,311430,2026-04-26,EEL306,16135000,799,897
26042026_EEL306,311682,2026-04-26,EEL306,16135000,799,897
26042026_EEL306,311430,2026-04-26,EEL306,16136691,799,897
26042026_EEL306,311682,2026-04-26,EEL306,16136691,799,897
26042026_EEL306,311430,2026-04-26,EEL306,16136777,311,20
26042026_EEL306,311682,2026-04-26,EEL306,16136777,311,20
04042026_EEL305,31888,2026-04-04,EEL305,16052424,311,10
04042026_EEL305,31200,2026-04-04,EEL305,16052424,311,10
04042026_EEL305,31888,2026-04-04,EEL305,16052668,799,899
04042026_EEL305,31200,2026-04-04,EEL305,16052668,799,899
04042026_EEL305,31888,2026-04-04,EEL305,16052947,311,10
04042026_EEL305,31200,2026-04-04,EEL305,16052947,311,10
04042026_EEL305,31888,2026-04-04,EEL305,16053442,311,10
04042026_EEL305,31200,2026-04-04,EEL305,16053442,311,10
02042026_EEL303,511073,2026-04-02,EEL303,16045435,341,620
02042026_EEL303,1112540,2026-04-02,EEL303,16045435,341,620
02042026_EEL303,511073,2026-04-02,EEL303,16045885,341,620
02042026_EEL303,1112540,2026-04-02,EEL303,16045885,341,620
02042026_EEL303,511073,2026-04-02,EEL303,16046407,342,343
02042026_EEL303,1112540,2026-04-02,EEL303,16046407,342,343
02042026_EEL303,511073,2026-04-02,EEL303,16046597,311,490
02042026_EEL303,1112540,2026-04-02,EEL303,16046597,311,490
09042026_EEL303,511066,2026-04-09,EEL303,16073323,799,897
10042026_EEL303,511066,2026-04-10,EEL303,16077019,311,620
10042026_EEL303,511066,2026-04-10,EEL303,16077861,311,620
10042026_EEL303,511066,2026-04-10,EEL303,16077993,311,300
15042026_EEL303,511066,2026-04-15,EEL303,16097176,311,620
15042026_EEL303,511065,2026-04-15,EEL303,16097176,311,620
15042026_EEL303,511066,2026-04-15,EEL303,16097756,343,620
15042026_EEL303,511065,2026-04-15,EEL303,16097756,343,620
15042026_EEL303,511066,2026-04-15,EEL303,16098829,311,440
15042026_EEL303,511065,2026-04-15,EEL303,16098829,311,440
15042026_EEL303,511066,2026-04-15,EEL303,16099115,311,620
15042026_EEL303,511065,2026-04-15,EEL303,16099115,311,620
20042026_EEL301,511109,2026-04-20,EEL301,16043465,799,899
20042026_EEL301,511171,2026-04-20,EEL301,16043465,799,899
20042026_EEL301,511109,2026-04-20,EEL301,16114785,343,490
20042026_EEL301,511171,2026-04-20,EEL301,16114785,343,490
20042026_EEL301,511109,2026-04-20,EEL301,16114913,341,490
20042026_EEL301,511171,2026-04-20,EEL301,16114913,341,490
20042026_EEL301,511109,2026-04-20,EEL301,16115680,341,490
20042026_EEL301,511171,2026-04-20,EEL301,16115680,341,490
17042026_EEL300,511171,2026-04-17,EEL300,16104882,799,897
17042026_EEL300,511109,2026-04-17,EEL300,16104882,799,897
17042026_EEL300,511171,2026-04-17,EEL300,16105178,341,490
17042026_EEL300,511109,2026-04-17,EEL300,16105178,341,490
17042026_EEL300,511171,2026-04-17,EEL300,16105579,341,490
17042026_EEL300,511109,2026-04-17,EEL300,16105579,341,490
17042026_EEL300,511171,2026-04-17,EEL300,16105807,341,300
17042026_EEL300,511109,2026-04-17,EEL300,16105807,341,300
17042026_EEL300,511171,2026-04-17,EEL300,16106163,341,490
17042026_EEL300,511109,2026-04-17,EEL300,16106163,341,490
22042026_EEL204,,2026-04-22,EEL204,16065465,799,897
23042026_EEL204,,2026-04-23,EEL204,16125787,381,343
23042026_EEL204,,2026-04-23,EEL204,16126296,799,897
23042026_EEL204,,2026-04-23,EEL204,16126596,301,490
10042026_EEL203,,2026-04-10,EEL203,16058466,799,897
10042026_EEL203,,2026-04-10,EEL203,16077010,312,300
10042026_EEL203,,2026-04-10,EEL203,16142122,341,300
10042026_EEL203,,2026-04-10,EEL203,16130419,341,440
12042026_EEL203,,2026-04-12,EEL203,16078567,799,897
12042026_EEL203,,2026-04-12,EEL203,16084453,312,180
12042026_EEL203,,2026-04-12,EEL203,16085100,312,348
14042026_EEL203,,2026-04-14,EEL203,16093147,799,897
14042026_EEL203,,2026-04-14,EEL203,16093751,799,897
22042026_EEL203,,2026-04-22,EEL203,16107604,799,897
22042026_EEL203,,2026-04-22,EEL203,16076837,799,897
23042026_EEL203,,2026-04-23,EEL203,16125955,311,440
23042026_EEL203,,2026-04-23,EEL203,16126724,311,620
24042026_EEL203,,2026-04-24,EEL203,16127544,799,897
24042026_EEL203,,2026-04-24,EEL203,16130589,799,897
24042026_EEL203,,2026-04-24,EEL203,16130593,799,897
05042026_EEL202,31982,2026-04-05,EEL202,16055690,312,301
05042026_EEL202,311866,2026-04-05,EEL202,16055690,312,301
05042026_EEL202,31308,2026-04-05,EEL202,16055690,312,301
05042026_EEL202,31982,2026-04-05,EEL202,16056640,799,897
05042026_EEL202,311866,2026-04-05,EEL202,16056640,799,897
05042026_EEL202,31308,2026-04-05,EEL202,16056640,799,897
07042026_EEL202,,2026-04-07,EEL202,16062898,311,620
07042026_EEL202,,2026-04-07,EEL202,16064171,799,897
09042026_EEL202,,2026-04-09,EEL202,16073624,311,490
12042026_EEL202,311886,2026-04-12,EEL202,16084048,799,897
12042026_EEL202,311301,2026-04-12,EEL202,16084048,799,897
12042026_EEL202,311324,2026-04-12,EEL202,16084048,799,897
12042026_EEL202,311886,2026-04-12,EEL202,15938346,799,897
12042026_EEL202,311301,2026-04-12,EEL202,15938346,799,897
12042026_EEL202,311324,2026-04-12,EEL202,15938346,799,897
12042026_EEL202,311886,2026-04-12,EEL202,16084948,201,300
12042026_EEL202,311301,2026-04-12,EEL202,16084948,201,300
12042026_EEL202,311324,2026-04-12,EEL202,16084948,201,300
12042026_EEL202,311886,2026-04-12,EEL202,16085668,301,490
12042026_EEL202,311301,2026-04-12,EEL202,16085668,301,490
12042026_EEL202,311324,2026-04-12,EEL202,16085668,301,490
14042026_EEL202,,2026-04-14,EEL202,16092810,126,880
14042026_EEL202,,2026-04-14,EEL202,16093234,312,348
14042026_EEL202,,2026-04-14,EEL202,16093472,312,300
14042026_EEL202,,2026-04-14,EEL202,16093810,312,300
15042026_EEL202,,2026-04-15,EEL202,16097199,799,897
15042026_EEL202,,2026-04-15,EEL202,16097535,311,440
15042026_EEL202,,2026-04-15,EEL202,16097981,311,440
16042026_EEL202,,2026-04-16,EEL202,16100630,341,460
16042026_EEL202,,2026-04-16,EEL202,16101447,341,460
16042026_EEL202,,2026-04-16,EEL202,16101489,799,897
19042026_EEL202,,2026-04-19,EEL202,16086117,799,897
19042026_EEL202,,2026-04-19,EEL202,16084632,799,897
19042026_EEL202,,2026-04-19,EEL202,16112893,311,300
22042026_EEL202,311390,2026-04-22,EEL202,16118180,799,897
22042026_EEL202,311240,2026-04-22,EEL202,16118180,799,897
22042026_EEL202,31371,2026-04-22,EEL202,16118180,799,897
22042026_EEL202,311390,2026-04-22,EEL202,16121272,311,300
22042026_EEL202,311240,2026-04-22,EEL202,16121272,311,300
22042026_EEL202,31371,2026-04-22,EEL202,16121272,311,300
22042026_EEL202,311390,2026-04-22,EEL202,16122533,341,300
22042026_EEL202,311240,2026-04-22,EEL202,16122533,341,300
22042026_EEL202,31371,2026-04-22,EEL202,16122533,341,300
24042026_EEL202,,2026-04-24,EEL202,16127421,799,897
24042026_EEL202,,2026-04-24,EEL202,16130126,311,620
24042026_EEL202,,2026-04-24,EEL202,16130604,311,620
25042026_EEL202,,2026-04-25,EEL202,16133426,799,897
25042026_EEL202,,2026-04-25,EEL202,16133630,311,440
25042026_EEL202,,2026-04-25,EEL202,16134206,311,620
01042026_EEL201,311866,2026-04-01,EEL201,16041556,799,897
01042026_EEL201,1112275,2026-04-01,EEL201,16041556,799,897
01042026_EEL201,311866,2026-04-01,EEL201,16041366,799,897
01042026_EEL201,1112275,2026-04-01,EEL201,16041366,799,897
02042026_EEL201,,2026-04-02,EEL201,16046310,799,897
02042026_EEL201,,2026-04-02,EEL201,16046117,343,490
03042026_EEL201,1112463,2026-04-03,EEL201,16047421,799,897
03042026_EEL201,31435,2026-04-03,EEL201,16047421,799,897
03042026_EEL201,1112463,2026-04-03,EEL201,15864676,799,897
03042026_EEL201,31435,2026-04-03,EEL201,15864676,799,897
04042026_EEL201,311688,2026-04-04,EEL201,16052688,799,897
04042026_EEL201,31215,2026-04-04,EEL201,16052688,799,897
04042026_EEL201,311688,2026-04-04,EEL201,16052828,311,620
04042026_EEL201,31215,2026-04-04,EEL201,16052828,311,620
04042026_EEL201,311688,2026-04-04,EEL201,16053451,311,620
04042026_EEL201,31215,2026-04-04,EEL201,16053451,311,620
07042026_EEL201,,2026-04-07,EEL201,16062756,799,897
07042026_EEL201,,2026-04-07,EEL201,16063041,311,300
07042026_EEL201,,2026-04-07,EEL201,16064305,341,460
08042026_EEL201,,2026-04-08,EEL201,16067899,311,490
08042026_EEL201,,2026-04-08,EEL201,16068105,311,620
08042026_EEL201,,2026-04-08,EEL201,16068546,311,490
08042026_EEL201,,2026-04-08,EEL201,16068752,311,490
09042026_EEL201,,2026-04-09,EEL201,16072681,301,300
09042026_EEL201,,2026-04-09,EEL201,16073528,311,440
09042026_EEL201,,2026-04-09,EEL201,16074246,311,301
10042026_EEL201,,2026-04-10,EEL201,16076655,341,440
10042026_EEL201,,2026-04-10,EEL201,16077068,301,440
10042026_EEL201,,2026-04-10,EEL201,16077917,312,346
11042026_EEL201,,2026-04-11,EEL201,16076971,799,898
11042026_EEL201,,2026-04-11,EEL201,16081294,311,300
12042026_EEL201,,2026-04-12,EEL201,16084111,799,897
12042026_EEL201,,2026-04-12,EEL201,16084758,381,343
12042026_EEL201,,2026-04-12,EEL201,16084901,311,300
12042026_EEL201,,2026-04-12,EEL201,16085222,381,343
14042026_EEL201,,2026-04-14,EEL201,16092413,311,171
14042026_EEL201,,2026-04-14,EEL201,16093102,301,490
14042026_EEL201,,2026-04-14,EEL201,16093527,799,897
15042026_EEL201,,2026-04-15,EEL201,16031393,799,897
16042026_EEL201,,2026-04-16,EEL201,16100736,311,490
16042026_EEL201,,2026-04-16,EEL201,16101364,311,620
16042026_EEL201,,2026-04-16,EEL201,16102604,311,620
17042026_EEL201,,2026-04-17,EEL201,16105260,341,460
17042026_EEL201,,2026-04-17,EEL201,16105832,343,301
17042026_EEL201,,2026-04-17,EEL201,16106692,341,300
18042026_EEL201,,2026-04-18,EEL201,16109275,312,300
18042026_EEL201,,2026-04-18,EEL201,16109894,343,490
23042026_EEL201,,2026-04-23,EEL201,16125226,799,897
23042026_EEL201,,2026-04-23,EEL201,16124153,799,897
23042026_EEL201,,2026-04-23,EEL201,16126254,799,897
23042026_EEL201,,2026-04-23,EEL201,16126174,311,490
23042026_EEL201,,2026-04-23,EEL201,16126279,799,897
24042026_EEL201,,2026-04-24,EEL201,16129569,342,343
24042026_EEL201,,2026-04-24,EEL201,16130065,312,300
24042026_EEL201,,2026-04-24,EEL201,16130286,311,490
28042026_EEL201,,2026-04-28,EEL201,16137799,799,897
28042026_EEL201,,2026-04-28,EEL201,16145097,799,897
30042026_EEL201,,2026-04-30,EEL201,16154020,126,880
30042026_EEL201,,2026-04-30,EEL201,16152950,301,180
01042026_EEL200,51655,2026-04-01,EEL200,16039528,799,897
01042026_EEL200,311098,2026-04-01,EEL200,16039528,799,897
01042026_EEL200,51655,2026-04-01,EEL200,16041570,799,897
01042026_EEL200,311098,2026-04-01,EEL200,16041570,799,897
01042026_EEL200,51655,2026-04-01,EEL200,16043205,104,180
01042026_EEL200,311098,2026-04-01,EEL200,16043205,104,180
02042026_EEL200,51655,2026-04-02,EEL200,16045097,311,490
02042026_EEL200,311240,2026-04-02,EEL200,16045097,311,490
02042026_EEL200,311098,2026-04-02,EEL200,16045097,311,490
02042026_EEL200,51655,2026-04-02,EEL200,15536218,799,897
02042026_EEL200,311240,2026-04-02,EEL200,15536218,799,897
02042026_EEL200,311098,2026-04-02,EEL200,15536218,799,897
03042026_EEL200,51655,2026-04-03,EEL200,16047450,799,897
03042026_EEL200,311098,2026-04-03,EEL200,16047450,799,897
03042026_EEL200,51655,2026-04-03,EEL200,16049588,799,897
03042026_EEL200,311098,2026-04-03,EEL200,16049588,799,897
04042026_EEL200,51655,2026-04-04,EEL200,16052387,311,490
04042026_EEL200,311098,2026-04-04,EEL200,16052387,311,490
04042026_EEL200,51655,2026-04-04,EEL200,16052875,799,897
04042026_EEL200,311098,2026-04-04,EEL200,16052875,799,897
04042026_EEL200,51655,2026-04-04,EEL200,16052893,799,897
04042026_EEL200,311098,2026-04-04,EEL200,16052893,799,897
05042026_EEL200,311144,2026-04-05,EEL200,16052857,799,897
05042026_EEL200,31371,2026-04-05,EEL200,16052857,799,897
05042026_EEL200,311144,2026-04-05,EEL200,16055841,341,300
05042026_EEL200,31371,2026-04-05,EEL200,16055841,341,300
05042026_EEL200,311144,2026-04-05,EEL200,16055979,799,899
05042026_EEL200,31371,2026-04-05,EEL200,16055979,799,899
07042026_EEL200,51655,2026-04-07,EEL200,16062584,301,10
07042026_EEL200,311098,2026-04-07,EEL200,16062584,301,10
07042026_EEL200,51655,2026-04-07,EEL200,16062978,311,490
07042026_EEL200,311098,2026-04-07,EEL200,16062978,311,490
07042026_EEL200,51655,2026-04-07,EEL200,16063308,311,490
07042026_EEL200,311098,2026-04-07,EEL200,16063308,311,490
07042026_EEL200,51655,2026-04-07,EEL200,16064495,311,440
07042026_EEL200,311098,2026-04-07,EEL200,16064495,311,440
08042026_EEL200,51655,2026-04-08,EEL200,16066465,311,490
08042026_EEL200,311098,2026-04-08,EEL200,16066465,311,490
08042026_EEL200,51655,2026-04-08,EEL200,16067915,311,490
08042026_EEL200,311098,2026-04-08,EEL200,16067915,311,490
08042026_EEL200,51655,2026-04-08,EEL200,16069588,341,490
08042026_EEL200,311098,2026-04-08,EEL200,16069588,341,490
09042026_EEL200,51655,2026-04-09,EEL200,16071979,342,300
09042026_EEL200,311098,2026-04-09,EEL200,16071979,342,300
09042026_EEL200,51655,2026-04-09,EEL200,16073363,311,311
09042026_EEL200,311098,2026-04-09,EEL200,16073363,311,311
09042026_EEL200,51655,2026-04-09,EEL200,16073851,104,890
09042026_EEL200,311098,2026-04-09,EEL200,16073851,104,890
09042026_EEL200,51655,2026-04-09,EEL200,16074103,311,311
09042026_EEL200,311098,2026-04-09,EEL200,16074103,311,311
10042026_EEL200,51655,2026-04-10,EEL200,16076575,301,440
10042026_EEL200,311098,2026-04-10,EEL200,16076575,301,440
10042026_EEL200,51655,2026-04-10,EEL200,16076963,301,490
10042026_EEL200,311098,2026-04-10,EEL200,16076963,301,490
11042026_EEL200,51655,2026-04-11,EEL200,16058462,799,897
11042026_EEL200,311098,2026-04-11,EEL200,16058462,799,897
11042026_EEL200,51655,2026-04-11,EEL200,16081115,201,180
11042026_EEL200,311098,2026-04-11,EEL200,16081115,201,180
11042026_EEL200,51655,2026-04-11,EEL200,16081769,311,300
11042026_EEL200,311098,2026-04-11,EEL200,16081769,311,300
12042026_EEL200,311144,2026-04-12,EEL200,16084345,799,897
12042026_EEL200,311144,2026-04-12,EEL200,15677017,799,899
12042026_EEL200,311144,2026-04-12,EEL200,15597453,799,897
12042026_EEL200,311144,2026-04-12,EEL200,16056182,799,899
14042026_EEL200,51655,2026-04-14,EEL200,16092179,311,460
14042026_EEL200,311098,2026-04-14,EEL200,16092179,311,460
14042026_EEL200,51655,2026-04-14,EEL200,16092920,341,440
14042026_EEL200,311098,2026-04-14,EEL200,16092920,341,440
14042026_EEL200,51655,2026-04-14,EEL200,16093517,799,897
14042026_EEL200,311098,2026-04-14,EEL200,16093517,799,897
14042026_EEL200,51655,2026-04-14,EEL200,16094252,311,490
14042026_EEL200,311098,2026-04-14,EEL200,16094252,311,490
15042026_EEL200,51655,2026-04-15,EEL200,16096712,301,300
15042026_EEL200,311098,2026-04-15,EEL200,16096712,301,300
15042026_EEL200,51655,2026-04-15,EEL200,16097110,128,300
15042026_EEL200,311098,2026-04-15,EEL200,16097110,128,300
15042026_EEL200,51655,2026-04-15,EEL200,16097570,201,490
15042026_EEL200,311098,2026-04-15,EEL200,16097570,201,490
16042026_EEL200,1112687,2026-04-16,EEL200,16100720,311,300
16042026_EEL200,311098,2026-04-16,EEL200,16100720,311,300
16042026_EEL200,1112687,2026-04-16,EEL200,16100618,799,897
16042026_EEL200,311098,2026-04-16,EEL200,16100618,799,897
17042026_EEL200,1112687,2026-04-17,EEL200,16105597,201,920
17042026_EEL200,1112687,2026-04-17,EEL200,16102814,799,897
18042026_EEL200,51655,2026-04-18,EEL200,16109018,104,890
18042026_EEL200,1112687,2026-04-18,EEL200,16109018,104,890
18042026_EEL200,311098,2026-04-18,EEL200,16109018,104,890
18042026_EEL200,51655,2026-04-18,EEL200,16109186,311,490
18042026_EEL200,1112687,2026-04-18,EEL200,16109186,311,490
18042026_EEL200,311098,2026-04-18,EEL200,16109186,311,490
18042026_EEL200,51655,2026-04-18,EEL200,16109673,341,490
18042026_EEL200,1112687,2026-04-18,EEL200,16109673,341,490
18042026_EEL200,311098,2026-04-18,EEL200,16109673,341,490
18042026_EEL200,51655,2026-04-18,EEL200,16110102,311,490
18042026_EEL200,1112687,2026-04-18,EEL200,16110102,311,490
18042026_EEL200,311098,2026-04-18,EEL200,16110102,311,490
22042026_EEL200,311098,2026-04-22,EEL200,16121536,311,490
22042026_EEL200,311098,2026-04-22,EEL200,16121889,311,311
22042026_EEL200,311098,2026-04-22,EEL200,16056692,799,898
22042026_EEL200,311098,2026-04-22,EEL200,16058383,799,898
23042026_EEL200,51655,2026-04-23,EEL200,16125362,311,311
23042026_EEL200,311098,2026-04-23,EEL200,16125362,311,311
23042026_EEL200,51655,2026-04-23,EEL200,16125670,311,300
23042026_EEL200,311098,2026-04-23,EEL200,16125670,311,300
23042026_EEL200,51655,2026-04-23,EEL200,16126274,311,490
23042026_EEL200,311098,2026-04-23,EEL200,16126274,311,490
23042026_EEL200,51655,2026-04-23,EEL200,16127006,128,300
23042026_EEL200,311098,2026-04-23,EEL200,16127006,128,300
24042026_EEL200,51655,2026-04-24,EEL200,16126293,799,899
24042026_EEL200,311098,2026-04-24,EEL200,16126293,799,899
24042026_EEL200,51655,2026-04-24,EEL200,16130030,799,898
24042026_EEL200,311098,2026-04-24,EEL200,16130030,799,898
24042026_EEL200,51655,2026-04-24,EEL200,16131191,311,490
24042026_EEL200,311098,2026-04-24,EEL200,16131191,311,490
28042026_EEL200,51655,2026-04-28,EEL200,16136715,799,897
28042026_EEL200,311098,2026-04-28,EEL200,16136715,799,897
30042026_EEL200,,2026-04-30,EEL200,16153950,201,10
30042026_EEL200,,2026-04-30,EEL200,16154559,311,490
30042026_EEL200,,2026-04-30,EEL200,16154793,311,620
30042026_EEL200,,2026-04-30,EEL200,16155832,341,440
30042026_EEL200,,2026-04-30,EEL200,16156052,799,897
30042026_EEL154,1112379,2026-04-30,EEL154,16156681,343,440
30042026_EEL154,512084,2026-04-30,EEL154,16156681,343,440
22042026_EEL153,,2026-04-22,EEL153,16124471,301,440
24042026_EEL153,51639,2026-04-24,EEL153,16151425,341,490
24042026_EEL153,51406,2026-04-24,EEL153,16151425,341,490
27042026_EEL153,51406,2026-04-27,EEL153,16142811,201,180
27042026_EEL153,51639,2026-04-27,EEL153,16142811,201,180
27042026_EEL153,51406,2026-04-27,EEL153,16143175,301,490
27042026_EEL153,51639,2026-04-27,EEL153,16143175,301,490
01042026_EEL152,511108,2026-04-01,EEL152,16044521,381,325
01042026_EEL152,511108,2026-04-01,EEL152,16044871,799,897
03042026_EEL152,511108,2026-04-03,EEL152,16052301,799,897
03042026_EEL152,511134,2026-04-03,EEL152,16052301,799,897
04042026_EEL152,511134,2026-04-04,EEL152,16054497,201,490
04042026_EEL152,1112844,2026-04-04,EEL152,16054497,201,490
04042026_EEL152,511108,2026-04-04,EEL152,16054497,201,490
08042026_EEL151,1112356,2026-04-08,EEL151,16070196,341,490
08042026_EEL151,1112356,2026-04-08,EEL151,16071979,342,300
22042026_EEL151,511149,2026-04-22,EEL151,16124203,341,620
22042026_EEL151,512133,2026-04-22,EEL151,16124203,341,620
22042026_EEL151,511149,2026-04-22,EEL151,16124492,129,880
22042026_EEL151,512133,2026-04-22,EEL151,16124492,129,880
22042026_EEL151,511149,2026-04-22,EEL151,16124759,799,898
22042026_EEL151,512133,2026-04-22,EEL151,16124759,799,898
22042026_EEL151,511149,2026-04-22,EEL151,16124762,341,440
22042026_EEL151,512133,2026-04-22,EEL151,16124762,341,440
28042026_EEL151,511102,2026-04-28,EEL151,16145741,126,880
28042026_EEL151,1112356,2026-04-28,EEL151,16145741,126,880
01042026_EEL136,311658,2026-04-01,EEL136,16043433,341,620
01042026_EEL136,311658,2026-04-01,EEL136,16043645,341,620
06042026_EEL135,51404,2026-04-06,EEL135,16060918,799,897
06042026_EEL135,51404,2026-04-06,EEL135,16060959,331,300
02042026_EEL131,51620,2026-04-02,EEL131,16048105,301,440
02042026_EEL131,51624,2026-04-02,EEL131,16048105,301,440
04042026_EEL131,51590,2026-04-04,EEL131,16054587,311,440
04042026_EEL131,51624,2026-04-04,EEL131,16054587,311,440
08042026_EEL131,51624,2026-04-08,EEL131,16070598,311,440
08042026_EEL131,51624,2026-04-08,EEL131,16070372,129,880
08042026_EEL131,51624,2026-04-08,EEL131,16071318,342,343
15042026_EEL131,51624,2026-04-15,EEL131,16098854,341,440
15042026_EEL131,51624,2026-04-15,EEL131,16043443,799,897
18042026_EEL131,51624,2026-04-18,EEL131,16110741,127,880
18042026_EEL131,51624,2026-04-18,EEL131,16111145,311,440
19042026_EEL131,51624,2026-04-19,EEL131,16113318,311,620
19042026_EEL131,51624,2026-04-19,EEL131,16113551,311,440
19042026_EEL131,51624,2026-04-19,EEL131,16114049,342,343
26042026_EEL131,51624,2026-04-26,EEL131,16136782,799,897
26042026_EEL131,51590,2026-04-26,EEL131,16136782,799,897
26042026_EEL131,51624,2026-04-26,EEL131,16137833,311,620
26042026_EEL131,51590,2026-04-26,EEL131,16137833,311,620
26042026_EEL131,51624,2026-04-26,EEL131,16137839,311,440
26042026_EEL131,51590,2026-04-26,EEL131,16137839,311,440
26042026_EEL131,51624,2026-04-26,EEL131,16138190,201,490
26042026_EEL131,51590,2026-04-26,EEL131,16138190,201,490
29042026_EEL131,51624,2026-04-29,EEL131,16151032,342,343
29042026_EEL131,511048,2026-04-29,EEL131,16151032,342,343
29042026_EEL131,51590,2026-04-29,EEL131,16151032,342,343
29042026_EEL131,51624,2026-04-29,EEL131,16151558,342,343
29042026_EEL131,511048,2026-04-29,EEL131,16151558,342,343
29042026_EEL131,51590,2026-04-29,EEL131,16151558,342,343
30042026_EEL131,51624,2026-04-30,EEL131,16156082,343,440
30042026_EEL131,511048,2026-04-30,EEL131,16156082,343,440
30042026_EEL131,51590,2026-04-30,EEL131,16156082,343,440
30042026_EEL131,51624,2026-04-30,EEL131,16155053,799,897
30042026_EEL131,511048,2026-04-30,EEL131,16155053,799,897
30042026_EEL131,51590,2026-04-30,EEL131,16155053,799,897
30042026_EEL131,51624,2026-04-30,EEL131,16156763,129,880
30042026_EEL131,511048,2026-04-30,EEL131,16156763,129,880
30042026_EEL131,51590,2026-04-30,EEL131,16156763,129,880
29042026_EEL127,512009,2026-04-29,EEL127,16136742,799,897
29042026_EEL127,512009,2026-04-29,EEL127,16150676,341,440
29042026_EEL127,512009,2026-04-29,EEL127,16151060,311,490
29042026_EEL127,512009,2026-04-29,EEL127,16152175,341,300
03042026_EEL125,31812,2026-04-03,EEL125,16050588,311,300
03042026_EEL125,511047,2026-04-03,EEL125,16050588,311,300
03042026_EEL125,1112730,2026-04-03,EEL125,16050588,311,300
03042026_EEL125,31812,2026-04-03,EEL125,15726116,799,897
03042026_EEL125,511047,2026-04-03,EEL125,15726116,799,897
03042026_EEL125,1112730,2026-04-03,EEL125,15726116,799,897
03042026_EEL125,31812,2026-04-03,EEL125,15860931,799,897
03042026_EEL125,511047,2026-04-03,EEL125,15860931,799,897
03042026_EEL125,1112730,2026-04-03,EEL125,15860931,799,897
10042026_EEL125,51620,2026-04-10,EEL125,16078580,201,10
10042026_EEL125,51620,2026-04-10,EEL125,16078724,311,490
15042026_EEL125,51620,2026-04-15,EEL125,16098349,799,897
15042026_EEL125,511090,2026-04-15,EEL125,16098349,799,897
15042026_EEL125,51620,2026-04-15,EEL125,16098895,311,440
15042026_EEL125,511090,2026-04-15,EEL125,16098895,311,440
16042026_EEL125,51620,2026-04-16,EEL125,16101482,311,440
16042026_EEL125,511090,2026-04-16,EEL125,16101482,311,440
17042026_EEL125,511080,2026-04-17,EEL125,16106416,311,440
17042026_EEL125,311926,2026-04-17,EEL125,16106416,311,440
17042026_EEL125,1112730,2026-04-17,EEL125,16106416,311,440
17042026_EEL125,511080,2026-04-17,EEL125,16106580,311,300
17042026_EEL125,311926,2026-04-17,EEL125,16106580,311,300
17042026_EEL125,1112730,2026-04-17,EEL125,16106580,311,300
18042026_EEL125,311926,2026-04-18,EEL125,16109900,331,325
18042026_EEL125,511080,2026-04-18,EEL125,16109900,331,325
18042026_EEL125,311926,2026-04-18,EEL125,16110384,312,300
18042026_EEL125,511080,2026-04-18,EEL125,16110384,312,300
18042026_EEL125,311926,2026-04-18,EEL125,16110508,799,897
18042026_EEL125,511080,2026-04-18,EEL125,16110508,799,897
19042026_EEL125,1112730,2026-04-19,EEL125,16112986,311,440
19042026_EEL125,511080,2026-04-19,EEL125,16112986,311,440
19042026_EEL125,1112730,2026-04-19,EEL125,16112976,311,440
19042026_EEL125,511080,2026-04-19,EEL125,16112976,311,440
19042026_EEL125,1112730,2026-04-19,EEL125,16113452,311,300
19042026_EEL125,511080,2026-04-19,EEL125,16113452,311,300
20042026_EEL125,51620,2026-04-20,EEL125,15881858,799,897
20042026_EEL125,511090,2026-04-20,EEL125,15881858,799,897
20042026_EEL125,51620,2026-04-20,EEL125,16076734,799,897
20042026_EEL125,511090,2026-04-20,EEL125,16076734,799,897
20042026_EEL125,51620,2026-04-20,EEL125,16116767,311,300
20042026_EEL125,511090,2026-04-20,EEL125,16116767,311,300
21042026_EEL125,51620,2026-04-21,EEL125,15881886,799,897
21042026_EEL125,511090,2026-04-21,EEL125,15881886,799,897
21042026_EEL125,51620,2026-04-21,EEL125,16119326,311,440
21042026_EEL125,511090,2026-04-21,EEL125,16119326,311,440
21042026_EEL125,51620,2026-04-21,EEL125,16119618,311,440
21042026_EEL125,511090,2026-04-21,EEL125,16119618,311,440
21042026_EEL125,51620,2026-04-21,EEL125,16119754,311,440
21042026_EEL125,511090,2026-04-21,EEL125,16119754,311,440
19042026_EEL124,512000,2026-04-19,EEL124,16112932,201,300
19042026_EEL124,511047,2026-04-19,EEL124,16112932,201,300
19042026_EEL124,512000,2026-04-19,EEL124,16113118,311,490
19042026_EEL124,511047,2026-04-19,EEL124,16113118,311,490
25042026_EEL124,51620,2026-04-25,EEL124,16134735,311,440
25042026_EEL124,511090,2026-04-25,EEL124,16134735,311,440
29042026_EEL124,311612,2026-04-29,EEL124,16150124,342,343
29042026_EEL124,311612,2026-04-29,EEL124,16151219,342,343
29042026_EEL122,311645,2026-04-29,EEL122,16131337,799,899
29042026_EEL122,1112730,2026-04-29,EEL122,16131337,799,899
29042026_EEL122,511047,2026-04-29,EEL122,16131337,799,899
29042026_EEL122,311645,2026-04-29,EEL122,16150754,311,490
29042026_EEL122,1112730,2026-04-29,EEL122,16150754,311,490
29042026_EEL122,511047,2026-04-29,EEL122,16150754,311,490
29042026_EEL122,311645,2026-04-29,EEL122,16151184,343,490
29042026_EEL122,1112730,2026-04-29,EEL122,16151184,343,490
29042026_EEL122,511047,2026-04-29,EEL122,16151184,343,490
30042026_EEL122,311645,2026-04-30,EEL122,16155691,311,490
30042026_EEL122,1112730,2026-04-30,EEL122,16155691,311,490
30042026_EEL122,311645,2026-04-30,EEL122,16156236,311,300
30042026_EEL122,1112730,2026-04-30,EEL122,16156236,311,300
30042026_EEL122,311645,2026-04-30,EEL122,16156406,311,490
30042026_EEL122,1112730,2026-04-30,EEL122,16156406,311,490
07042026_EEL121,311898,2026-04-07,EEL121,16062935,311,490
07042026_EEL121,311898,2026-04-07,EEL121,16064830,341,300
07042026_EEL121,311898,2026-04-07,EEL121,16065616,301,180
07042026_EEL121,311898,2026-04-07,EEL121,16065153,341,300
11042026_EEL121,311898,2026-04-11,EEL121,16082020,311,180
11042026_EEL121,1112653,2026-04-11,EEL121,16082020,311,180
11042026_EEL121,311898,2026-04-11,EEL121,16082347,311,440
11042026_EEL121,1112653,2026-04-11,EEL121,16082347,311,440
11042026_EEL121,311898,2026-04-11,EEL121,16082614,312,300
11042026_EEL121,1112653,2026-04-11,EEL121,16082614,312,300
12042026_EEL121,311898,2026-04-12,EEL121,16085531,201,180
12042026_EEL121,311898,2026-04-12,EEL121,16085712,201,490
17042026_EEL121,512110,2026-04-17,EEL121,16106379,311,180
04042026_EEL120,511088,2026-04-04,EEL120,16053849,312,300
04042026_EEL120,511051,2026-04-04,EEL120,16053849,312,300
04042026_EEL120,511103,2026-04-04,EEL120,16053849,312,300
04042026_EEL120,511107,2026-04-04,EEL120,16053849,312,300
04042026_EEL120,511088,2026-04-04,EEL120,16054328,312,300
04042026_EEL120,511051,2026-04-04,EEL120,16054328,312,300
04042026_EEL120,511103,2026-04-04,EEL120,16054328,312,300
04042026_EEL120,511107,2026-04-04,EEL120,16054328,312,300
05042026_EEL120,511051,2026-04-05,EEL120,16055966,799,897
05042026_EEL120,511088,2026-04-05,EEL120,16055966,799,897
05042026_EEL120,511133,2026-04-05,EEL120,16055966,799,897
05042026_EEL120,511103,2026-04-05,EEL120,16055966,799,897
05042026_EEL120,511107,2026-04-05,EEL120,16055966,799,897
05042026_EEL120,511051,2026-04-05,EEL120,16057029,312,300
05042026_EEL120,511088,2026-04-05,EEL120,16057029,312,300
05042026_EEL120,511133,2026-04-05,EEL120,16057029,312,300
05042026_EEL120,511103,2026-04-05,EEL120,16057029,312,300
05042026_EEL120,511107,2026-04-05,EEL120,16057029,312,300
09042026_EEL120,511107,2026-04-09,EEL120,16074038,121,343
09042026_EEL120,511088,2026-04-09,EEL120,16074038,121,343
09042026_EEL120,511103,2026-04-09,EEL120,16074038,121,343
13042026_EEL120,511106,2026-04-13,EEL120,16090263,341,440
13042026_EEL120,511133,2026-04-13,EEL120,16090263,341,440
13042026_EEL120,511103,2026-04-13,EEL120,16090263,341,440
13042026_EEL120,511088,2026-04-13,EEL120,16090263,341,440
13042026_EEL120,511107,2026-04-13,EEL120,16090263,341,440
20042026_EEL120,511103,2026-04-20,EEL120,16125675,341,300
20042026_EEL120,511088,2026-04-20,EEL120,16125675,341,300
20042026_EEL120,511103,2026-04-20,EEL120,16136768,311,311
20042026_EEL120,511088,2026-04-20,EEL120,16136768,311,311
22042026_EEL108,311114,2026-04-22,EEL108,16058351,799,897
30042026_EEL105,311483,2026-04-30,EEL105,16153608,301,311
30042026_EEL105,511045,2026-04-30,EEL105,16153608,301,311
30042026_EEL105,311483,2026-04-30,EEL105,16155801,201,490
30042026_EEL105,511045,2026-04-30,EEL105,16155801,201,490
30042026_EEL105,311483,2026-04-30,EEL105,16156030,311,300
30042026_EEL105,511045,2026-04-30,EEL105,16156030,311,300
30042026_EEL105,311483,2026-04-30,EEL105,16155801,201,490
30042026_EEL105,511045,2026-04-30,EEL105,16155801,201,490
25042026_EEL104,511050,2026-04-25,EEL104,16133713,311,311
25042026_EEL104,511062,2026-04-25,EEL104,16133713,311,311
25042026_EEL104,511050,2026-04-25,EEL104,16133830,311,440
25042026_EEL104,511062,2026-04-25,EEL104,16133830,311,440
29042026_EEL103,311929,2026-04-29,EEL103,16147957,311,200
29042026_EEL103,311335,2026-04-29,EEL103,16147957,311,200
30042026_EEL103,1112829,2026-04-30,EEL103,16153558,201,180
30042026_EEL103,1112669,2026-04-30,EEL103,16153558,201,180
30042026_EEL103,311775,2026-04-30,EEL103,16153558,201,180
23042026_ECL703,1112831,2026-04-23,ECL703,16064205,799,897
23042026_ECL703,1112600,2026-04-23,ECL703,16064205,799,897
23042026_ECL703,1112831,2026-04-23,ECL703,16126622,341,443
23042026_ECL703,1112600,2026-04-23,ECL703,16126622,341,443
24042026_ECL703,1112754,2026-04-24,ECL703,16130013,799,897
24042026_ECL703,1112831,2026-04-24,ECL703,16130013,799,897
24042026_ECL703,1112754,2026-04-24,ECL703,16130190,341,620
24042026_ECL703,1112831,2026-04-24,ECL703,16130190,341,620
24042026_ECL703,1112754,2026-04-24,ECL703,16130441,311,180
24042026_ECL703,1112831,2026-04-24,ECL703,16130441,311,180
24042026_ECL703,1112754,2026-04-24,ECL703,16130610,311,490
24042026_ECL703,1112831,2026-04-24,ECL703,16130610,311,490
02042026_ECL702,,2026-04-02,ECL702,16045604,301,180
27042026_ECL702,,2026-04-27,ECL702,16136049,799,899
27042026_ECL702,,2026-04-27,ECL702,16139911,341,300
27042026_ECL702,,2026-04-27,ECL702,16140562,341,300
10042026_ECL701,1112754,2026-04-10,ECL701,16058909,799,897
10042026_ECL701,1112600,2026-04-10,ECL701,16058909,799,897
10042026_ECL701,1112754,2026-04-10,ECL701,16077437,341,300
10042026_ECL701,1112600,2026-04-10,ECL701,16077437,341,300
24042026_ECL701,511119,2026-04-24,ECL701,16129463,342,343
24042026_ECL701,511119,2026-04-24,ECL701,16130209,799,897
24042026_ECL701,511119,2026-04-24,ECL701,16130318,342,343
28042026_ECL701,1112564,2026-04-28,ECL701,16145620,341,620
28042026_ECL701,1112566,2026-04-28,ECL701,16145620,341,620
28042026_ECL701,1112564,2026-04-28,ECL701,16145961,311,301
28042026_ECL701,1112566,2026-04-28,ECL701,16145961,311,301
04042026_ECL322,511111,2026-04-04,ECL322,16053869,311,490
04042026_ECL322,511111,2026-04-04,ECL322,16054177,343,300
04042026_ECL322,511111,2026-04-04,ECL322,16053725,311,490
05042026_ECL322,511111,2026-04-05,ECL322,16056678,799,897
05042026_ECL322,511111,2026-04-05,ECL322,16056790,311,20
05042026_ECL322,511111,2026-04-05,ECL322,16056918,311,490
05042026_ECL322,511111,2026-04-05,ECL322,16057551,311,300
05042026_ECL322,511111,2026-04-05,ECL322,16057661,311,490
10042026_ECL322,511168,2026-04-10,ECL322,16067670,799,897
10042026_ECL322,511111,2026-04-10,ECL322,16067670,799,897
10042026_ECL322,511168,2026-04-10,ECL322,16079166,311,490
10042026_ECL322,511111,2026-04-10,ECL322,16079166,311,490
10042026_ECL322,511168,2026-04-10,ECL322,16078688,343,300
10042026_ECL322,511111,2026-04-10,ECL322,16078688,343,300
10042026_ECL322,511168,2026-04-10,ECL322,16079398,126,880
10042026_ECL322,511111,2026-04-10,ECL322,16079398,126,880
15042026_ECL322,511168,2026-04-15,ECL322,16098848,311,440
15042026_ECL322,511111,2026-04-15,ECL322,16098848,311,440
15042026_ECL322,511168,2026-04-15,ECL322,16098705,311,311
15042026_ECL322,511111,2026-04-15,ECL322,16098705,311,311
16042026_ECL322,511168,2026-04-16,ECL322,16101998,311,311
16042026_ECL322,511111,2026-04-16,ECL322,16101998,311,311
16042026_ECL322,511168,2026-04-16,ECL322,16103094,342,343
16042026_ECL322,511111,2026-04-16,ECL322,16103094,342,343
16042026_ECL322,511168,2026-04-16,ECL322,16102913,343,440
16042026_ECL322,511111,2026-04-16,ECL322,16102913,343,440
16042026_ECL322,511168,2026-04-16,ECL322,16103200,311,490
16042026_ECL322,511111,2026-04-16,ECL322,16103200,311,490
16042026_ECL322,511168,2026-04-16,ECL322,16103819,343,300
16042026_ECL322,511111,2026-04-16,ECL322,16103819,343,300
17042026_ECL322,51616,2026-04-17,ECL322,16107283,331,300
17042026_ECL322,1112789,2026-04-17,ECL322,16107283,331,300
17042026_ECL322,51616,2026-04-17,ECL322,16107647,331,300
17042026_ECL322,1112789,2026-04-17,ECL322,16107647,331,300
17042026_ECL322,51616,2026-04-17,ECL322,16108033,342,300
17042026_ECL322,1112789,2026-04-17,ECL322,16108033,342,300
18042026_ECL322,51616,2026-04-18,ECL322,16111022,799,897
18042026_ECL322,1112789,2026-04-18,ECL322,16111022,799,897
18042026_ECL322,51616,2026-04-18,ECL322,16110401,331,300
18042026_ECL322,1112789,2026-04-18,ECL322,16110401,331,300
18042026_ECL322,51616,2026-04-18,ECL322,16111314,331,300
18042026_ECL322,1112789,2026-04-18,ECL322,16111314,331,300
20042026_ECL322,511168,2026-04-20,ECL322,16115642,311,311
20042026_ECL322,511111,2026-04-20,ECL322,16115642,311,311
20042026_ECL322,511168,2026-04-20,ECL322,16116975,311,620
20042026_ECL322,511111,2026-04-20,ECL322,16116975,311,620
26042026_ECL322,511111,2026-04-26,ECL322,16131279,799,897
26042026_ECL322,511168,2026-04-26,ECL322,16131279,799,897
26042026_ECL322,511111,2026-04-26,ECL322,16137464,381,880
26042026_ECL322,511168,2026-04-26,ECL322,16137464,381,880
26042026_ECL322,511111,2026-04-26,ECL322,16137949,381,890
26042026_ECL322,511168,2026-04-26,ECL322,16137949,381,890
26042026_ECL322,511111,2026-04-26,ECL322,16138199,342,343
26042026_ECL322,511168,2026-04-26,ECL322,16138199,342,343
26042026_ECL322,511111,2026-04-26,ECL322,16138248,311,490
26042026_ECL322,511168,2026-04-26,ECL322,16138248,311,490
27042026_ECL322,51616,2026-04-27,ECL322,16141276,331,300
27042026_ECL322,1112789,2026-04-27,ECL322,16141276,331,300
27042026_ECL322,51616,2026-04-27,ECL322,16141914,331,300
27042026_ECL322,1112789,2026-04-27,ECL322,16141914,331,300
28042026_ECL322,1112789,2026-04-28,ECL322,16146284,342,300
28042026_ECL322,51616,2026-04-28,ECL322,16146284,342,300
28042026_ECL322,1112789,2026-04-28,ECL322,16147133,201,180
28042026_ECL322,51616,2026-04-28,ECL322,16147133,201,180
28042026_ECL322,1112789,2026-04-28,ECL322,16147364,342,300
28042026_ECL322,51616,2026-04-28,ECL322,16147364,342,300
29042026_ECL322,511145,2026-04-29,ECL322,16151762,312,300
29042026_ECL322,511144,2026-04-29,ECL322,16151762,312,300
30042026_ECL322,1112789,2026-04-30,ECL322,16156513,799,897
30042026_ECL322,51616,2026-04-30,ECL322,16156513,799,897
30042026_ECL322,1112789,2026-04-30,ECL322,16156873,342,300
30042026_ECL322,51616,2026-04-30,ECL322,16156873,342,300
30042026_ECL322,1112789,2026-04-30,ECL322,16157342,331,300
30042026_ECL322,51616,2026-04-30,ECL322,16157342,331,300
23042026_ECL321,511997,2026-04-23,ECL321,16127296,129,880
23042026_ECL321,511998,2026-04-23,ECL321,16127296,129,880
26042026_ECL321,511998,2026-04-26,ECL321,16137923,127,880
26042026_ECL321,511997,2026-04-26,ECL321,16137923,127,880
29042026_ECL321,311432,2026-04-29,ECL321,16150225,799,897
29042026_ECL321,311926,2026-04-29,ECL321,16150225,799,897
29042026_ECL321,311432,2026-04-29,ECL321,16151427,799,897
29042026_ECL321,311926,2026-04-29,ECL321,16151427,799,897
25042026_ECL320,51623,2026-04-25,ECL320,16134273,343,440
25042026_ECL320,1112730,2026-04-25,ECL320,16134273,343,440
25042026_ECL320,51623,2026-04-25,ECL320,16134630,343,490
25042026_ECL320,1112730,2026-04-25,ECL320,16134630,343,490
25042026_ECL320,51623,2026-04-25,ECL320,16135042,311,311
25042026_ECL320,1112730,2026-04-25,ECL320,16135042,311,311
26042026_ECL320,51623,2026-04-26,ECL320,16097180,799,897
26042026_ECL320,1112730,2026-04-26,ECL320,16097180,799,897
26042026_ECL320,51623,2026-04-26,ECL320,16137302,311,490
26042026_ECL320,1112730,2026-04-26,ECL320,16137302,311,490
26042026_ECL320,51623,2026-04-26,ECL320,16137750,311,620
26042026_ECL320,1112730,2026-04-26,ECL320,16137750,311,620
26042026_ECL320,51623,2026-04-26,ECL320,16137433,301,490
26042026_ECL320,1112730,2026-04-26,ECL320,16137433,301,490
29042026_ECL320,511066,2026-04-29,ECL320,16150189,799,897
29042026_ECL320,511065,2026-04-29,ECL320,16150189,799,897
04042026_ECL317,,2026-04-04,ECL317,16050014,799,897
04042026_ECL317,,2026-04-04,ECL317,16052746,799,897
04042026_ECL317,,2026-04-04,ECL317,16050487,799,897
04042026_ECL317,,2026-04-04,ECL317,16053016,343,620
05042026_ECL317,311712,2026-04-05,ECL317,16055487,799,897
05042026_ECL317,311450,2026-04-05,ECL317,16055487,799,897
05042026_ECL317,311712,2026-04-05,ECL317,16055643,799,897
05042026_ECL317,311450,2026-04-05,ECL317,16055643,799,897
05042026_ECL317,311712,2026-04-05,ECL317,16055568,799,897
05042026_ECL317,311450,2026-04-05,ECL317,16055568,799,897
05042026_ECL317,311712,2026-04-05,ECL317,16056137,799,897
05042026_ECL317,311450,2026-04-05,ECL317,16056137,799,897
05042026_ECL317,311712,2026-04-05,ECL317,16056594,799,897
05042026_ECL317,311450,2026-04-05,ECL317,16056594,799,897
12042026_ECL317,31519,2026-04-12,ECL317,16084192,799,897
12042026_ECL317,311913,2026-04-12,ECL317,16084192,799,897
12042026_ECL317,31519,2026-04-12,ECL317,16084500,799,897
12042026_ECL317,311913,2026-04-12,ECL317,16084500,799,897
12042026_ECL317,31519,2026-04-12,ECL317,15764011,799,897
12042026_ECL317,311913,2026-04-12,ECL317,15764011,799,897
12042026_ECL317,31519,2026-04-12,ECL317,16084493,799,897
12042026_ECL317,311913,2026-04-12,ECL317,16084493,799,897
12042026_ECL317,31519,2026-04-12,ECL317,16084759,331,440
12042026_ECL317,311913,2026-04-12,ECL317,16084759,331,440
18042026_ECL317,1112325,2026-04-18,ECL317,16107142,799,897
19042026_ECL317,3119,2026-04-19,ECL317,16111438,799,897
19042026_ECL317,3116,2026-04-19,ECL317,16111438,799,897
19042026_ECL317,3119,2026-04-19,ECL317,16112292,343,620
19042026_ECL317,3116,2026-04-19,ECL317,16112292,343,620
19042026_ECL317,3119,2026-04-19,ECL317,16112464,311,620
19042026_ECL317,3116,2026-04-19,ECL317,16112464,311,620
19042026_ECL317,3119,2026-04-19,ECL317,16084383,799,897
19042026_ECL317,3116,2026-04-19,ECL317,16084383,799,897
19042026_ECL317,3119,2026-04-19,ECL317,16113111,311,620
19042026_ECL317,3116,2026-04-19,ECL317,16113111,311,620
21042026_ECL317,311410,2026-04-21,ECL317,16118132,341,440
21042026_ECL317,311682,2026-04-21,ECL317,16118132,341,440
21042026_ECL317,311410,2026-04-21,ECL317,16118391,341,490
21042026_ECL317,311682,2026-04-21,ECL317,16118391,341,490
21042026_ECL317,311410,2026-04-21,ECL317,16118604,127,880
21042026_ECL317,311682,2026-04-21,ECL317,16118604,127,880
21042026_ECL317,311410,2026-04-21,ECL317,16076534,799,897
21042026_ECL317,311682,2026-04-21,ECL317,16076534,799,897
25042026_ECL317,311410,2026-04-25,ECL317,16132305,799,897
25042026_ECL317,31485,2026-04-25,ECL317,16132305,799,897
25042026_ECL317,311410,2026-04-25,ECL317,15133614,799,897
25042026_ECL317,31485,2026-04-25,ECL317,15133614,799,897
25042026_ECL317,311410,2026-04-25,ECL317,16134345,341,440
25042026_ECL317,31485,2026-04-25,ECL317,16134345,341,440
26042026_ECL317,311410,2026-04-26,ECL317,16128658,799,897
26042026_ECL317,31485,2026-04-26,ECL317,16128658,799,897
26042026_ECL317,311410,2026-04-26,ECL317,16084914,799,897
26042026_ECL317,31485,2026-04-26,ECL317,16084914,799,897
26042026_ECL317,311410,2026-04-26,ECL317,16136824,311,300
26042026_ECL317,31485,2026-04-26,ECL317,16136824,311,300
05042026_ECL316,31888,2026-04-05,ECL316,16055483,799,899
05042026_ECL316,31200,2026-04-05,ECL316,16055483,799,899
05042026_ECL316,31888,2026-04-05,ECL316,16019047,799,899
05042026_ECL316,31200,2026-04-05,ECL316,16019047,799,899
05042026_ECL316,31888,2026-04-05,ECL316,16019056,799,899
05042026_ECL316,31200,2026-04-05,ECL316,16019056,799,899
05042026_ECL316,31888,2026-04-05,ECL316,16056591,799,899
05042026_ECL316,31200,2026-04-05,ECL316,16056591,799,899
12042026_ECL316,311191,2026-04-12,ECL316,16084092,799,897
12042026_ECL316,31213,2026-04-12,ECL316,16084092,799,897
12042026_ECL316,311191,2026-04-12,ECL316,16084400,799,897
12042026_ECL316,31213,2026-04-12,ECL316,16084400,799,897
12042026_ECL316,311191,2026-04-12,ECL316,16085484,799,897
12042026_ECL316,31213,2026-04-12,ECL316,16085484,799,897
18042026_ECL316,311906,2026-04-18,ECL316,16055528,799,897
18042026_ECL316,311592,2026-04-18,ECL316,16055528,799,897
18042026_ECL316,311906,2026-04-18,ECL316,16109383,311,10
18042026_ECL316,311592,2026-04-18,ECL316,16109383,311,10
18042026_ECL316,311906,2026-04-18,ECL316,16109643,311,10
18042026_ECL316,311592,2026-04-18,ECL316,16109643,311,10
18042026_ECL316,311906,2026-04-18,ECL316,16110594,799,897
18042026_ECL316,311592,2026-04-18,ECL316,16110594,799,897
19042026_ECL316,311333,2026-04-19,ECL316,16112188,311,620
19042026_ECL316,31899,2026-04-19,ECL316,16112188,311,620
19042026_ECL316,311333,2026-04-19,ECL316,16111439,799,897
19042026_ECL316,31899,2026-04-19,ECL316,16111439,799,897
21042026_ECL316,31510,2026-04-21,ECL316,16107987,799,897
21042026_ECL316,311712,2026-04-21,ECL316,16107987,799,897
21042026_ECL316,31510,2026-04-21,ECL316,16118212,799,897
21042026_ECL316,311712,2026-04-21,ECL316,16118212,799,897
21042026_ECL316,31510,2026-04-21,ECL316,16084325,799,897
21042026_ECL316,311712,2026-04-21,ECL316,16084325,799,897
21042026_ECL316,31510,2026-04-21,ECL316,16076665,799,897
21042026_ECL316,311712,2026-04-21,ECL316,16076665,799,897
21042026_ECL316,31510,2026-04-21,ECL316,16063242,799,897
21042026_ECL316,311712,2026-04-21,ECL316,16063242,799,897
21042026_ECL316,31510,2026-04-21,ECL316,16063758,799,897
21042026_ECL316,311712,2026-04-21,ECL316,16063758,799,897
21042026_ECL316,31510,2026-04-21,ECL316,16118895,311,620
21042026_ECL316,311712,2026-04-21,ECL316,16118895,311,620
21042026_ECL316,31510,2026-04-21,ECL316,16076920,799,897
21042026_ECL316,311712,2026-04-21,ECL316,16076920,799,897
26042026_ECL316,512044,2026-04-26,ECL316,16135981,799,897
26042026_ECL316,512045,2026-04-26,ECL316,16135981,799,897
26042026_ECL316,512044,2026-04-26,ECL316,16128661,799,897
26042026_ECL316,512045,2026-04-26,ECL316,16128661,799,897
26042026_ECL316,512044,2026-04-26,ECL316,16136531,799,897
26042026_ECL316,512045,2026-04-26,ECL316,16136531,799,897
26042026_ECL316,512044,2026-04-26,ECL316,16128662,799,899
26042026_ECL316,512045,2026-04-26,ECL316,16128662,799,899
26042026_ECL316,512044,2026-04-26,ECL316,16097680,799,899
26042026_ECL316,512045,2026-04-26,ECL316,16097680,799,899
26042026_ECL316,512044,2026-04-26,ECL316,16137096,311,20
26042026_ECL316,512045,2026-04-26,ECL316,16137096,311,20
26042026_ECL316,512044,2026-04-26,ECL316,16137338,799,897
26042026_ECL316,512045,2026-04-26,ECL316,16137338,799,897
03042026_ECL315,311410,2026-04-03,ECL315,16047463,799,897
03042026_ECL315,31485,2026-04-03,ECL315,16047463,799,897
03042026_ECL315,311410,2026-04-03,ECL315,16049590,341,440
03042026_ECL315,31485,2026-04-03,ECL315,16049590,341,440
03042026_ECL315,311410,2026-04-03,ECL315,16049807,341,440
03042026_ECL315,31485,2026-04-03,ECL315,16049807,341,440
03042026_ECL315,311410,2026-04-03,ECL315,16050757,799,897
03042026_ECL315,31485,2026-04-03,ECL315,16050757,799,897
04042026_ECL315,31873,2026-04-04,ECL315,16052023,799,897
04042026_ECL315,31865,2026-04-04,ECL315,16052023,799,897
04042026_ECL315,31873,2026-04-04,ECL315,15145107,799,899
04042026_ECL315,31865,2026-04-04,ECL315,15145107,799,899
04042026_ECL315,31873,2026-04-04,ECL315,16052856,799,899
04042026_ECL315,31865,2026-04-04,ECL315,16052856,799,899
05042026_ECL315,31305,2026-04-05,ECL315,16049988,799,897
05042026_ECL315,3144,2026-04-05,ECL315,16049988,799,897
05042026_ECL315,31305,2026-04-05,ECL315,16055581,312,10
05042026_ECL315,3144,2026-04-05,ECL315,16055581,312,10
05042026_ECL315,31305,2026-04-05,ECL315,16055575,799,897
05042026_ECL315,3144,2026-04-05,ECL315,16055575,799,897
05042026_ECL315,31305,2026-04-05,ECL315,16056134,799,897
05042026_ECL315,3144,2026-04-05,ECL315,16056134,799,897
05042026_ECL315,31305,2026-04-05,ECL315,16056596,799,897
05042026_ECL315,3144,2026-04-05,ECL315,16056596,799,897
11042026_ECL315,311810,2026-04-11,ECL315,16058294,799,897
11042026_ECL315,311909,2026-04-11,ECL315,16058294,799,897
11042026_ECL315,311810,2026-04-11,ECL315,16080621,311,11
11042026_ECL315,311909,2026-04-11,ECL315,16080621,311,11
11042026_ECL315,311810,2026-04-11,ECL315,16131483,341,301
11042026_ECL315,311909,2026-04-11,ECL315,16131483,341,301
12042026_ECL315,1112299,2026-04-12,ECL315,16078549,799,897
12042026_ECL315,311906,2026-04-12,ECL315,16078549,799,897
12042026_ECL315,1112299,2026-04-12,ECL315,16084462,799,897
12042026_ECL315,311906,2026-04-12,ECL315,16084462,799,897
12042026_ECL315,1112299,2026-04-12,ECL315,16084829,799,897
12042026_ECL315,311906,2026-04-12,ECL315,16084829,799,897
12042026_ECL315,1112299,2026-04-12,ECL315,16085139,799,897
12042026_ECL315,311906,2026-04-12,ECL315,16085139,799,897
18042026_ECL315,311451,2026-04-18,ECL315,16109105,799,897
18042026_ECL315,311430,2026-04-18,ECL315,16109105,799,897
18042026_ECL315,311451,2026-04-18,ECL315,16109400,311,490
18042026_ECL315,311430,2026-04-18,ECL315,16109400,311,490
18042026_ECL315,311451,2026-04-18,ECL315,16109519,311,20
18042026_ECL315,311430,2026-04-18,ECL315,16109519,311,20
18042026_ECL315,311451,2026-04-18,ECL315,16109675,311,20
18042026_ECL315,311430,2026-04-18,ECL315,16109675,311,20
18042026_ECL315,311451,2026-04-18,ECL315,16110477,312,300
18042026_ECL315,311430,2026-04-18,ECL315,16110477,312,300
19042026_ECL315,31507,2026-04-19,ECL315,16107968,799,899
19042026_ECL315,3150,2026-04-19,ECL315,16107968,799,899
19042026_ECL315,31507,2026-04-19,ECL315,16112477,311,300
19042026_ECL315,3150,2026-04-19,ECL315,16112477,311,300
19042026_ECL315,31507,2026-04-19,ECL315,16112938,381,343
19042026_ECL315,3150,2026-04-19,ECL315,16112938,381,343
21042026_ECL315,311605,2026-04-21,ECL315,16102954,799,897
21042026_ECL315,311816,2026-04-21,ECL315,16102954,799,897
21042026_ECL315,311605,2026-04-21,ECL315,16062511,799,897
21042026_ECL315,311816,2026-04-21,ECL315,16062511,799,897
21042026_ECL315,311605,2026-04-21,ECL315,15821192,799,897
21042026_ECL315,311816,2026-04-21,ECL315,15821192,799,897
25042026_ECL315,311603,2026-04-25,ECL315,16132311,799,897
25042026_ECL315,311193,2026-04-25,ECL315,16132311,799,897
25042026_ECL315,311603,2026-04-25,ECL315,16133146,311,300
25042026_ECL315,311193,2026-04-25,ECL315,16133146,311,300
25042026_ECL315,311603,2026-04-25,ECL315,16133317,341,300
25042026_ECL315,311193,2026-04-25,ECL315,16133317,341,300
25042026_ECL315,311603,2026-04-25,ECL315,16069893,799,897
25042026_ECL315,311193,2026-04-25,ECL315,16069893,799,897
25042026_ECL315,311603,2026-04-25,ECL315,16133727,311,300
25042026_ECL315,311193,2026-04-25,ECL315,16133727,311,300
25042026_ECL315,311603,2026-04-25,ECL315,15645707,799,897
25042026_ECL315,311193,2026-04-25,ECL315,15645707,799,897
26042026_ECL315,31213,2026-04-26,ECL315,16135979,799,897
26042026_ECL315,311191,2026-04-26,ECL315,16135979,799,897
26042026_ECL315,31213,2026-04-26,ECL315,16136644,311,20
26042026_ECL315,311191,2026-04-26,ECL315,16136644,311,20
26042026_ECL315,31213,2026-04-26,ECL315,16136981,311,180
26042026_ECL315,311191,2026-04-26,ECL315,16136981,311,180
03042026_ECL314,311845,2026-04-03,ECL314,16047410,799,897
03042026_ECL314,311605,2026-04-03,ECL314,16047410,799,897
03042026_ECL314,311845,2026-04-03,ECL314,15979944,799,897
03042026_ECL314,311605,2026-04-03,ECL314,15979944,799,897
03042026_ECL314,311845,2026-04-03,ECL314,16049625,312,10
03042026_ECL314,311605,2026-04-03,ECL314,16049625,312,10
03042026_ECL314,311845,2026-04-03,ECL314,16049815,343,150
03042026_ECL314,311605,2026-04-03,ECL314,16049815,343,150
03042026_ECL314,311845,2026-04-03,ECL314,16050304,312,10
03042026_ECL314,311605,2026-04-03,ECL314,16050304,312,10
04042026_ECL314,311816,2026-04-04,ECL314,16050017,799,897
04042026_ECL314,311817,2026-04-04,ECL314,16050017,799,897
04042026_ECL314,311816,2026-04-04,ECL314,16052794,799,897
04042026_ECL314,311817,2026-04-04,ECL314,16052794,799,897
04042026_ECL314,311816,2026-04-04,ECL314,16052938,311,620
04042026_ECL314,311817,2026-04-04,ECL314,16052938,311,620
04042026_ECL314,311816,2026-04-04,ECL314,16053514,341,620
04042026_ECL314,311817,2026-04-04,ECL314,16053514,341,620
05042026_ECL314,31519,2026-04-05,ECL314,16055373,799,897
05042026_ECL314,311913,2026-04-05,ECL314,16055373,799,897
05042026_ECL314,31519,2026-04-05,ECL314,16055672,799,897
05042026_ECL314,311913,2026-04-05,ECL314,16055672,799,897
05042026_ECL314,31519,2026-04-05,ECL314,16055587,799,897
05042026_ECL314,311913,2026-04-05,ECL314,16055587,799,897
05042026_ECL314,31519,2026-04-05,ECL314,16056605,799,897
05042026_ECL314,311913,2026-04-05,ECL314,16056605,799,897
11042026_ECL314,31888,2026-04-11,ECL314,16080565,799,899
11042026_ECL314,31888,2026-04-11,ECL314,16076632,799,899
11042026_ECL314,31888,2026-04-11,ECL314,16076068,799,899
11042026_ECL314,31888,2026-04-11,ECL314,16081367,312,300
18042026_ECL314,311410,2026-04-18,ECL314,16109068,341,440
18042026_ECL314,31485,2026-04-18,ECL314,16109068,341,440
18042026_ECL314,311410,2026-04-18,ECL314,16109332,311,440
18042026_ECL314,31485,2026-04-18,ECL314,16109332,311,440
18042026_ECL314,311410,2026-04-18,ECL314,16109752,341,440
18042026_ECL314,31485,2026-04-18,ECL314,16109752,341,440
19042026_ECL314,311410,2026-04-19,ECL314,16112239,301,200
19042026_ECL314,31485,2026-04-19,ECL314,16112239,301,200
19042026_ECL314,311410,2026-04-19,ECL314,16112421,341,300
19042026_ECL314,31485,2026-04-19,ECL314,16112421,341,300
19042026_ECL314,311410,2026-04-19,ECL314,16112597,301,300
19042026_ECL314,31485,2026-04-19,ECL314,16112597,301,300
19042026_ECL314,311410,2026-04-19,ECL314,16112861,311,620
19042026_ECL314,31485,2026-04-19,ECL314,16112861,311,620
21042026_ECL314,311810,2026-04-21,ECL314,16076389,799,897
21042026_ECL314,311909,2026-04-21,ECL314,16076389,799,897
21042026_ECL314,311810,2026-04-21,ECL314,16080478,799,897
21042026_ECL314,311909,2026-04-21,ECL314,16080478,799,897
21042026_ECL314,311810,2026-04-21,ECL314,16118884,311,490
21042026_ECL314,311909,2026-04-21,ECL314,16118884,311,490
26042026_ECL314,311456,2026-04-26,ECL314,16131265,799,897
26042026_ECL314,311081,2026-04-26,ECL314,16131265,799,897
26042026_ECL314,311456,2026-04-26,ECL314,16128657,799,897
26042026_ECL314,311081,2026-04-26,ECL314,16128657,799,897
26042026_ECL314,311456,2026-04-26,ECL314,16136539,799,897
26042026_ECL314,311081,2026-04-26,ECL314,16136539,799,897
26042026_ECL314,311456,2026-04-26,ECL314,16107612,799,897
26042026_ECL314,311081,2026-04-26,ECL314,16107612,799,897
26042026_ECL314,311456,2026-04-26,ECL314,16136887,341,325
26042026_ECL314,311081,2026-04-26,ECL314,16136887,341,325
26042026_ECL314,311456,2026-04-26,ECL314,16121155,799,897
26042026_ECL314,311081,2026-04-26,ECL314,16121155,799,897
03042026_ECL313,31200,2026-04-03,ECL313,16042306,799,899
03042026_ECL313,31888,2026-04-03,ECL313,16042306,799,899
03042026_ECL313,31200,2026-04-03,ECL313,15711619,799,899
03042026_ECL313,31888,2026-04-03,ECL313,15711619,799,899
03042026_ECL313,31200,2026-04-03,ECL313,16049788,311,10
03042026_ECL313,31888,2026-04-03,ECL313,16049788,311,10
03042026_ECL313,31200,2026-04-03,ECL313,16050426,799,899
03042026_ECL313,31888,2026-04-03,ECL313,16050426,799,899
04042026_ECL313,311410,2026-04-04,ECL313,16050024,799,897
04042026_ECL313,31485,2026-04-04,ECL313,16050024,799,897
04042026_ECL313,311410,2026-04-04,ECL313,16052797,799,897
04042026_ECL313,31485,2026-04-04,ECL313,16052797,799,897
04042026_ECL313,311410,2026-04-04,ECL313,16052863,341,440
04042026_ECL313,31485,2026-04-04,ECL313,16052863,341,440
11042026_ECL313,31485,2026-04-11,ECL313,16080572,799,897
11042026_ECL313,311410,2026-04-11,ECL313,16080572,799,897
11042026_ECL313,31485,2026-04-11,ECL313,16080880,341,440
11042026_ECL313,311410,2026-04-11,ECL313,16080880,341,440
11042026_ECL313,31485,2026-04-11,ECL313,15135076,799,897
11042026_ECL313,311410,2026-04-11,ECL313,15135076,799,897
11042026_ECL313,31485,2026-04-11,ECL313,15222864,799,897
11042026_ECL313,311410,2026-04-11,ECL313,15222864,799,897
12042026_ECL313,1112314,2026-04-12,ECL313,16077475,799,897
12042026_ECL313,311875,2026-04-12,ECL313,16077475,799,897
12042026_ECL313,1112314,2026-04-12,ECL313,16077099,799,897
12042026_ECL313,311875,2026-04-12,ECL313,16077099,799,897
12042026_ECL313,1112314,2026-04-12,ECL313,16084982,312,300
12042026_ECL313,311875,2026-04-12,ECL313,16084982,312,300
25042026_ECL313,311816,2026-04-25,ECL313,16131449,799,897
25042026_ECL313,311817,2026-04-25,ECL313,16131449,799,897
25042026_ECL313,311816,2026-04-25,ECL313,15500934,799,897
25042026_ECL313,311817,2026-04-25,ECL313,15500934,799,897
25042026_ECL313,311816,2026-04-25,ECL313,16133765,311,620
25042026_ECL313,311817,2026-04-25,ECL313,16133765,311,620
26042026_ECL313,,2026-04-26,ECL313,16127253,799,897
26042026_ECL313,,2026-04-26,ECL313,16136534,799,897
26042026_ECL313,,2026-04-26,ECL313,16106315,799,897
15042026_ECL306,311955,2026-04-15,ECL306,16098697,311,180
15042026_ECL306,1112814,2026-04-15,ECL306,16098697,311,180
15042026_ECL306,311955,2026-04-15,ECL306,16099153,311,440
15042026_ECL306,1112814,2026-04-15,ECL306,16099153,311,440
15042026_ECL306,311955,2026-04-15,ECL306,16099253,341,490
15042026_ECL306,1112814,2026-04-15,ECL306,16099253,341,490
04042026_ECL304,,2026-04-04,ECL304,16049982,799,897
22042026_ECL303,,2026-04-22,ECL303,16119387,799,897
22042026_ECL303,,2026-04-22,ECL303,16121556,341,620
22042026_ECL303,,2026-04-22,ECL303,16122549,341,620
14042026_ECL302,511066,2026-04-14,ECL302,16092490,343,620
14042026_ECL302,511065,2026-04-14,ECL302,16092490,343,620
01042026_ECL301,511109,2026-04-01,ECL301,16041184,341,490
01042026_ECL301,511171,2026-04-01,ECL301,16041184,341,490
01042026_ECL301,511109,2026-04-01,ECL301,16039424,799,899
01042026_ECL301,511171,2026-04-01,ECL301,16039424,799,899
01042026_ECL301,511109,2026-04-01,ECL301,16041997,341,300
01042026_ECL301,511171,2026-04-01,ECL301,16041997,341,300
01042026_ECL301,511109,2026-04-01,ECL301,16042217,341,300
01042026_ECL301,511171,2026-04-01,ECL301,16042217,341,300
02042026_ECL301,511171,2026-04-02,ECL301,16045077,341,620
02042026_ECL301,511171,2026-04-02,ECL301,16045349,341,300
02042026_ECL301,511171,2026-04-02,ECL301,16046204,799,899
03042026_ECL301,511109,2026-04-03,ECL301,16048493,341,490
03042026_ECL301,511171,2026-04-03,ECL301,16048493,341,490
03042026_ECL301,511109,2026-04-03,ECL301,16041938,799,899
03042026_ECL301,511171,2026-04-03,ECL301,16041938,799,899
03042026_ECL301,511109,2026-04-03,ECL301,16049586,341,620
03042026_ECL301,511171,2026-04-03,ECL301,16049586,341,620
03042026_ECL301,511109,2026-04-03,ECL301,16050040,341,620
03042026_ECL301,511171,2026-04-03,ECL301,16050040,341,620
06042026_ECL301,511109,2026-04-06,ECL301,16030859,799,899
06042026_ECL301,511171,2026-04-06,ECL301,16030859,799,899
06042026_ECL301,511109,2026-04-06,ECL301,16058577,341,490
06042026_ECL301,511171,2026-04-06,ECL301,16058577,341,490
06042026_ECL301,511109,2026-04-06,ECL301,16058822,341,490
06042026_ECL301,511171,2026-04-06,ECL301,16058822,341,490
06042026_ECL301,511109,2026-04-06,ECL301,16058966,341,300
06042026_ECL301,511171,2026-04-06,ECL301,16058966,341,300
06042026_ECL301,511109,2026-04-06,ECL301,16059665,341,490
06042026_ECL301,511171,2026-04-06,ECL301,16059665,341,490
07042026_ECL301,511109,2026-04-07,ECL301,16058531,799,899
07042026_ECL301,511171,2026-04-07,ECL301,16058531,799,899
07042026_ECL301,511109,2026-04-07,ECL301,16062746,341,490
07042026_ECL301,511171,2026-04-07,ECL301,16062746,341,490
07042026_ECL301,511109,2026-04-07,ECL301,16063266,799,897
07042026_ECL301,511171,2026-04-07,ECL301,16063266,799,897
07042026_ECL301,511109,2026-04-07,ECL301,16063596,799,897
07042026_ECL301,511171,2026-04-07,ECL301,16063596,799,897
07042026_ECL301,511109,2026-04-07,ECL301,16063955,341,490
07042026_ECL301,511171,2026-04-07,ECL301,16063955,341,490
08042026_ECL301,511171,2026-04-08,ECL301,16067129,104,890
08042026_ECL301,511171,2026-04-08,ECL301,16068053,341,490
08042026_ECL301,511171,2026-04-08,ECL301,16068285,341,300
08042026_ECL301,511171,2026-04-08,ECL301,16068440,341,300
09042026_ECL301,511109,2026-04-09,ECL301,16071800,341,300
09042026_ECL301,511171,2026-04-09,ECL301,16071800,341,300
09042026_ECL301,511109,2026-04-09,ECL301,16058512,799,897
09042026_ECL301,511171,2026-04-09,ECL301,16058512,799,897
09042026_ECL301,511109,2026-04-09,ECL301,16056631,799,897
09042026_ECL301,511171,2026-04-09,ECL301,16056631,799,897
09042026_ECL301,511109,2026-04-09,ECL301,16073222,341,490
09042026_ECL301,511171,2026-04-09,ECL301,16073222,341,490
13042026_ECL301,511109,2026-04-13,ECL301,16087388,341,300
13042026_ECL301,511171,2026-04-13,ECL301,16087388,341,300
13042026_ECL301,511109,2026-04-13,ECL301,16087981,799,897
13042026_ECL301,511171,2026-04-13,ECL301,16087981,799,897
13042026_ECL301,511109,2026-04-13,ECL301,16076478,799,897
13042026_ECL301,511171,2026-04-13,ECL301,16076478,799,897
13042026_ECL301,511109,2026-04-13,ECL301,16088696,341,300
13042026_ECL301,511171,2026-04-13,ECL301,16088696,341,300
14042026_ECL301,511109,2026-04-14,ECL301,16076495,799,897
14042026_ECL301,511171,2026-04-14,ECL301,16076495,799,897
14042026_ECL301,511109,2026-04-14,ECL301,16092462,799,897
14042026_ECL301,511171,2026-04-14,ECL301,16092462,799,897
14042026_ECL301,511109,2026-04-14,ECL301,16092929,341,490
14042026_ECL301,511171,2026-04-14,ECL301,16092929,341,490
14042026_ECL301,511109,2026-04-14,ECL301,16093268,341,490
14042026_ECL301,511171,2026-04-14,ECL301,16093268,341,490
18042026_ECL301,511109,2026-04-18,ECL301,16055680,799,899
18042026_ECL301,511171,2026-04-18,ECL301,16055680,799,899
18042026_ECL301,511109,2026-04-18,ECL301,16109315,799,897
18042026_ECL301,511171,2026-04-18,ECL301,16109315,799,897
18042026_ECL301,511109,2026-04-18,ECL301,16109603,341,490
18042026_ECL301,511171,2026-04-18,ECL301,16109603,341,490
18042026_ECL301,511109,2026-04-18,ECL301,16110044,341,490
18042026_ECL301,511171,2026-04-18,ECL301,16110044,341,490
19042026_ECL301,511109,2026-04-19,ECL301,16058287,799,899
19042026_ECL301,511171,2026-04-19,ECL301,16058287,799,899
19042026_ECL301,511109,2026-04-19,ECL301,16112227,341,490
19042026_ECL301,511171,2026-04-19,ECL301,16112227,341,490
19042026_ECL301,511109,2026-04-19,ECL301,16112404,341,490
19042026_ECL301,511171,2026-04-19,ECL301,16112404,341,490
19042026_ECL301,511109,2026-04-19,ECL301,16112847,341,200
19042026_ECL301,511171,2026-04-19,ECL301,16112847,341,200
22042026_ECL301,511109,2026-04-22,ECL301,16119580,799,897
22042026_ECL301,51615,2026-04-22,ECL301,16119580,799,897
22042026_ECL301,311455,2026-04-22,ECL301,16119580,799,897
22042026_ECL301,511171,2026-04-22,ECL301,16119580,799,897
22042026_ECL301,511109,2026-04-22,ECL301,16121643,311,620
22042026_ECL301,51615,2026-04-22,ECL301,16121643,311,620
22042026_ECL301,311455,2026-04-22,ECL301,16121643,311,620
22042026_ECL301,511171,2026-04-22,ECL301,16121643,311,620
22042026_ECL301,511109,2026-04-22,ECL301,16121895,341,300
22042026_ECL301,51615,2026-04-22,ECL301,16121895,341,300
22042026_ECL301,311455,2026-04-22,ECL301,16121895,341,300
22042026_ECL301,511171,2026-04-22,ECL301,16121895,341,300
23042026_ECL301,511109,2026-04-23,ECL301,16076654,799,899
23042026_ECL301,511171,2026-04-23,ECL301,16076654,799,899
23042026_ECL301,511109,2026-04-23,ECL301,16125573,341,490
23042026_ECL301,511171,2026-04-23,ECL301,16125573,341,490
23042026_ECL301,511109,2026-04-23,ECL301,16125757,341,300
23042026_ECL301,511171,2026-04-23,ECL301,16125757,341,300
23042026_ECL301,511109,2026-04-23,ECL301,16125594,341,490
23042026_ECL301,511171,2026-04-23,ECL301,16125594,341,490
23042026_ECL301,511109,2026-04-23,ECL301,16126614,341,490
23042026_ECL301,511171,2026-04-23,ECL301,16126614,341,490
24042026_ECL301,511109,2026-04-24,ECL301,16128567,341,620
24042026_ECL301,511171,2026-04-24,ECL301,16128567,341,620
24042026_ECL301,511109,2026-04-24,ECL301,16130016,799,897
24042026_ECL301,511171,2026-04-24,ECL301,16130016,799,897
24042026_ECL301,511109,2026-04-24,ECL301,16130385,799,899
24042026_ECL301,511171,2026-04-24,ECL301,16130385,799,899
27042026_ECL301,511109,2026-04-27,ECL301,16043219,799,899
27042026_ECL301,511171,2026-04-27,ECL301,16043219,799,899
27042026_ECL301,511109,2026-04-27,ECL301,16139164,799,899
27042026_ECL301,511171,2026-04-27,ECL301,16139164,799,899
27042026_ECL301,511109,2026-04-27,ECL301,16139648,341,620
27042026_ECL301,511171,2026-04-27,ECL301,16139648,341,620
28042026_ECL301,511109,2026-04-28,ECL301,16142810,341,490
28042026_ECL301,511171,2026-04-28,ECL301,16142810,341,490
28042026_ECL301,511109,2026-04-28,ECL301,16143153,341,620
28042026_ECL301,511171,2026-04-28,ECL301,16143153,341,620
28042026_ECL301,511109,2026-04-28,ECL301,16145081,341,620
28042026_ECL301,511171,2026-04-28,ECL301,16145081,341,620
29042026_ECL301,511109,2026-04-29,ECL301,16135915,799,899
29042026_ECL301,511171,2026-04-29,ECL301,16135915,799,899
29042026_ECL301,511109,2026-04-29,ECL301,16149027,341,620
29042026_ECL301,511171,2026-04-29,ECL301,16149027,341,620
29042026_ECL301,511109,2026-04-29,ECL301,16149725,341,490
29042026_ECL301,511171,2026-04-29,ECL301,16149725,341,490
30042026_ECL301,511109,2026-04-30,ECL301,16151633,342,300
30042026_ECL301,511171,2026-04-30,ECL301,16151633,342,300
30042026_ECL301,511109,2026-04-30,ECL301,16154127,341,490
30042026_ECL301,511171,2026-04-30,ECL301,16154127,341,490
30042026_ECL301,511109,2026-04-30,ECL301,16154538,341,490
30042026_ECL301,511171,2026-04-30,ECL301,16154538,341,490
30042026_ECL301,511109,2026-04-30,ECL301,16154882,341,490
30042026_ECL301,511171,2026-04-30,ECL301,16154882,341,490
30042026_ECL301,511109,2026-04-30,ECL301,16155076,341,490
30042026_ECL301,511171,2026-04-30,ECL301,16155076,341,490
22042026_ECL205,,2026-04-22,ECL205,16122199,123,151
22042026_ECL205,,2026-04-22,ECL205,16117950,799,897
24042026_ECL205,311390,2026-04-24,ECL205,16130032,799,899
24042026_ECL205,311240,2026-04-24,ECL205,16130032,799,899
24042026_ECL205,31371,2026-04-24,ECL205,16130032,799,899
24042026_ECL205,311390,2026-04-24,ECL205,16130413,799,899
24042026_ECL205,311240,2026-04-24,ECL205,16130413,799,899
24042026_ECL205,31371,2026-04-24,ECL205,16130413,799,899
22042026_ECL204,,2026-04-22,ECL204,16064692,799,897
22042026_ECL204,,2026-04-22,ECL204,16062636,799,897
22042026_ECL204,,2026-04-22,ECL204,16122972,341,460
23042026_ECL204,,2026-04-23,ECL204,16125936,104,300
23042026_ECL204,,2026-04-23,ECL204,16126198,342,343
23042026_ECL204,,2026-04-23,ECL204,16126679,311,490
24042026_ECL204,,2026-04-24,ECL204,16129901,799,897
24042026_ECL204,,2026-04-24,ECL204,16130401,799,897
22042026_ECL203,,2026-04-22,ECL203,16121576,311,490
22042026_ECL203,,2026-04-22,ECL203,16122215,311,490
22042026_ECL203,,2026-04-22,ECL203,16122702,311,490
23042026_ECL203,,2026-04-23,ECL203,16124843,799,899
23042026_ECL203,,2026-04-23,ECL203,16125759,311,300
23042026_ECL203,,2026-04-23,ECL203,16126349,311,300
04042026_ECL202,311858,2026-04-04,ECL202,16052642,799,897
04042026_ECL202,31982,2026-04-04,ECL202,16052642,799,897
04042026_ECL202,311858,2026-04-04,ECL202,16052802,311,300
04042026_ECL202,31982,2026-04-04,ECL202,16052802,311,300
09042026_ECL202,,2026-04-09,ECL202,16074296,311,490
10042026_ECL202,,2026-04-10,ECL202,16058082,799,897
10042026_ECL202,,2026-04-10,ECL202,16077624,799,897
10042026_ECL202,,2026-04-10,ECL202,16077938,311,311
12042026_ECL202,1112595,2026-04-12,ECL202,16084496,799,897
12042026_ECL202,1112785,2026-04-12,ECL202,16084496,799,897
12042026_ECL202,311282,2026-04-12,ECL202,16084496,799,897
12042026_ECL202,1112595,2026-04-12,ECL202,16084809,341,620
12042026_ECL202,1112785,2026-04-12,ECL202,16084809,341,620
12042026_ECL202,311282,2026-04-12,ECL202,16084809,341,620
12042026_ECL202,1112595,2026-04-12,ECL202,16085441,799,897
12042026_ECL202,1112785,2026-04-12,ECL202,16085441,799,897
12042026_ECL202,311282,2026-04-12,ECL202,16085441,799,897
14042026_ECL202,,2026-04-14,ECL202,16106034,341,620
14042026_ECL202,,2026-04-14,ECL202,16092637,311,300
16042026_ECL202,,2026-04-16,ECL202,16101066,312,300
16042026_ECL202,,2026-04-16,ECL202,16101851,312,300
16042026_ECL202,,2026-04-16,ECL202,16102396,312,300
19042026_ECL202,,2026-04-19,ECL202,16112291,301,490
19042026_ECL202,,2026-04-19,ECL202,16112793,311,300
22042026_ECL202,311493,2026-04-22,ECL202,16121612,342,300
22042026_ECL202,311144,2026-04-22,ECL202,16121612,342,300
22042026_ECL202,311493,2026-04-22,ECL202,16121986,311,300
22042026_ECL202,311144,2026-04-22,ECL202,16121986,311,300
22042026_ECL202,311493,2026-04-22,ECL202,16122437,343,620
22042026_ECL202,311144,2026-04-22,ECL202,16122437,343,620
23042026_ECL202,311493,2026-04-23,ECL202,16076392,799,897
23042026_ECL202,311144,2026-04-23,ECL202,16076392,799,897
23042026_ECL202,311493,2026-04-23,ECL202,16126774,343,490
23042026_ECL202,311144,2026-04-23,ECL202,16126774,343,490
24042026_ECL202,,2026-04-24,ECL202,16126401,799,899
24042026_ECL202,,2026-04-24,ECL202,16130148,799,897
24042026_ECL202,,2026-04-24,ECL202,16130172,201,180
01042026_ECL201,31308,2026-04-01,ECL201,16037668,799,897
01042026_ECL201,311172,2026-04-01,ECL201,16037668,799,897
01042026_ECL201,31308,2026-04-01,ECL201,16042686,311,300
01042026_ECL201,311172,2026-04-01,ECL201,16042686,311,300
02042026_ECL201,,2026-04-02,ECL201,16045673,341,300
05042026_ECL201,311884,2026-04-05,ECL201,16055635,799,897
05042026_ECL201,1112407,2026-04-05,ECL201,16055635,799,897
05042026_ECL201,311861,2026-04-05,ECL201,16055635,799,897
05042026_ECL201,311884,2026-04-05,ECL201,16056730,799,897
05042026_ECL201,1112407,2026-04-05,ECL201,16056730,799,897
05042026_ECL201,311861,2026-04-05,ECL201,16056730,799,897
07042026_ECL201,,2026-04-07,ECL201,16063283,799,897
07042026_ECL201,,2026-04-07,ECL201,16063907,312,180
08042026_ECL201,,2026-04-08,ECL201,16068035,343,620
08042026_ECL201,,2026-04-08,ECL201,16068814,311,620
08042026_ECL201,,2026-04-08,ECL201,16069367,341,300
09042026_ECL201,,2026-04-09,ECL201,16072758,201,180
09042026_ECL201,,2026-04-09,ECL201,16073069,311,490
09042026_ECL201,,2026-04-09,ECL201,16073863,341,460
10042026_ECL201,,2026-04-10,ECL201,16062449,799,899
10042026_ECL201,,2026-04-10,ECL201,16077350,311,490
14042026_ECL201,,2026-04-14,ECL201,16093549,311,300
15042026_ECL201,,2026-04-15,ECL201,16096813,312,300
15042026_ECL201,,2026-04-15,ECL201,16097209,312,300
16042026_ECL201,,2026-04-16,ECL201,16100854,343,490
16042026_ECL201,,2026-04-16,ECL201,16101635,301,490
17042026_ECL201,,2026-04-17,ECL201,16100535,799,898
17042026_ECL201,,2026-04-17,ECL201,16058520,799,897
17042026_ECL201,,2026-04-17,ECL201,16106266,312,300
18042026_ECL201,,2026-04-18,ECL201,16109467,129,880
18042026_ECL201,,2026-04-18,ECL201,16109747,311,620
18042026_ECL201,,2026-04-18,ECL201,16110152,311,301
23042026_ECL201,311390,2026-04-23,ECL201,16076525,799,897
23042026_ECL201,311240,2026-04-23,ECL201,16076525,799,897
23042026_ECL201,311886,2026-04-23,ECL201,16076525,799,897
23042026_ECL201,51395,2026-04-23,ECL201,16076525,799,897
23042026_ECL201,311390,2026-04-23,ECL201,16125115,301,180
23042026_ECL201,311240,2026-04-23,ECL201,16125115,301,180
23042026_ECL201,311886,2026-04-23,ECL201,16125115,301,180
23042026_ECL201,51395,2026-04-23,ECL201,16125115,301,180
24042026_ECL201,,2026-04-24,ECL201,16129893,799,897
24042026_ECL201,,2026-04-24,ECL201,16130418,799,897
24042026_ECL201,,2026-04-24,ECL201,16130489,799,897
25042026_ECL201,,2026-04-25,ECL201,16076524,799,897
25042026_ECL201,,2026-04-25,ECL201,16131158,799,897
25042026_ECL201,,2026-04-25,ECL201,16133891,311,300
28042026_ECL201,,2026-04-28,ECL201,16145695,343,301
28042026_ECL201,,2026-04-28,ECL201,16146257,311,620
30042026_ECL201,,2026-04-30,ECL201,16154552,311,300
01042026_ECL200,31215,2026-04-01,ECL200,16039403,799,897
01042026_ECL200,311688,2026-04-01,ECL200,16039403,799,897
01042026_ECL200,31215,2026-04-01,ECL200,16042464,343,620
01042026_ECL200,311688,2026-04-01,ECL200,16042464,343,620
01042026_ECL200,31215,2026-04-01,ECL200,16042699,311,620
01042026_ECL200,311688,2026-04-01,ECL200,16042699,311,620
02042026_ECL200,311866,2026-04-02,ECL200,16045808,799,897
02042026_ECL200,1112275,2026-04-02,ECL200,16045808,799,897
02042026_ECL200,311866,2026-04-02,ECL200,16046252,341,460
02042026_ECL200,1112275,2026-04-02,ECL200,16046252,341,460
02042026_ECL200,311866,2026-04-02,ECL200,16046722,311,440
02042026_ECL200,1112275,2026-04-02,ECL200,16046722,311,440
04042026_ECL200,1112407,2026-04-04,ECL200,16052114,799,897
04042026_ECL200,311319,2026-04-04,ECL200,16052114,799,897
05042026_ECL200,31415,2026-04-05,ECL200,16055383,311,311
05042026_ECL200,31415,2026-04-05,ECL200,16055565,799,897
05042026_ECL200,31415,2026-04-05,ECL200,16056135,799,897
07042026_ECL200,,2026-04-07,ECL200,16062856,311,490
07042026_ECL200,,2026-04-07,ECL200,16062729,311,490
07042026_ECL200,,2026-04-07,ECL200,16063172,381,880
09042026_ECL200,,2026-04-09,ECL200,16072546,311,490
09042026_ECL200,,2026-04-09,ECL200,16073538,343,490
10042026_ECL200,,2026-04-10,ECL200,16076989,126,880
10042026_ECL200,,2026-04-10,ECL200,16077824,311,490
11042026_ECL200,,2026-04-11,ECL200,16077643,799,897
11042026_ECL200,,2026-04-11,ECL200,15226537,799,897
11042026_ECL200,,2026-04-11,ECL200,16081144,312,10
11042026_ECL200,,2026-04-11,ECL200,16081464,312,171
12042026_ECL200,,2026-04-12,ECL200,16070475,799,897
12042026_ECL200,,2026-04-12,ECL200,16085041,311,620
12042026_ECL200,,2026-04-12,ECL200,16085396,799,897
14042026_ECL200,,2026-04-14,ECL200,16092477,799,897
14042026_ECL200,,2026-04-14,ECL200,16093188,311,300
14042026_ECL200,,2026-04-14,ECL200,16094195,331,325
15042026_ECL200,,2026-04-15,ECL200,16084743,799,897
15042026_ECL200,,2026-04-15,ECL200,16097477,311,490
16042026_ECL200,,2026-04-16,ECL200,16084797,799,897
16042026_ECL200,,2026-04-16,ECL200,16062705,799,897
17042026_ECL200,,2026-04-17,ECL200,16100521,799,897
17042026_ECL200,,2026-04-17,ECL200,16106141,312,300
18042026_ECL200,,2026-04-18,ECL200,16109316,201,300
19042026_ECL200,311390,2026-04-19,ECL200,16112259,201,490
19042026_ECL200,31371,2026-04-19,ECL200,16112259,201,490
21042026_ECL200,1112595,2026-04-21,ECL200,16118202,799,897
21042026_ECL200,311886,2026-04-21,ECL200,16118202,799,897
21042026_ECL200,1112785,2026-04-21,ECL200,16118202,799,897
21042026_ECL200,1112595,2026-04-21,ECL200,16118138,301,180
21042026_ECL200,311886,2026-04-21,ECL200,16118138,301,180
21042026_ECL200,1112785,2026-04-21,ECL200,16118138,301,180
21042026_ECL200,1112595,2026-04-21,ECL200,16076651,799,897
21042026_ECL200,311886,2026-04-21,ECL200,16076651,799,897
21042026_ECL200,1112785,2026-04-21,ECL200,16076651,799,897
22042026_ECL200,1112595,2026-04-22,ECL200,16117955,799,897
22042026_ECL200,1112785,2026-04-22,ECL200,16117955,799,897
22042026_ECL200,311282,2026-04-22,ECL200,16117955,799,897
22042026_ECL200,1112595,2026-04-22,ECL200,16122263,311,180
22042026_ECL200,1112785,2026-04-22,ECL200,16122263,311,180
22042026_ECL200,311282,2026-04-22,ECL200,16122263,311,180
24042026_ECL200,,2026-04-24,ECL200,16129897,799,897
24042026_ECL200,,2026-04-24,ECL200,16130359,799,897
24042026_ECL200,,2026-04-24,ECL200,16130531,128,300
25042026_ECL200,,2026-04-25,ECL200,16133361,343,490
26042026_ECL200,,2026-04-26,ECL200,16100495,799,897
26042026_ECL200,,2026-04-26,ECL200,16096326,799,897
26042026_ECL200,,2026-04-26,ECL200,16118079,799,897
28042026_ECL200,,2026-04-28,ECL200,16140979,799,899
28042026_ECL200,,2026-04-28,ECL200,16145119,311,460
28042026_ECL200,,2026-04-28,ECL200,16145463,311,300
29042026_ECL200,,2026-04-29,ECL200,16148938,311,300
29042026_ECL200,,2026-04-29,ECL200,16149683,311,490
29042026_ECL200,,2026-04-29,ECL200,16149493,343,300
30042026_ECL200,,2026-04-30,ECL200,16153996,341,620
30042026_ECL200,,2026-04-30,ECL200,16155309,341,620
26042026_ECL177,1112343,2026-04-26,ECL177,16138431,341,440
26042026_ECL177,1112844,2026-04-26,ECL177,16138431,341,440
26042026_ECL177,1112343,2026-04-26,ECL177,16138711,311,440
26042026_ECL177,1112844,2026-04-26,ECL177,16138711,311,440
26042026_ECL177,1112343,2026-04-26,ECL177,16138811,799,897
26042026_ECL177,1112844,2026-04-26,ECL177,16138811,799,897
05042026_ECL168,1112571,2026-04-05,ECL168,16056800,129,880
05042026_ECL168,511090,2026-04-05,ECL168,16056800,129,880
05042026_ECL168,1112490,2026-04-05,ECL168,16056800,129,880
15042026_ECL168,1112490,2026-04-15,ECL168,16096456,799,899
15042026_ECL168,1112571,2026-04-15,ECL168,16096456,799,899
15042026_ECL168,1112490,2026-04-15,ECL168,16098653,129,880
15042026_ECL168,1112571,2026-04-15,ECL168,16098653,129,880
01042026_ECL165,,2026-04-01,ECL165,16043225,341,620
25042026_ECL164,,2026-04-25,ECL164,16125188,799,897
25042026_ECL164,,2026-04-25,ECL164,16134420,343,490
25042026_ECL164,,2026-04-25,ECL164,16134630,343,490
25042026_ECL164,,2026-04-25,ECL164,16119344,799,897
26042026_ECL164,512166,2026-04-26,ECL164,16115559,799,897
26042026_ECL164,511048,2026-04-26,ECL164,16115559,799,897
26042026_ECL164,512166,2026-04-26,ECL164,16042190,799,897
26042026_ECL164,511048,2026-04-26,ECL164,16042190,799,897
26042026_ECL164,512166,2026-04-26,ECL164,16137911,311,440
26042026_ECL164,511048,2026-04-26,ECL164,16137911,311,440
26042026_ECL164,512166,2026-04-26,ECL164,16138410,341,460
26042026_ECL164,511048,2026-04-26,ECL164,16138410,341,460
08042026_ECL152,511090,2026-04-08,ECL152,16069128,301,440
08042026_ECL152,51620,2026-04-08,ECL152,16069128,301,440
08042026_ECL152,511090,2026-04-08,ECL152,16068993,311,490
08042026_ECL152,51620,2026-04-08,ECL152,16068993,311,490
08042026_ECL152,511090,2026-04-08,ECL152,16070026,301,440
08042026_ECL152,51620,2026-04-08,ECL152,16070026,301,440
08042026_ECL152,511090,2026-04-08,ECL152,16069877,121,343
08042026_ECL152,51620,2026-04-08,ECL152,16069877,121,343
08042026_ECL152,511090,2026-04-08,ECL152,16070573,311,300
08042026_ECL152,51620,2026-04-08,ECL152,16070573,311,300
13042026_ECL152,1112653,2026-04-13,ECL152,16089634,311,150
13042026_ECL152,1112653,2026-04-13,ECL152,16090217,301,440
13042026_ECL152,1112653,2026-04-13,ECL152,16090027,341,300
14042026_ECL152,,2026-04-14,ECL152,16093691,311,300
14042026_ECL152,,2026-04-14,ECL152,16094390,799,146
14042026_ECL152,,2026-04-14,ECL152,16093956,341,300
14042026_ECL152,,2026-04-14,ECL152,16095080,301,440
18042026_ECL152,51620,2026-04-18,ECL152,16110161,301,440
18042026_ECL152,51620,2026-04-18,ECL152,16110848,311,300
24042026_ECL152,,2026-04-24,ECL152,16131266,799,897
24042026_ECL152,,2026-04-24,ECL152,16131720,311,440
29042026_ECL152,51620,2026-04-29,ECL152,16150222,799,897
29042026_ECL152,51620,2026-04-29,ECL152,16151384,311,440
30042026_ECL152,51620,2026-04-30,ECL152,16155838,311,300
30042026_ECL152,311926,2026-04-30,ECL152,16155838,311,300
30042026_ECL152,511090,2026-04-30,ECL152,16155838,311,300
30042026_ECL152,51620,2026-04-30,ECL152,16156322,311,440
30042026_ECL152,311926,2026-04-30,ECL152,16156322,311,440
30042026_ECL152,511090,2026-04-30,ECL152,16156322,311,440
30042026_ECL152,51620,2026-04-30,ECL152,16156726,312,300
30042026_ECL152,311926,2026-04-30,ECL152,16156726,312,300
30042026_ECL152,511090,2026-04-30,ECL152,16156726,312,300
04042026_ECL150,511107,2026-04-04,ECL150,16052604,799,899
04042026_ECL150,511133,2026-04-04,ECL150,16052604,799,899
04042026_ECL150,511107,2026-04-04,ECL150,16052827,301,311
04042026_ECL150,511133,2026-04-04,ECL150,16052827,301,311
22042026_ECL143,311898,2026-04-22,ECL143,16118060,799,899
22042026_ECL143,311898,2026-04-22,ECL143,16123476,311,440
23042026_ECL143,311898,2026-04-23,ECL143,16126669,342,300
23042026_ECL143,311898,2026-04-23,ECL143,16127003,311,180
23042026_ECL143,311898,2026-04-23,ECL143,16127526,343,440
28042026_ECL143,311926,2026-04-28,ECL143,16145622,342,300
28042026_ECL143,511105,2026-04-28,ECL143,16145622,342,300
28042026_ECL143,311926,2026-04-28,ECL143,16146508,311,440
28042026_ECL143,511105,2026-04-28,ECL143,16146508,311,440
29042026_ECL143,511090,2026-04-29,ECL143,16149217,311,620
29042026_ECL143,1112804,2026-04-29,ECL143,16149217,311,620
29042026_ECL143,511090,2026-04-29,ECL143,16151386,381,343
29042026_ECL143,1112804,2026-04-29,ECL143,16151386,381,343
29042026_ECL143,511090,2026-04-29,ECL143,16151729,311,300
29042026_ECL143,1112804,2026-04-29,ECL143,16151729,311,300
07042026_ECL142,511150,2026-04-07,ECL142,16151977,381,890
07042026_ECL142,511089,2026-04-07,ECL142,16151977,381,890
16042026_ECL142,311898,2026-04-16,ECL142,16101595,311,300
16042026_ECL142,311898,2026-04-16,ECL142,16103076,312,300
06042026_ECL141,311926,2026-04-06,ECL141,16059618,311,440
06042026_ECL141,1112538,2026-04-06,ECL141,16059618,311,440
08042026_ECL141,1112642,2026-04-08,ECL141,16069760,341,440
08042026_ECL141,1112699,2026-04-08,ECL141,16069760,341,440
08042026_ECL141,1112538,2026-04-08,ECL141,16069760,341,440
19042026_ECL141,1112642,2026-04-19,ECL141,16108352,799,899
19042026_ECL141,1112642,2026-04-19,ECL141,16113380,311,490
22042026_ECL141,1112699,2026-04-22,ECL141,16036934,799,897
22042026_ECL141,1112642,2026-04-22,ECL141,16036934,799,897
22042026_ECL141,1112538,2026-04-22,ECL141,16036934,799,897
22042026_ECL141,1112699,2026-04-22,ECL141,16123934,799,897
22042026_ECL141,1112642,2026-04-22,ECL141,16123934,799,897
22042026_ECL141,1112538,2026-04-22,ECL141,16123934,799,897
23042026_ECL141,1112538,2026-04-23,ECL141,16126720,311,11
23042026_ECL141,1112699,2026-04-23,ECL141,16126720,311,11
23042026_ECL141,1112642,2026-04-23,ECL141,16126720,311,11
23042026_ECL141,1112538,2026-04-23,ECL141,16126368,799,897
23042026_ECL141,1112699,2026-04-23,ECL141,16126368,799,897
23042026_ECL141,1112642,2026-04-23,ECL141,16126368,799,897
23042026_ECL141,1112538,2026-04-23,ECL141,16127597,341,440
23042026_ECL141,1112699,2026-04-23,ECL141,16127597,341,440
23042026_ECL141,1112642,2026-04-23,ECL141,16127597,341,440
24042026_ECL141,1112642,2026-04-24,ECL141,16130919,341,440
24042026_ECL141,1112538,2026-04-24,ECL141,16130919,341,440
24042026_ECL141,1112642,2026-04-24,ECL141,16131675,341,490
24042026_ECL141,1112538,2026-04-24,ECL141,16131675,341,490
27042026_ECL141,1112699,2026-04-27,ECL141,16140796,799,897
27042026_ECL141,1112642,2026-04-27,ECL141,16140796,799,897
27042026_ECL141,511047,2026-04-27,ECL141,16140796,799,897
28042026_ECL141,1112642,2026-04-28,ECL141,16145825,341,440
28042026_ECL141,1112699,2026-04-28,ECL141,16145825,341,440
28042026_ECL141,1112538,2026-04-28,ECL141,16145825,341,440
28042026_ECL141,1112642,2026-04-28,ECL141,16146732,341,440
28042026_ECL141,1112699,2026-04-28,ECL141,16146732,341,440
28042026_ECL141,1112538,2026-04-28,ECL141,16146732,341,440
28042026_ECL141,1112642,2026-04-28,ECL141,16146818,341,490
28042026_ECL141,1112699,2026-04-28,ECL141,16146818,341,490
28042026_ECL141,1112538,2026-04-28,ECL141,16146818,341,490
29042026_ECL141,1112538,2026-04-29,ECL141,16150196,799,897
29042026_ECL141,1112642,2026-04-29,ECL141,16150196,799,897
29042026_ECL141,1112699,2026-04-29,ECL141,16150196,799,897
29042026_ECL141,1112538,2026-04-29,ECL141,16150460,311,440
29042026_ECL141,1112642,2026-04-29,ECL141,16150460,311,440
29042026_ECL141,1112699,2026-04-29,ECL141,16150460,311,440
30042026_ECL141,1112538,2026-04-30,ECL141,16155186,312,302
30042026_ECL141,1112642,2026-04-30,ECL141,16155186,312,302
30042026_ECL141,1112699,2026-04-30,ECL141,16155186,312,302
30042026_ECL141,1112538,2026-04-30,ECL141,16155827,341,440
30042026_ECL141,1112642,2026-04-30,ECL141,16155827,341,440
30042026_ECL141,1112699,2026-04-30,ECL141,16155827,341,440
30042026_ECL141,1112538,2026-04-30,ECL141,16156638,311,440
30042026_ECL141,1112642,2026-04-30,ECL141,16156638,311,440
30042026_ECL141,1112699,2026-04-30,ECL141,16156638,311,440
02042026_ECL129,311929,2026-04-02,ECL129,16045061,799,897
02042026_ECL129,311335,2026-04-02,ECL129,16045061,799,897
07042026_ECL129,,2026-04-07,ECL129,16062969,311,325
09042026_ECL129,311929,2026-04-09,ECL129,16073112,311,200
09042026_ECL129,311335,2026-04-09,ECL129,16073112,311,200
11042026_ECL129,311929,2026-04-11,ECL129,16081758,381,180
11042026_ECL129,311335,2026-04-11,ECL129,16081758,381,180
30042026_ECL129,311929,2026-04-30,ECL129,16153436,312,10
30042026_ECL129,311335,2026-04-30,ECL129,16153436,312,10
30042026_ECL129,311929,2026-04-30,ECL129,16153955,343,180
30042026_ECL129,311335,2026-04-30,ECL129,16153955,343,180
30042026_ECL129,311929,2026-04-30,ECL129,16154308,312,325
30042026_ECL129,311335,2026-04-30,ECL129,16154308,312,325
30042026_ECL129,311929,2026-04-30,ECL129,16154254,311,460
30042026_ECL129,311335,2026-04-30,ECL129,16154254,311,460
03042026_ECL127,31254,2026-04-03,ECL127,16049907,201,325
03042026_ECL127,511073,2026-04-03,ECL127,16049907,201,325
10042026_ECL127,51647,2026-04-10,ECL127,16077866,341,620
10042026_ECL127,511062,2026-04-10,ECL127,16077866,341,620
10042026_ECL127,51647,2026-04-10,ECL127,16078260,341,620
10042026_ECL127,511062,2026-04-10,ECL127,16078260,341,620
29042026_ECL125,,2026-04-29,ECL125,16148727,341,620
15042026_ECL124,511052,2026-04-15,ECL124,16096449,799,897
15042026_ECL124,51659,2026-04-15,ECL124,16096449,799,897
15042026_ECL124,511063,2026-04-15,ECL124,16096449,799,897
15042026_ECL124,511052,2026-04-15,ECL124,16097163,201,180
15042026_ECL124,51659,2026-04-15,ECL124,16097163,201,180
15042026_ECL124,511063,2026-04-15,ECL124,16097163,201,180
18042026_CML399,1112254,2026-04-18,CML399,16108627,311,620
18042026_CML399,311334,2026-04-18,CML399,16108627,311,620
18042026_CML399,1112254,2026-04-18,CML399,16110073,311,620
18042026_CML399,311334,2026-04-18,CML399,16110073,311,620
02042026_CML389,311632,2026-04-02,CML389,16047001,311,620
02042026_CML389,311594,2026-04-02,CML389,16047001,311,620
03042026_CML389,311594,2026-04-03,CML389,16049396,343,620
03042026_CML389,311632,2026-04-03,CML389,16049396,343,620
03042026_CML389,311594,2026-04-03,CML389,16049725,341,620
03042026_CML389,311632,2026-04-03,CML389,16049725,341,620
03042026_CML389,311594,2026-04-03,CML389,16050256,311,620
03042026_CML389,311632,2026-04-03,CML389,16050256,311,620
03042026_CML389,311594,2026-04-03,CML389,16050527,311,620
03042026_CML389,311632,2026-04-03,CML389,16050527,311,620
04042026_CML389,311594,2026-04-04,CML389,16052622,341,620
04042026_CML389,311632,2026-04-04,CML389,16052622,341,620
04042026_CML389,311594,2026-04-04,CML389,16052815,311,620
04042026_CML389,311632,2026-04-04,CML389,16052815,311,620
04042026_CML389,311594,2026-04-04,CML389,16053079,341,620
04042026_CML389,311632,2026-04-04,CML389,16053079,341,620
04042026_CML389,311594,2026-04-04,CML389,16053638,311,620
04042026_CML389,311632,2026-04-04,CML389,16053638,311,620
05042026_CML389,311594,2026-04-05,CML389,16053896,311,620
05042026_CML389,311632,2026-04-05,CML389,16053896,311,620
05042026_CML389,311594,2026-04-05,CML389,16055135,311,490
05042026_CML389,311632,2026-04-05,CML389,16055135,311,490
05042026_CML389,311594,2026-04-05,CML389,16053747,343,620
05042026_CML389,311632,2026-04-05,CML389,16053747,343,620
05042026_CML389,311594,2026-04-05,CML389,16055840,311,490
05042026_CML389,311632,2026-04-05,CML389,16055840,311,490
08042026_CML389,311594,2026-04-08,CML389,16067712,311,490
08042026_CML389,311632,2026-04-08,CML389,16067712,311,490
10042026_CML389,311632,2026-04-10,CML389,16076101,311,620
10042026_CML389,311594,2026-04-10,CML389,16076101,311,620
11042026_CML389,311594,2026-04-11,CML389,16079362,311,620
11042026_CML389,311632,2026-04-11,CML389,16079362,311,620
11042026_CML389,311594,2026-04-11,CML389,16079289,311,620
11042026_CML389,311632,2026-04-11,CML389,16079289,311,620
11042026_CML389,311594,2026-04-11,CML389,16078282,311,620
11042026_CML389,311632,2026-04-11,CML389,16078282,311,620
11042026_CML389,311594,2026-04-11,CML389,16080920,311,620
11042026_CML389,311632,2026-04-11,CML389,16080920,311,620
11042026_CML389,311594,2026-04-11,CML389,16081727,341,620
11042026_CML389,311632,2026-04-11,CML389,16081727,341,620
12042026_CML389,311632,2026-04-12,CML389,16084328,341,620
12042026_CML389,311594,2026-04-12,CML389,16084328,341,620
12042026_CML389,311632,2026-04-12,CML389,16084978,343,440
12042026_CML389,311594,2026-04-12,CML389,16084978,343,440
12042026_CML389,311632,2026-04-12,CML389,16085130,311,620
12042026_CML389,311594,2026-04-12,CML389,16085130,311,620
12042026_CML389,311632,2026-04-12,CML389,16085365,311,620
12042026_CML389,311594,2026-04-12,CML389,16085365,311,620
14042026_CML389,311632,2026-04-14,CML389,16092065,311,620
14042026_CML389,311594,2026-04-14,CML389,16092065,311,620
26042026_CML389,311632,2026-04-26,CML389,16136479,341,620
26042026_CML389,311594,2026-04-26,CML389,16136479,341,620
26042026_CML389,311632,2026-04-26,CML389,16136726,311,620
26042026_CML389,311594,2026-04-26,CML389,16136726,311,620
26042026_CML389,311632,2026-04-26,CML389,16136993,311,620
26042026_CML389,311594,2026-04-26,CML389,16136993,311,620
30042026_CML388,311165,2026-04-30,CML388,16153894,341,440
30042026_CML388,311682,2026-04-30,CML388,16153894,341,440
30042026_CML387,311340,2026-04-30,CML387,16155473,311,490
30042026_CML387,311346,2026-04-30,CML387,16155473,311,490
13042026_CML385,3116,2026-04-13,CML385,16087958,311,620
13042026_CML385,3119,2026-04-13,CML385,16087958,311,620
14042026_CML385,3116,2026-04-14,CML385,16089289,311,620
14042026_CML385,3119,2026-04-14,CML385,16089289,311,620
21042026_CML385,3116,2026-04-21,CML385,16118491,343,620
21042026_CML385,3119,2026-04-21,CML385,16118491,343,620
21042026_CML385,3116,2026-04-21,CML385,16118896,311,490
21042026_CML385,3119,2026-04-21,CML385,16118896,311,490
30042026_CML385,3116,2026-04-30,CML385,16153875,311,10
30042026_CML385,3119,2026-04-30,CML385,16153875,311,10
03042026_CML384,311430,2026-04-03,CML384,16049352,311,490
03042026_CML384,311451,2026-04-03,CML384,16049352,311,490
03042026_CML384,311430,2026-04-03,CML384,16049484,311,20
03042026_CML384,311451,2026-04-03,CML384,16049484,311,20
03042026_CML384,311430,2026-04-03,CML384,16049885,311,20
03042026_CML384,311451,2026-04-03,CML384,16049885,311,20
03042026_CML384,311430,2026-04-03,CML384,16050095,341,11
03042026_CML384,311451,2026-04-03,CML384,16050095,341,11
03042026_CML384,311430,2026-04-03,CML384,16050118,381,970
03042026_CML384,311451,2026-04-03,CML384,16050118,381,970
03042026_CML384,311430,2026-04-03,CML384,16050279,311,20
03042026_CML384,311451,2026-04-03,CML384,16050279,311,20
03042026_CML384,311430,2026-04-03,CML384,16050522,311,20
03042026_CML384,311451,2026-04-03,CML384,16050522,311,20
06042026_CML384,311451,2026-04-06,CML384,16059815,311,20
06042026_CML384,311430,2026-04-06,CML384,16059815,311,20
07042026_CML384,311451,2026-04-07,CML384,16065002,341,620
07042026_CML384,311430,2026-04-07,CML384,16065002,341,620
08042026_CML384,311430,2026-04-08,CML384,16067158,311,490
08042026_CML384,311451,2026-04-08,CML384,16067158,311,490
09042026_CML384,311682,2026-04-09,CML384,16074076,341,620
09042026_CML384,311451,2026-04-09,CML384,16074076,341,620
11042026_CML384,311430,2026-04-11,CML384,16079402,311,20
11042026_CML384,311451,2026-04-11,CML384,16079402,311,20
11042026_CML384,311430,2026-04-11,CML384,16080747,311,20
11042026_CML384,311451,2026-04-11,CML384,16080747,311,20
11042026_CML384,311430,2026-04-11,CML384,16081090,311,20
11042026_CML384,311451,2026-04-11,CML384,16081090,311,20
11042026_CML384,311430,2026-04-11,CML384,16081243,311,20
11042026_CML384,311451,2026-04-11,CML384,16081243,311,20
12042026_CML384,311451,2026-04-12,CML384,16084304,311,20
12042026_CML384,311430,2026-04-12,CML384,16084304,311,20
12042026_CML384,311451,2026-04-12,CML384,16084607,201,325
12042026_CML384,311430,2026-04-12,CML384,16084607,201,325
12042026_CML384,311451,2026-04-12,CML384,16085234,311,20
12042026_CML384,311430,2026-04-12,CML384,16085234,311,20
19042026_CML384,311430,2026-04-19,CML384,16112659,311,20
19042026_CML384,311451,2026-04-19,CML384,16112659,311,20
25042026_CML384,311430,2026-04-25,CML384,16132117,311,620
25042026_CML384,311682,2026-04-25,CML384,16132117,311,620
25042026_CML384,311430,2026-04-25,CML384,16133152,311,20
25042026_CML384,311682,2026-04-25,CML384,16133152,311,20
25042026_CML384,311430,2026-04-25,CML384,16132843,311,20
25042026_CML384,311682,2026-04-25,CML384,16132843,311,20
25042026_CML384,311430,2026-04-25,CML384,16133602,311,20
25042026_CML384,311682,2026-04-25,CML384,16133602,311,20
02042026_CML383,311456,2026-04-02,CML383,16045060,311,440
02042026_CML383,311081,2026-04-02,CML383,16045060,311,440
02042026_CML383,311456,2026-04-02,CML383,16047206,311,440
02042026_CML383,311081,2026-04-02,CML383,16047206,311,440
03042026_CML383,311081,2026-04-03,CML383,16049386,341,440
03042026_CML383,311456,2026-04-03,CML383,16049386,341,440
03042026_CML383,311081,2026-04-03,CML383,16049671,341,440
03042026_CML383,311456,2026-04-03,CML383,16049671,341,440
03042026_CML383,311081,2026-04-03,CML383,16049874,311,440
03042026_CML383,311456,2026-04-03,CML383,16049874,311,440
03042026_CML383,311081,2026-04-03,CML383,16050152,341,440
03042026_CML383,311456,2026-04-03,CML383,16050152,341,440
04042026_CML383,311081,2026-04-04,CML383,16052559,311,440
04042026_CML383,311430,2026-04-04,CML383,16052559,311,440
04042026_CML383,311081,2026-04-04,CML383,16052841,341,440
04042026_CML383,311430,2026-04-04,CML383,16052841,341,440
04042026_CML383,311081,2026-04-04,CML383,16053107,341,440
04042026_CML383,311430,2026-04-04,CML383,16053107,341,440
04042026_CML383,311081,2026-04-04,CML383,16053293,311,620
04042026_CML383,311430,2026-04-04,CML383,16053293,311,620
04042026_CML383,311081,2026-04-04,CML383,16053313,341,440
04042026_CML383,311430,2026-04-04,CML383,16053313,341,440
10042026_CML383,311456,2026-04-10,CML383,16076456,341,440
10042026_CML383,311081,2026-04-10,CML383,16076456,341,440
14042026_CML383,311081,2026-04-14,CML383,16090556,311,440
14042026_CML383,311456,2026-04-14,CML383,16090556,311,440
25042026_CML383,311456,2026-04-25,CML383,16132228,311,440
25042026_CML383,311081,2026-04-25,CML383,16132228,311,440
25042026_CML383,311456,2026-04-25,CML383,16133184,311,440
25042026_CML383,311081,2026-04-25,CML383,16133184,311,440
25042026_CML383,311456,2026-04-25,CML383,16133540,311,440
25042026_CML383,311081,2026-04-25,CML383,16133540,311,440
25042026_CML383,311456,2026-04-25,CML383,16133798,341,440
25042026_CML383,311081,2026-04-25,CML383,16133798,341,440
18042026_CML382,3140,2026-04-18,CML382,16109022,311,490
18042026_CML382,3147,2026-04-18,CML382,16109022,311,490
18042026_CML382,3140,2026-04-18,CML382,16109742,311,490
18042026_CML382,3147,2026-04-18,CML382,16109742,311,490
21042026_CML382,3140,2026-04-21,CML382,16118476,311,300
21042026_CML382,3147,2026-04-21,CML382,16118476,311,300
25042026_CML382,3140,2026-04-25,CML382,16132695,311,311
25042026_CML382,3147,2026-04-25,CML382,16132695,311,311
25042026_CML382,3140,2026-04-25,CML382,16133294,311,300
25042026_CML382,3147,2026-04-25,CML382,16133294,311,300
25042026_CML382,3140,2026-04-25,CML382,16133636,311,300
25042026_CML382,3147,2026-04-25,CML382,16133636,311,300
25042026_CML382,3140,2026-04-25,CML382,16134167,311,490
25042026_CML382,3147,2026-04-25,CML382,16134167,311,490
28042026_CML382,3147,2026-04-28,CML382,16145753,311,300
28042026_CML382,311154,2026-04-28,CML382,16145753,311,300
12042026_CML380,31417,2026-04-12,CML380,16084190,311,300
12042026_CML380,31631,2026-04-12,CML380,16084190,311,300
06042026_CML379,31335,2026-04-06,CML379,16060435,331,300
06042026_CML379,1112255,2026-04-06,CML379,16060435,331,300
09042026_CML379,1112255,2026-04-09,CML379,16074424,311,300
09042026_CML379,31335,2026-04-09,CML379,16074424,311,300
10042026_CML379,31335,2026-04-10,CML379,16075616,311,490
10042026_CML379,311682,2026-04-10,CML379,16075616,311,490
14042026_CML379,31335,2026-04-14,CML379,16090975,312,343
14042026_CML379,1112255,2026-04-14,CML379,16090975,312,343
18042026_CML379,1112255,2026-04-18,CML379,16108780,311,620
18042026_CML379,311682,2026-04-18,CML379,16108780,311,620
18042026_CML379,1112255,2026-04-18,CML379,16109556,311,490
18042026_CML379,311682,2026-04-18,CML379,16109556,311,490
18042026_CML379,1112255,2026-04-18,CML379,16110236,311,300
18042026_CML379,311682,2026-04-18,CML379,16110236,311,300
18042026_CML379,1112255,2026-04-18,CML379,16110464,311,620
18042026_CML379,311682,2026-04-18,CML379,16110464,311,620
30042026_CML379,31335,2026-04-30,CML379,16153777,342,300
30042026_CML379,1112255,2026-04-30,CML379,16153777,342,300
13042026_CML377,311821,2026-04-13,CML377,16088944,342,343
13042026_CML377,31189,2026-04-13,CML377,16088944,342,343
14042026_CML377,311821,2026-04-14,CML377,16092279,311,440
14042026_CML377,31189,2026-04-14,CML377,16092279,311,440
02042026_CML376,31213,2026-04-02,CML376,16045234,341,490
02042026_CML376,311191,2026-04-02,CML376,16045234,341,490
02042026_CML376,31213,2026-04-02,CML376,16046973,311,490
02042026_CML376,311191,2026-04-02,CML376,16046973,311,490
03042026_CML376,311191,2026-04-03,CML376,16049316,311,10
03042026_CML376,31213,2026-04-03,CML376,16049316,311,10
03042026_CML376,311191,2026-04-03,CML376,16049565,311,20
03042026_CML376,31213,2026-04-03,CML376,16049565,311,20
03042026_CML376,311191,2026-04-03,CML376,16049879,311,20
03042026_CML376,31213,2026-04-03,CML376,16049879,311,20
03042026_CML376,311191,2026-04-03,CML376,16049929,311,20
03042026_CML376,31213,2026-04-03,CML376,16049929,311,20
03042026_CML376,311191,2026-04-03,CML376,16050056,311,20
03042026_CML376,31213,2026-04-03,CML376,16050056,311,20
03042026_CML376,311191,2026-04-03,CML376,16050095,341,11
03042026_CML376,31213,2026-04-03,CML376,16050095,341,11
05042026_CML376,311191,2026-04-05,CML376,16055103,381,343
05042026_CML376,31213,2026-04-05,CML376,16055103,381,343
05042026_CML376,311191,2026-04-05,CML376,16055004,311,10
05042026_CML376,31213,2026-04-05,CML376,16055004,311,10
05042026_CML376,311191,2026-04-05,CML376,16055890,311,20
05042026_CML376,31213,2026-04-05,CML376,16055890,311,20
10042026_CML376,31213,2026-04-10,CML376,16075543,342,343
10042026_CML376,311191,2026-04-10,CML376,16075543,342,343
18042026_CML376,31213,2026-04-18,CML376,16108585,311,20
18042026_CML376,311191,2026-04-18,CML376,16108585,311,20
18042026_CML376,31213,2026-04-18,CML376,16109483,301,440
18042026_CML376,311191,2026-04-18,CML376,16109483,301,440
18042026_CML376,31213,2026-04-18,CML376,16108343,311,20
18042026_CML376,311191,2026-04-18,CML376,16108343,311,20
18042026_CML376,31213,2026-04-18,CML376,16110034,311,20
18042026_CML376,311191,2026-04-18,CML376,16110034,311,20
25042026_CML376,31213,2026-04-25,CML376,16132165,311,20
25042026_CML376,311191,2026-04-25,CML376,16132165,311,20
25042026_CML376,31213,2026-04-25,CML376,16132636,311,20
25042026_CML376,311191,2026-04-25,CML376,16132636,311,20
25042026_CML376,31213,2026-04-25,CML376,16133288,311,20
25042026_CML376,311191,2026-04-25,CML376,16133288,311,20
25042026_CML376,31213,2026-04-25,CML376,16133343,311,620
25042026_CML376,311191,2026-04-25,CML376,16133343,311,620
25042026_CML376,31213,2026-04-25,CML376,16133492,311,20
25042026_CML376,311191,2026-04-25,CML376,16133492,311,20
25042026_CML376,31213,2026-04-25,CML376,16133780,311,490
25042026_CML376,311191,2026-04-25,CML376,16133780,311,490
25042026_CML376,31213,2026-04-25,CML376,16133892,311,490
25042026_CML376,311191,2026-04-25,CML376,16133892,311,490
30042026_CML376,31213,2026-04-30,CML376,16153798,311,20
30042026_CML376,311191,2026-04-30,CML376,16153798,311,20
06042026_CML375,311088,2026-04-06,CML375,16060481,311,20
06042026_CML375,31528,2026-04-06,CML375,16060481,311,20
30042026_CML375,311088,2026-04-30,CML375,16152428,311,20
30042026_CML375,31528,2026-04-30,CML375,16152428,311,20
02042026_CML374,311876,2026-04-02,CML374,16045402,311,620
02042026_CML374,311333,2026-04-02,CML374,16045402,311,620
07042026_CML374,311821,2026-04-07,CML374,16065412,341,440
07042026_CML374,311333,2026-04-07,CML374,16065412,341,440
08042026_CML374,311821,2026-04-08,CML374,16066650,311,620
08042026_CML374,311333,2026-04-08,CML374,16066650,311,620
14042026_CML374,311333,2026-04-14,CML374,16092201,311,620
14042026_CML374,31213,2026-04-14,CML374,16092201,311,620
28042026_CML374,311333,2026-04-28,CML374,16096952,799,897
28042026_CML374,31945,2026-04-28,CML374,16096952,799,897
05042026_CML373,311152,2026-04-05,CML373,16055480,311,620
05042026_CML373,3120,2026-04-05,CML373,16055480,311,620
05042026_CML373,311152,2026-04-05,CML373,16056100,311,490
05042026_CML373,3120,2026-04-05,CML373,16056100,311,490
09042026_CML373,311344,2026-04-09,CML373,16074431,343,620
09042026_CML373,311152,2026-04-09,CML373,16074431,343,620
21042026_CML373,311344,2026-04-21,CML373,16118601,104,890
21042026_CML373,3120,2026-04-21,CML373,16118601,104,890
21042026_CML373,311344,2026-04-21,CML373,16118746,311,620
21042026_CML373,3120,2026-04-21,CML373,16118746,311,620
25042026_CML373,311793,2026-04-25,CML373,16132506,311,620
25042026_CML373,311344,2026-04-25,CML373,16132506,311,620
25042026_CML373,311793,2026-04-25,CML373,16133211,311,620
25042026_CML373,311344,2026-04-25,CML373,16133211,311,620
25042026_CML373,311793,2026-04-25,CML373,16133106,311,620
25042026_CML373,311344,2026-04-25,CML373,16133106,311,620
25042026_CML373,311793,2026-04-25,CML373,16133381,311,490
25042026_CML373,311344,2026-04-25,CML373,16133381,311,490
25042026_CML373,311793,2026-04-25,CML373,16133528,311,620
25042026_CML373,311344,2026-04-25,CML373,16133528,311,620
02042026_CML372,31305,2026-04-02,CML372,16045336,311,440
02042026_CML372,3144,2026-04-02,CML372,16045336,311,440
03042026_CML372,3144,2026-04-03,CML372,16049300,311,440
03042026_CML372,31305,2026-04-03,CML372,16049300,311,440
03042026_CML372,3144,2026-04-03,CML372,16049569,311,440
03042026_CML372,31305,2026-04-03,CML372,16049569,311,440
03042026_CML372,3144,2026-04-03,CML372,16049696,311,440
03042026_CML372,31305,2026-04-03,CML372,16049696,311,440
03042026_CML372,3144,2026-04-03,CML372,16050144,311,440
03042026_CML372,31305,2026-04-03,CML372,16050144,311,440
03042026_CML372,3144,2026-04-03,CML372,16050222,341,440
03042026_CML372,31305,2026-04-03,CML372,16050222,341,440
08042026_CML372,31305,2026-04-08,CML372,16067888,341,620
08042026_CML372,3144,2026-04-08,CML372,16067888,341,620
09042026_CML372,31305,2026-04-09,CML372,16074566,341,620
09042026_CML372,311821,2026-04-09,CML372,16074566,341,620
13042026_CML372,3144,2026-04-13,CML372,16089687,341,620
13042026_CML372,311456,2026-04-13,CML372,16089687,341,620
14042026_CML372,31305,2026-04-14,CML372,16092196,381,443
14042026_CML372,3144,2026-04-14,CML372,16092196,381,443
18042026_CML372,3144,2026-04-18,CML372,16108941,311,620
18042026_CML372,31305,2026-04-18,CML372,16108941,311,620
18042026_CML372,3144,2026-04-18,CML372,16109917,341,440
18042026_CML372,31305,2026-04-18,CML372,16109917,341,440
02042026_CML371,31887,2026-04-02,CML371,16045621,311,490
02042026_CML371,31899,2026-04-02,CML371,16045621,311,490
03042026_CML371,3136,2026-04-03,CML371,16049333,311,300
03042026_CML371,31899,2026-04-03,CML371,16049333,311,300
03042026_CML371,3136,2026-04-03,CML371,16049616,311,300
03042026_CML371,31899,2026-04-03,CML371,16049616,311,300
03042026_CML371,3136,2026-04-03,CML371,16049898,311,300
03042026_CML371,31899,2026-04-03,CML371,16049898,311,300
03042026_CML371,3136,2026-04-03,CML371,16050069,311,440
03042026_CML371,31899,2026-04-03,CML371,16050069,311,440
06042026_CML371,31887,2026-04-06,CML371,16060468,311,10
06042026_CML371,31899,2026-04-06,CML371,16060468,311,10
08042026_CML371,31887,2026-04-08,CML371,16067663,311,10
08042026_CML371,31899,2026-04-08,CML371,16067663,311,10
18042026_CML371,311333,2026-04-18,CML371,16109153,201,180
18042026_CML371,31899,2026-04-18,CML371,16109153,201,180
18042026_CML371,311333,2026-04-18,CML371,16110050,311,620
18042026_CML371,31899,2026-04-18,CML371,16110050,311,620
18042026_CML371,311333,2026-04-18,CML371,16110286,341,440
18042026_CML371,31899,2026-04-18,CML371,16110286,341,440
10042026_CML370,311381,2026-04-10,CML370,16076508,311,620
10042026_CML370,311079,2026-04-10,CML370,16076508,311,620
26042026_CML370,512043,2026-04-26,CML370,16136469,312,300
26042026_CML370,311821,2026-04-26,CML370,16136469,312,300
26042026_CML370,512043,2026-04-26,CML370,16136879,312,325
26042026_CML370,311821,2026-04-26,CML370,16136879,312,325
26042026_CML370,512043,2026-04-26,CML370,16136924,311,490
26042026_CML370,311821,2026-04-26,CML370,16136924,311,490
02042026_CML369,512044,2026-04-02,CML369,16045643,311,20
02042026_CML369,512045,2026-04-02,CML369,16045643,311,20
06042026_CML369,512044,2026-04-06,CML369,16060239,311,20
06042026_CML369,512045,2026-04-06,CML369,16060239,311,20
07042026_CML369,512044,2026-04-07,CML369,16065089,341,440
07042026_CML369,512045,2026-04-07,CML369,16065089,341,440
12042026_CML369,512044,2026-04-12,CML369,16084343,311,10
12042026_CML369,512045,2026-04-12,CML369,16084343,311,10
12042026_CML369,512044,2026-04-12,CML369,16085732,311,11
12042026_CML369,512045,2026-04-12,CML369,16085732,311,11
13042026_CML369,512044,2026-04-13,CML369,16088047,311,10
13042026_CML369,512045,2026-04-13,CML369,16088047,311,10
14042026_CML369,512044,2026-04-14,CML369,16092987,311,11
14042026_CML369,512045,2026-04-14,CML369,16092987,311,11
02042026_CML368,311588,2026-04-02,CML368,16045857,341,440
02042026_CML368,311195,2026-04-02,CML368,16045857,341,440
13042026_CML368,311588,2026-04-13,CML368,16089386,381,343
13042026_CML368,311911,2026-04-13,CML368,16089386,381,343
13042026_CML368,311588,2026-04-13,CML368,16088024,311,311
13042026_CML368,311911,2026-04-13,CML368,16088024,311,311
18042026_CML368,311193,2026-04-18,CML368,16108438,341,300
18042026_CML368,311603,2026-04-18,CML368,16108438,341,300
18042026_CML368,311193,2026-04-18,CML368,16108658,311,11
18042026_CML368,311603,2026-04-18,CML368,16108658,311,11
18042026_CML368,311193,2026-04-18,CML368,16109272,311,300
18042026_CML368,311603,2026-04-18,CML368,16109272,311,300
18042026_CML368,311193,2026-04-18,CML368,16109714,311,300
18042026_CML368,311603,2026-04-18,CML368,16109714,311,300
05042026_CML367,311816,2026-04-05,CML367,16055350,311,180
05042026_CML367,311817,2026-04-05,CML367,16055350,311,180
05042026_CML367,311816,2026-04-05,CML367,16055552,125,880
05042026_CML367,311817,2026-04-05,CML367,16055552,125,880
05042026_CML367,311816,2026-04-05,CML367,16055628,311,620
05042026_CML367,311817,2026-04-05,CML367,16055628,311,620
05042026_CML367,311816,2026-04-05,CML367,16056005,341,620
05042026_CML367,311817,2026-04-05,CML367,16056005,341,620
05042026_CML367,311816,2026-04-05,CML367,16056423,341,620
05042026_CML367,311817,2026-04-05,CML367,16056423,341,620
26042026_CML367,311816,2026-04-26,CML367,16136370,311,311
26042026_CML367,311817,2026-04-26,CML367,16136370,311,311
26042026_CML367,311816,2026-04-26,CML367,16137017,201,20
26042026_CML367,311817,2026-04-26,CML367,16137017,201,20
02042026_CML365,311592,2026-04-02,CML365,16045542,311,10
02042026_CML365,311682,2026-04-02,CML365,16045542,311,10
03042026_CML365,311592,2026-04-03,CML365,16049406,381,343
03042026_CML365,311906,2026-04-03,CML365,16049406,381,343
03042026_CML365,311592,2026-04-03,CML365,16049464,311,10
03042026_CML365,311906,2026-04-03,CML365,16049464,311,10
03042026_CML365,311592,2026-04-03,CML365,16049688,311,300
03042026_CML365,311906,2026-04-03,CML365,16049688,311,300
03042026_CML365,311592,2026-04-03,CML365,16050131,311,300
03042026_CML365,311906,2026-04-03,CML365,16050131,311,300
03042026_CML365,311592,2026-04-03,CML365,16050479,311,300
03042026_CML365,311906,2026-04-03,CML365,16050479,311,300
04042026_CML365,311906,2026-04-04,CML365,16052495,341,440
04042026_CML365,311592,2026-04-04,CML365,16052495,341,440
04042026_CML365,311906,2026-04-04,CML365,16052820,311,10
04042026_CML365,311592,2026-04-04,CML365,16052820,311,10
04042026_CML365,311906,2026-04-04,CML365,16053104,381,343
04042026_CML365,311592,2026-04-04,CML365,16053104,381,343
04042026_CML365,311906,2026-04-04,CML365,16053299,311,10
04042026_CML365,311592,2026-04-04,CML365,16053299,311,10
05042026_CML365,311592,2026-04-05,CML365,16054669,311,20
05042026_CML365,311906,2026-04-05,CML365,16054669,311,20
05042026_CML365,311592,2026-04-05,CML365,16055008,311,300
05042026_CML365,311906,2026-04-05,CML365,16055008,311,300
05042026_CML365,311592,2026-04-05,CML365,16056003,311,10
05042026_CML365,311906,2026-04-05,CML365,16056003,311,10
05042026_CML365,311592,2026-04-05,CML365,16056865,311,10
05042026_CML365,311906,2026-04-05,CML365,16056865,311,10
08042026_CML365,311592,2026-04-08,CML365,16066663,311,10
08042026_CML365,3136,2026-04-08,CML365,16066663,311,10
10042026_CML365,3136,2026-04-10,CML365,16075958,311,10
10042026_CML365,311592,2026-04-10,CML365,16075958,311,10
11042026_CML365,3136,2026-04-11,CML365,16079345,311,10
11042026_CML365,311592,2026-04-11,CML365,16079345,311,10
11042026_CML365,3136,2026-04-11,CML365,16079570,311,10
11042026_CML365,311592,2026-04-11,CML365,16079570,311,10
11042026_CML365,3136,2026-04-11,CML365,16080186,311,10
11042026_CML365,311592,2026-04-11,CML365,16080186,311,10
11042026_CML365,3136,2026-04-11,CML365,16081166,311,10
11042026_CML365,311592,2026-04-11,CML365,16081166,311,10
14042026_CML365,311592,2026-04-14,CML365,16092353,311,10
14042026_CML365,3136,2026-04-14,CML365,16092353,311,10
21042026_CML365,3136,2026-04-21,CML365,16118609,311,300
21042026_CML365,311592,2026-04-21,CML365,16118609,311,300
30042026_CML365,311592,2026-04-30,CML365,16153916,311,10
30042026_CML365,3136,2026-04-30,CML365,16153916,311,10
02042026_CML364,,2026-04-02,CML364,16045174,312,10
13042026_CML364,1112281,2026-04-13,CML364,16089930,311,10
13042026_CML364,1112284,2026-04-13,CML364,16089930,311,10
03042026_CML363,31873,2026-04-03,CML363,16048959,312,10
03042026_CML363,31865,2026-04-03,CML363,16048959,312,10
03042026_CML363,31873,2026-04-03,CML363,16049563,312,10
03042026_CML363,31865,2026-04-03,CML363,16049563,312,10
03042026_CML363,31873,2026-04-03,CML363,16049963,312,10
03042026_CML363,31865,2026-04-03,CML363,16049963,312,10
03042026_CML363,31873,2026-04-03,CML363,16050642,312,10
03042026_CML363,31865,2026-04-03,CML363,16050642,312,10
05042026_CML363,31873,2026-04-05,CML363,16055386,311,490
05042026_CML363,31865,2026-04-05,CML363,16055386,311,490
05042026_CML363,31873,2026-04-05,CML363,16055796,311,490
05042026_CML363,31865,2026-04-05,CML363,16055796,311,490
05042026_CML363,31873,2026-04-05,CML363,16056122,311,490
05042026_CML363,31865,2026-04-05,CML363,16056122,311,490
26042026_CML361,31507,2026-04-26,CML361,16136403,311,300
26042026_CML361,3150,2026-04-26,CML361,16136403,311,300
26042026_CML361,31507,2026-04-26,CML361,16136663,311,300
26042026_CML361,3150,2026-04-26,CML361,16136663,311,300
26042026_CML361,31507,2026-04-26,CML361,16136852,342,300
26042026_CML361,3150,2026-04-26,CML361,16136852,342,300
03042026_CML360,512046,2026-04-03,CML360,16049808,311,20
03042026_CML360,512049,2026-04-03,CML360,16049808,311,20
03042026_CML360,512046,2026-04-03,CML360,16049972,311,20
03042026_CML360,512049,2026-04-03,CML360,16049972,311,20
03042026_CML360,512046,2026-04-03,CML360,16049936,341,11
03042026_CML360,512049,2026-04-03,CML360,16049936,341,11
03042026_CML360,512046,2026-04-03,CML360,16050478,311,10
03042026_CML360,512049,2026-04-03,CML360,16050478,311,10
05042026_CML359,1112314,2026-04-05,CML359,16055165,381,343
05042026_CML359,311157,2026-04-05,CML359,16055165,381,343
05042026_CML359,1112314,2026-04-05,CML359,16055525,301,200
05042026_CML359,311157,2026-04-05,CML359,16055525,301,200
05042026_CML359,1112314,2026-04-05,CML359,16055674,311,10
05042026_CML359,311157,2026-04-05,CML359,16055674,311,10
05042026_CML359,1112314,2026-04-05,CML359,16056189,311,490
05042026_CML359,311157,2026-04-05,CML359,16056189,311,490
11042026_CML359,1112314,2026-04-11,CML359,16079038,343,171
11042026_CML359,311875,2026-04-11,CML359,16079038,343,171
11042026_CML359,1112314,2026-04-11,CML359,16079963,311,490
11042026_CML359,311875,2026-04-11,CML359,16079963,311,490
11042026_CML359,1112314,2026-04-11,CML359,16079895,341,440
11042026_CML359,311875,2026-04-11,CML359,16079895,341,440
11042026_CML359,1112314,2026-04-11,CML359,16080573,311,300
11042026_CML359,311875,2026-04-11,CML359,16080573,311,300
11042026_CML359,1112314,2026-04-11,CML359,16089848,341,490
11042026_CML359,311875,2026-04-11,CML359,16089848,341,490
11042026_CML359,1112314,2026-04-11,CML359,16081086,311,490
11042026_CML359,311875,2026-04-11,CML359,16081086,311,490
11042026_CML359,1112314,2026-04-11,CML359,16081365,343,440
11042026_CML359,311875,2026-04-11,CML359,16081365,343,440
18042026_CML359,1112314,2026-04-18,CML359,16108660,312,10
18042026_CML359,311875,2026-04-18,CML359,16108660,312,10
18042026_CML359,1112314,2026-04-18,CML359,16109297,312,300
18042026_CML359,311875,2026-04-18,CML359,16109297,312,300
18042026_CML359,1112314,2026-04-18,CML359,16109737,312,300
18042026_CML359,311875,2026-04-18,CML359,16109737,312,300
18042026_CML359,1112314,2026-04-18,CML359,16109861,312,300
18042026_CML359,311875,2026-04-18,CML359,16109861,312,300
18042026_CML359,1112314,2026-04-18,CML359,16110055,312,300
18042026_CML359,311875,2026-04-18,CML359,16110055,312,300
21042026_CML359,1112314,2026-04-21,CML359,16118585,312,300
21042026_CML359,311875,2026-04-21,CML359,16118585,312,300
21042026_CML359,1112314,2026-04-21,CML359,16118900,121,343
21042026_CML359,311875,2026-04-21,CML359,16118900,121,343
28042026_CML359,311875,2026-04-28,CML359,16146617,312,10
28042026_CML359,311384,2026-04-28,CML359,16146617,312,10
25042026_CML358,1112299,2026-04-25,CML358,16133719,311,490
25042026_CML358,1112314,2026-04-25,CML358,16133719,311,490
25042026_CML358,1112299,2026-04-25,CML358,16132113,343,620
25042026_CML358,1112314,2026-04-25,CML358,16132113,343,620
25042026_CML358,1112299,2026-04-25,CML358,16134127,343,620
25042026_CML358,1112314,2026-04-25,CML358,16134127,343,620
25042026_CML358,1112299,2026-04-25,CML358,16134316,312,300
25042026_CML358,1112314,2026-04-25,CML358,16134316,312,300
26042026_CML358,1112299,2026-04-26,CML358,16136052,381,300
26042026_CML358,1112314,2026-04-26,CML358,16136052,381,300
26042026_CML358,1112299,2026-04-26,CML358,16136561,312,300
26042026_CML358,1112314,2026-04-26,CML358,16136561,312,300
26042026_CML358,1112299,2026-04-26,CML358,16136626,311,300
26042026_CML358,1112314,2026-04-26,CML358,16136626,311,300
26042026_CML358,1112299,2026-04-26,CML358,16137652,312,300
26042026_CML358,1112314,2026-04-26,CML358,16137652,312,300
04042026_CML357,512043,2026-04-04,CML357,16052585,311,300
04042026_CML357,512047,2026-04-04,CML357,16052585,311,300
04042026_CML357,512043,2026-04-04,CML357,16052878,311,490
04042026_CML357,512047,2026-04-04,CML357,16052878,311,490
04042026_CML357,512043,2026-04-04,CML357,16053162,343,620
04042026_CML357,512047,2026-04-04,CML357,16053162,343,620
04042026_CML357,512043,2026-04-04,CML357,16053536,126,880
04042026_CML357,512047,2026-04-04,CML357,16053536,126,880
03042026_CML355,31507,2026-04-03,CML355,16048687,311,300
03042026_CML355,31510,2026-04-03,CML355,16048687,311,300
03042026_CML355,31507,2026-04-03,CML355,16049395,381,343
03042026_CML355,31510,2026-04-03,CML355,16049395,381,343
03042026_CML355,31507,2026-04-03,CML355,16049609,104,171
03042026_CML355,31510,2026-04-03,CML355,16049609,104,171
03042026_CML355,31507,2026-04-03,CML355,16049750,311,300
03042026_CML355,31510,2026-04-03,CML355,16049750,311,300
03042026_CML355,31507,2026-04-03,CML355,16049969,341,300
03042026_CML355,31510,2026-04-03,CML355,16049969,341,300
03042026_CML355,31507,2026-04-03,CML355,16050705,381,343
03042026_CML355,31510,2026-04-03,CML355,16050705,381,343
04042026_CML355,1112262,2026-04-04,CML355,16052419,311,300
04042026_CML355,311826,2026-04-04,CML355,16052419,311,300
04042026_CML355,1112262,2026-04-04,CML355,16052671,311,300
04042026_CML355,311826,2026-04-04,CML355,16052671,311,300
04042026_CML355,1112262,2026-04-04,CML355,16053009,311,300
04042026_CML355,311826,2026-04-04,CML355,16053009,311,300
04042026_CML355,1112262,2026-04-04,CML355,16052982,343,300
04042026_CML355,311826,2026-04-04,CML355,16052982,343,300
21042026_CML355,512049,2026-04-21,CML355,16118442,201,325
21042026_CML355,512046,2026-04-21,CML355,16118442,201,325
21042026_CML355,512049,2026-04-21,CML355,16118664,312,300
21042026_CML355,512046,2026-04-21,CML355,16118664,312,300
21042026_CML355,512049,2026-04-21,CML355,16119127,311,20
21042026_CML355,512046,2026-04-21,CML355,16119127,311,20
03042026_CML354,311712,2026-04-03,CML354,16049368,311,620
03042026_CML354,3120,2026-04-03,CML354,16049368,311,620
03042026_CML354,311712,2026-04-03,CML354,16049439,311,620
03042026_CML354,3120,2026-04-03,CML354,16049439,311,620
03042026_CML354,311712,2026-04-03,CML354,16049578,311,620
03042026_CML354,3120,2026-04-03,CML354,16049578,311,620
03042026_CML354,311712,2026-04-03,CML354,16049711,311,620
03042026_CML354,3120,2026-04-03,CML354,16049711,311,620
03042026_CML354,311712,2026-04-03,CML354,16050062,341,440
03042026_CML354,3120,2026-04-03,CML354,16050062,341,440
12042026_CML354,31510,2026-04-12,CML354,16083011,341,620
12042026_CML354,311712,2026-04-12,CML354,16083011,341,620
12042026_CML354,31510,2026-04-12,CML354,16085211,311,620
12042026_CML354,311712,2026-04-12,CML354,16085211,311,620
12042026_CML354,31510,2026-04-12,CML354,16085327,311,620
12042026_CML354,311712,2026-04-12,CML354,16085327,311,620
13042026_CML354,31510,2026-04-13,CML354,16088121,381,343
13042026_CML354,311712,2026-04-13,CML354,16088121,381,343
14042026_CML354,31510,2026-04-14,CML354,16092434,341,620
14042026_CML354,311712,2026-04-14,CML354,16092434,341,620
26042026_CML354,31510,2026-04-26,CML354,16135382,311,620
26042026_CML354,311712,2026-04-26,CML354,16135382,311,620
26042026_CML354,31510,2026-04-26,CML354,16136507,311,620
26042026_CML354,311712,2026-04-26,CML354,16136507,311,620
26042026_CML354,31510,2026-04-26,CML354,16136894,381,343
26042026_CML354,311712,2026-04-26,CML354,16136894,381,343
26042026_CML354,31510,2026-04-26,CML354,16137061,311,620
26042026_CML354,311712,2026-04-26,CML354,16137061,311,620
26042026_CML354,31510,2026-04-26,CML354,16137250,311,620
26042026_CML354,311712,2026-04-26,CML354,16137250,311,620
02042026_CML353,311795,2026-04-02,CML353,16045393,311,620
02042026_CML353,311450,2026-04-02,CML353,16045393,311,620
08042026_CML353,311795,2026-04-08,CML353,16067849,311,620
14042026_CML353,311795,2026-04-14,CML353,16090342,311,300
14042026_CML353,311450,2026-04-14,CML353,16090342,311,300
15042026_CML353,311450,2026-04-15,CML353,16098544,311,440
15042026_CML353,311795,2026-04-15,CML353,16098544,311,440
12042026_CML352,311384,2026-04-12,CML352,16084168,311,10
12042026_CML352,311154,2026-04-12,CML352,16084168,311,10
12042026_CML352,311384,2026-04-12,CML352,16084560,311,10
12042026_CML352,311154,2026-04-12,CML352,16084560,311,10
12042026_CML352,311384,2026-04-12,CML352,16084898,311,11
12042026_CML352,311154,2026-04-12,CML352,16084898,311,11
12042026_CML352,311384,2026-04-12,CML352,16085200,311,10
12042026_CML352,311154,2026-04-12,CML352,16085200,311,10
26042026_CML352,311384,2026-04-26,CML352,16136709,311,20
26042026_CML352,311154,2026-04-26,CML352,16136709,311,20
26042026_CML352,311384,2026-04-26,CML352,16137092,381,343
26042026_CML352,311154,2026-04-26,CML352,16137092,381,343
02042026_CML351,1112282,2026-04-02,CML351,16045458,301,490
02042026_CML351,311383,2026-04-02,CML351,16045458,301,490
14042026_CML351,311707,2026-04-14,CML351,16092119,311,20
14042026_CML351,1112282,2026-04-14,CML351,16092119,311,20
02042026_CML350,311815,2026-04-02,CML350,16044351,311,300
02042026_CML350,311906,2026-04-02,CML350,16044351,311,300
07042026_CML349,311874,2026-04-07,CML349,16065243,381,20
07042026_CML349,311074,2026-04-07,CML349,16065243,381,20
18042026_CML349,311874,2026-04-18,CML349,16108160,381,343
18042026_CML349,311074,2026-04-18,CML349,16108160,381,343
18042026_CML349,311874,2026-04-18,CML349,16109230,311,620
18042026_CML349,311074,2026-04-18,CML349,16109230,311,620
18042026_CML349,311874,2026-04-18,CML349,16109634,311,620
18042026_CML349,311074,2026-04-18,CML349,16109634,311,620
18042026_CML349,311874,2026-04-18,CML349,16109824,311,620
18042026_CML349,311074,2026-04-18,CML349,16109824,311,620
28042026_CML349,311874,2026-04-28,CML349,16146086,341,620
28042026_CML349,311193,2026-04-28,CML349,16146086,341,620
12042026_CML347,311155,2026-04-12,CML347,16085474,381,343
12042026_CML347,311157,2026-04-12,CML347,16085474,381,343
02042026_CML346,311941,2026-04-02,CML346,16046591,311,300
02042026_CML346,311953,2026-04-02,CML346,16046591,311,300
05042026_CML346,311941,2026-04-05,CML346,16054603,311,300
05042026_CML346,311953,2026-04-05,CML346,16054603,311,300
05042026_CML346,311941,2026-04-05,CML346,16055655,311,300
05042026_CML346,311953,2026-04-05,CML346,16055655,311,300
05042026_CML346,311941,2026-04-05,CML346,16055988,311,300
05042026_CML346,311953,2026-04-05,CML346,16055988,311,300
02042026_CML345,311193,2026-04-02,CML345,16047121,311,300
02042026_CML345,311854,2026-04-02,CML345,16047121,311,300
05042026_CML345,311193,2026-04-05,CML345,16054815,311,300
05042026_CML345,311854,2026-04-05,CML345,16054815,311,300
05042026_CML345,311193,2026-04-05,CML345,16054862,311,300
05042026_CML345,311854,2026-04-05,CML345,16054862,311,300
05042026_CML345,311193,2026-04-05,CML345,16056243,311,300
05042026_CML345,311854,2026-04-05,CML345,16056243,311,300
12042026_CML345,311193,2026-04-12,CML345,16083796,341,300
12042026_CML345,311854,2026-04-12,CML345,16083796,341,300
12042026_CML345,311193,2026-04-12,CML345,16084654,311,300
12042026_CML345,311854,2026-04-12,CML345,16084654,311,300
12042026_CML345,311193,2026-04-12,CML345,16085004,311,300
12042026_CML345,311854,2026-04-12,CML345,16085004,311,300
12042026_CML345,311193,2026-04-12,CML345,16085680,311,300
12042026_CML345,311854,2026-04-12,CML345,16085680,311,300
02042026_CML344,31695,2026-04-02,CML344,16045069,311,490
02042026_CML344,311869,2026-04-02,CML344,16045069,311,490
04042026_CML344,311869,2026-04-04,CML344,16052634,311,490
04042026_CML344,311853,2026-04-04,CML344,16052634,311,490
04042026_CML344,311869,2026-04-04,CML344,16052975,311,10
04042026_CML344,311853,2026-04-04,CML344,16052975,311,10
04042026_CML344,311869,2026-04-04,CML344,16053303,311,490
04042026_CML344,311853,2026-04-04,CML344,16053303,311,490
04042026_CML344,311869,2026-04-04,CML344,16053316,311,490
04042026_CML344,311853,2026-04-04,CML344,16053316,311,490
05042026_CML344,311869,2026-04-05,CML344,16054720,311,490
05042026_CML344,311853,2026-04-05,CML344,16054720,311,490
05042026_CML344,311869,2026-04-05,CML344,16055071,311,490
05042026_CML344,311853,2026-04-05,CML344,16055071,311,490
05042026_CML344,311869,2026-04-05,CML344,16055927,381,343
05042026_CML344,311853,2026-04-05,CML344,16055927,381,343
05042026_CML344,311869,2026-04-05,CML344,16056065,311,490
05042026_CML344,311853,2026-04-05,CML344,16056065,311,490
05042026_CML344,311869,2026-04-05,CML344,16056370,311,490
05042026_CML344,311853,2026-04-05,CML344,16056370,311,490
10042026_CML344,311853,2026-04-10,CML344,16076779,311,490
10042026_CML344,311869,2026-04-10,CML344,16076779,311,490
11042026_CML344,311869,2026-04-11,CML344,16079236,311,490
11042026_CML344,311853,2026-04-11,CML344,16079236,311,490
11042026_CML344,311869,2026-04-11,CML344,16080131,311,490
11042026_CML344,311853,2026-04-11,CML344,16080131,311,490
11042026_CML344,311869,2026-04-11,CML344,16080585,311,490
11042026_CML344,311853,2026-04-11,CML344,16080585,311,490
11042026_CML344,311869,2026-04-11,CML344,16079427,311,10
11042026_CML344,311853,2026-04-11,CML344,16079427,311,10
11042026_CML344,311869,2026-04-11,CML344,16082056,311,10
11042026_CML344,311853,2026-04-11,CML344,16082056,311,10
30042026_CML344,311152,2026-04-30,CML344,16152374,311,490
30042026_CML344,311869,2026-04-30,CML344,16152374,311,490
07042026_CML343,311071,2026-04-07,CML343,16064960,311,490
07042026_CML343,31695,2026-04-07,CML343,16064960,311,490
08042026_CML343,31695,2026-04-08,CML343,16067134,311,325
08042026_CML343,311071,2026-04-08,CML343,16067134,311,325
10042026_CML343,311071,2026-04-10,CML343,16076108,311,311
10042026_CML343,31695,2026-04-10,CML343,16076108,311,311
11042026_CML343,31695,2026-04-11,CML343,16079428,311,325
11042026_CML343,311071,2026-04-11,CML343,16079428,311,325
11042026_CML343,31695,2026-04-11,CML343,16079547,311,490
11042026_CML343,311071,2026-04-11,CML343,16079547,311,490
11042026_CML343,31695,2026-04-11,CML343,16080883,311,325
11042026_CML343,311071,2026-04-11,CML343,16080883,311,325
11042026_CML343,31695,2026-04-11,CML343,16081290,341,440
11042026_CML343,311071,2026-04-11,CML343,16081290,341,440
13042026_CML343,311071,2026-04-13,CML343,16089297,311,490
13042026_CML343,31695,2026-04-13,CML343,16089297,311,490
18042026_CML343,311071,2026-04-18,CML343,16107549,311,325
18042026_CML343,31695,2026-04-18,CML343,16107549,311,325
18042026_CML343,311071,2026-04-18,CML343,16109453,381,343
18042026_CML343,31695,2026-04-18,CML343,16109453,381,343
18042026_CML343,311071,2026-04-18,CML343,16109848,311,325
18042026_CML343,31695,2026-04-18,CML343,16109848,311,325
18042026_CML343,311071,2026-04-18,CML343,16110358,381,343
18042026_CML343,31695,2026-04-18,CML343,16110358,381,343
25042026_CML343,311071,2026-04-25,CML343,16132197,311,490
25042026_CML343,31695,2026-04-25,CML343,16132197,311,490
25042026_CML343,311071,2026-04-25,CML343,16133210,381,343
25042026_CML343,31695,2026-04-25,CML343,16133210,381,343
25042026_CML343,311071,2026-04-25,CML343,16133493,311,325
25042026_CML343,31695,2026-04-25,CML343,16133493,311,325
25042026_CML343,311071,2026-04-25,CML343,16133461,311,490
25042026_CML343,31695,2026-04-25,CML343,16133461,311,490
25042026_CML343,311071,2026-04-25,CML343,16133737,125,880
25042026_CML343,31695,2026-04-25,CML343,16133737,125,880
26042026_CML343,311071,2026-04-26,CML343,16136349,381,300
26042026_CML343,31695,2026-04-26,CML343,16136349,381,300
26042026_CML343,311071,2026-04-26,CML343,16136570,311,325
26042026_CML343,31695,2026-04-26,CML343,16136570,311,325
26042026_CML343,311071,2026-04-26,CML343,16137123,381,343
26042026_CML343,31695,2026-04-26,CML343,16137123,381,343
13042026_CML342,3140,2026-04-13,CML342,16089572,312,325
13042026_CML342,311826,2026-04-13,CML342,16089572,312,325
26042026_CML342,311078,2026-04-26,CML342,16137009,311,620
26042026_CML342,311826,2026-04-26,CML342,16137009,311,620
26042026_CML342,311078,2026-04-26,CML342,16137263,311,440
26042026_CML342,311826,2026-04-26,CML342,16137263,311,440
04042026_CML341,311666,2026-04-04,CML341,16052579,312,300
04042026_CML341,311667,2026-04-04,CML341,16052579,312,300
04042026_CML341,311666,2026-04-04,CML341,16052816,312,300
04042026_CML341,311667,2026-04-04,CML341,16052816,312,300
04042026_CML341,311666,2026-04-04,CML341,16052996,312,300
04042026_CML341,311667,2026-04-04,CML341,16052996,312,300
04042026_CML341,311666,2026-04-04,CML341,16053156,311,490
04042026_CML341,311667,2026-04-04,CML341,16053156,311,490
18042026_CML341,311666,2026-04-18,CML341,16108475,312,300
18042026_CML341,311667,2026-04-18,CML341,16108475,312,300
18042026_CML341,311666,2026-04-18,CML341,16109440,312,300
18042026_CML341,311667,2026-04-18,CML341,16109440,312,300
18042026_CML341,311666,2026-04-18,CML341,16109851,312,300
18042026_CML341,311667,2026-04-18,CML341,16109851,312,300
18042026_CML341,311666,2026-04-18,CML341,16110058,312,300
18042026_CML341,311667,2026-04-18,CML341,16110058,312,300
02042026_CML340,311821,2026-04-02,CML340,16045524,343,490
02042026_CML340,311079,2026-04-02,CML340,16045524,343,490
03042026_CML340,31416,2026-04-03,CML340,16049082,311,620
03042026_CML340,311079,2026-04-03,CML340,16049082,311,620
03042026_CML340,31416,2026-04-03,CML340,16049478,341,300
03042026_CML340,311079,2026-04-03,CML340,16049478,341,300
03042026_CML340,31416,2026-04-03,CML340,16049755,381,343
03042026_CML340,311079,2026-04-03,CML340,16049755,381,343
03042026_CML340,31416,2026-04-03,CML340,16049923,311,620
03042026_CML340,311079,2026-04-03,CML340,16049923,311,620
03042026_CML340,31416,2026-04-03,CML340,16050632,381,343
03042026_CML340,311079,2026-04-03,CML340,16050632,381,343
08042026_CML340,311079,2026-04-08,CML340,16067657,341,440
08042026_CML340,311081,2026-04-08,CML340,16067657,341,440
03042026_CML338,311913,2026-04-03,CML338,16046521,312,343
03042026_CML338,31519,2026-04-03,CML338,16046521,312,343
03042026_CML338,311913,2026-04-03,CML338,16049433,331,440
03042026_CML338,31519,2026-04-03,CML338,16049433,331,440
03042026_CML338,311913,2026-04-03,CML338,16049675,311,490
03042026_CML338,31519,2026-04-03,CML338,16049675,311,490
03042026_CML338,311913,2026-04-03,CML338,16049924,343,490
03042026_CML338,31519,2026-04-03,CML338,16049924,343,490
03042026_CML338,311913,2026-04-03,CML338,16050150,331,440
03042026_CML338,31519,2026-04-03,CML338,16050150,331,440
03042026_CML338,311913,2026-04-03,CML338,16050075,331,440
03042026_CML338,31519,2026-04-03,CML338,16050075,331,440
03042026_CML338,311913,2026-04-03,CML338,16050265,311,490
03042026_CML338,31519,2026-04-03,CML338,16050265,311,490
04042026_CML338,31519,2026-04-04,CML338,16052427,311,490
04042026_CML338,311913,2026-04-04,CML338,16052427,311,490
04042026_CML338,31519,2026-04-04,CML338,16052742,341,620
04042026_CML338,311913,2026-04-04,CML338,16052742,341,620
04042026_CML338,31519,2026-04-04,CML338,16053027,342,300
04042026_CML338,311913,2026-04-04,CML338,16053027,342,300
04042026_CML338,31519,2026-04-04,CML338,16053272,104,171
04042026_CML338,311913,2026-04-04,CML338,16053272,104,171
04042026_CML338,31519,2026-04-04,CML338,16053422,331,440
04042026_CML338,311913,2026-04-04,CML338,16053422,331,440
04042026_CML338,31519,2026-04-04,CML338,16053431,343,620
04042026_CML338,311913,2026-04-04,CML338,16053431,343,620
26042026_CML336,512042,2026-04-26,CML336,16134984,311,490
26042026_CML336,512099,2026-04-26,CML336,16134984,311,490
26042026_CML336,512042,2026-04-26,CML336,16136631,312,300
26042026_CML336,512099,2026-04-26,CML336,16136631,312,300
08042026_CML334,511147,2026-04-08,CML334,16068040,311,490
08042026_CML334,311819,2026-04-08,CML334,16068040,311,490
14042026_CML334,311819,2026-04-14,CML334,16091249,311,620
14042026_CML334,511147,2026-04-14,CML334,16091249,311,620
14042026_CML332,1112332,2026-04-14,CML332,16091936,343,300
14042026_CML332,311754,2026-04-14,CML332,16091936,343,300
14042026_CML332,311637,2026-04-14,CML332,16091936,343,300
22042026_CML332,311754,2026-04-22,CML332,16121581,341,620
22042026_CML332,311637,2026-04-22,CML332,16121581,341,620
13042026_CML331,311748,2026-04-13,CML331,16089220,311,440
13042026_CML331,311832,2026-04-13,CML331,16089220,311,440
14042026_CML331,311909,2026-04-14,CML331,16093661,311,301
14042026_CML331,311748,2026-04-14,CML331,16093661,311,301
26042026_CML331,311748,2026-04-26,CML331,16136318,343,490
26042026_CML331,311832,2026-04-26,CML331,16136318,343,490
26042026_CML331,311748,2026-04-26,CML331,16136542,311,300
26042026_CML331,311832,2026-04-26,CML331,16136542,311,300
26042026_CML331,311748,2026-04-26,CML331,16136893,311,440
26042026_CML331,311832,2026-04-26,CML331,16136893,311,440
26042026_CML331,311748,2026-04-26,CML331,16137453,311,440
26042026_CML331,311832,2026-04-26,CML331,16137453,311,440
05042026_CML330,311624,2026-04-05,CML330,16055183,121,343
05042026_CML330,311730,2026-04-05,CML330,16055183,121,343
05042026_CML330,311624,2026-04-05,CML330,16055786,311,300
05042026_CML330,311730,2026-04-05,CML330,16055786,311,300
05042026_CML330,311624,2026-04-05,CML330,16056034,311,620
05042026_CML330,311730,2026-04-05,CML330,16056034,311,620
05042026_CML330,311624,2026-04-05,CML330,16056541,311,300
05042026_CML330,311730,2026-04-05,CML330,16056541,311,300
11042026_CML330,311624,2026-04-11,CML330,16077846,311,300
11042026_CML330,311730,2026-04-11,CML330,16077846,311,300
11042026_CML330,311624,2026-04-11,CML330,16079515,311,300
11042026_CML330,311730,2026-04-11,CML330,16079515,311,300
11042026_CML330,311624,2026-04-11,CML330,16080255,311,300
11042026_CML330,311730,2026-04-11,CML330,16080255,311,300
11042026_CML330,311624,2026-04-11,CML330,16080969,311,300
11042026_CML330,311730,2026-04-11,CML330,16080969,311,300
11042026_CML330,311624,2026-04-11,CML330,16081095,342,343
11042026_CML330,311730,2026-04-11,CML330,16081095,342,343
12042026_CML330,311730,2026-04-12,CML330,16084295,311,300
12042026_CML330,311624,2026-04-12,CML330,16084295,311,300
14042026_CML330,311730,2026-04-14,CML330,16091247,311,440
14042026_CML330,311624,2026-04-14,CML330,16091247,311,440
02042026_CML327,511110,2026-04-02,CML327,16044626,341,490
02042026_CML327,311380,2026-04-02,CML327,16044626,341,490
14042026_CML327,311380,2026-04-14,CML327,16092066,311,620
14042026_CML327,511110,2026-04-14,CML327,16092066,311,620
08042026_CML326,31944,2026-04-08,CML326,16067645,311,490
08042026_CML326,31714,2026-04-08,CML326,16067645,311,490
05042026_CML325,31485,2026-04-05,CML325,16054858,129,880
05042026_CML325,311410,2026-04-05,CML325,16054858,129,880
05042026_CML325,31485,2026-04-05,CML325,16055418,341,300
05042026_CML325,311410,2026-04-05,CML325,16055418,341,300
05042026_CML325,31485,2026-04-05,CML325,16056027,341,490
05042026_CML325,311410,2026-04-05,CML325,16056027,341,490
05042026_CML325,31485,2026-04-05,CML325,16056599,311,300
05042026_CML325,311410,2026-04-05,CML325,16056599,311,300
14042026_CML325,311410,2026-04-14,CML325,16091941,341,440
14042026_CML325,31485,2026-04-14,CML325,16091941,341,440
05042026_CML324,311093,2026-04-05,CML324,16055357,311,490
05042026_CML324,311857,2026-04-05,CML324,16055357,311,490
05042026_CML324,311093,2026-04-05,CML324,16055664,311,490
05042026_CML324,311857,2026-04-05,CML324,16055664,311,490
05042026_CML324,311093,2026-04-05,CML324,16056017,311,490
05042026_CML324,311857,2026-04-05,CML324,16056017,311,490
05042026_CML324,311093,2026-04-05,CML324,16056034,311,620
05042026_CML324,311857,2026-04-05,CML324,16056034,311,620
05042026_CML324,311093,2026-04-05,CML324,16056702,311,490
05042026_CML324,311857,2026-04-05,CML324,16056702,311,490
12042026_CML324,311832,2026-04-12,CML324,16084342,311,300
12042026_CML324,31950,2026-04-12,CML324,16084342,311,300
12042026_CML324,311832,2026-04-12,CML324,16084810,311,440
12042026_CML324,31950,2026-04-12,CML324,16084810,311,440
12042026_CML324,311832,2026-04-12,CML324,16085638,311,440
12042026_CML324,31950,2026-04-12,CML324,16085638,311,440
18042026_CML324,311832,2026-04-18,CML324,16108746,311,440
18042026_CML324,31950,2026-04-18,CML324,16108746,311,440
18042026_CML324,311832,2026-04-18,CML324,16109287,311,300
18042026_CML324,31950,2026-04-18,CML324,16109287,311,300
18042026_CML324,311832,2026-04-18,CML324,16109327,311,300
18042026_CML324,31950,2026-04-18,CML324,16109327,311,300
18042026_CML324,311832,2026-04-18,CML324,16109791,311,440
18042026_CML324,31950,2026-04-18,CML324,16109791,311,440
04042026_CML323,311078,2026-04-04,CML323,16052039,311,490
04042026_CML323,311086,2026-04-04,CML323,16052039,311,490
04042026_CML323,311078,2026-04-04,CML323,16052735,311,490
04042026_CML323,311086,2026-04-04,CML323,16052735,311,490
04042026_CML323,311078,2026-04-04,CML323,16053244,312,10
04042026_CML323,311086,2026-04-04,CML323,16053244,312,10
04042026_CML323,311078,2026-04-04,CML323,16053405,311,490
04042026_CML323,311086,2026-04-04,CML323,16053405,311,490
05042026_CML323,311086,2026-04-05,CML323,16055030,311,490
05042026_CML323,311078,2026-04-05,CML323,16055030,311,490
05042026_CML323,311086,2026-04-05,CML323,16056233,311,490
05042026_CML323,311078,2026-04-05,CML323,16056233,311,490
13042026_CML323,311078,2026-04-13,CML323,16088552,342,300
13042026_CML323,311086,2026-04-13,CML323,16088552,342,300
14042026_CML323,311078,2026-04-14,CML323,16091702,311,490
14042026_CML323,311086,2026-04-14,CML323,16091702,311,490
21042026_CML323,311086,2026-04-21,CML323,16118415,381,343
21042026_CML323,311078,2026-04-21,CML323,16118415,381,343
30042026_CML323,311952,2026-04-30,CML323,16154992,311,490
30042026_CML323,311964,2026-04-30,CML323,16154992,311,490
02042026_CML322,1112332,2026-04-02,CML322,16045354,311,620
02042026_CML322,511142,2026-04-02,CML322,16045354,311,620
14042026_CML322,311810,2026-04-14,CML322,16091041,311,440
28042026_CML322,1112332,2026-04-28,CML322,16144726,311,10
28042026_CML322,511142,2026-04-28,CML322,16144726,311,10
02042026_CML321,311457,2026-04-02,CML321,16046692,311,10
02042026_CML321,1112263,2026-04-02,CML321,16046692,311,10
07042026_CML321,311457,2026-04-07,CML321,16065141,311,490
07042026_CML321,1112263,2026-04-07,CML321,16065141,311,490
09042026_CML321,311457,2026-04-09,CML321,16074737,311,490
09042026_CML321,1112263,2026-04-09,CML321,16074737,311,490
12042026_CML321,,2026-04-12,CML321,16084295,311,300
12042026_CML321,,2026-04-12,CML321,16084864,311,180
12042026_CML321,,2026-04-12,CML321,16085102,381,343
14042026_CML321,311457,2026-04-14,CML321,16091520,311,10
14042026_CML321,1112263,2026-04-14,CML321,16091520,311,10
14042026_CML317,311846,2026-04-14,CML317,16091013,311,620
14042026_CML317,311952,2026-04-14,CML317,16091013,311,620
16042026_CML317,311846,2026-04-16,CML317,16102887,311,10
16042026_CML317,311952,2026-04-16,CML317,16102887,311,10
28042026_CML317,311846,2026-04-28,CML317,16145583,311,10
28042026_CML317,311078,2026-04-28,CML317,16145583,311,10
02042026_CML316,31200,2026-04-02,CML316,16047043,311,490
02042026_CML316,31888,2026-04-02,CML316,16047043,311,490
08042026_CML316,31888,2026-04-08,CML316,16066780,341,460
08042026_CML316,31200,2026-04-08,CML316,16066780,341,460
09042026_CML316,31888,2026-04-09,CML316,16074211,311,311
09042026_CML316,31200,2026-04-09,CML316,16074211,311,311
12042026_CML316,31888,2026-04-12,CML316,16084273,381,343
12042026_CML316,31189,2026-04-12,CML316,16084273,381,343
12042026_CML316,31888,2026-04-12,CML316,16084502,311,490
12042026_CML316,31189,2026-04-12,CML316,16084502,311,490
12042026_CML316,31888,2026-04-12,CML316,16084854,342,343
12042026_CML316,31189,2026-04-12,CML316,16084854,342,343
13042026_CML316,31888,2026-04-13,CML316,16088204,311,10
13042026_CML316,31200,2026-04-13,CML316,16088204,311,10
14042026_CML316,31888,2026-04-14,CML316,16090616,311,10
14042026_CML316,31200,2026-04-14,CML316,16090616,311,10
02042026_CML314,311839,2026-04-02,CML314,16047066,342,343
02042026_CML314,311964,2026-04-02,CML314,16047066,342,343
14042026_CML314,311839,2026-04-14,CML314,16094123,311,490
14042026_CML314,512048,2026-04-14,CML314,16094123,311,490
16042026_CML314,311839,2026-04-16,CML314,16102887,311,10
16042026_CML314,512048,2026-04-16,CML314,16102887,311,10
04042026_CML313,311810,2026-04-04,CML313,16052566,311,20
04042026_CML313,511148,2026-04-04,CML313,16052566,311,20
04042026_CML313,311810,2026-04-04,CML313,16052869,311,11
04042026_CML313,511148,2026-04-04,CML313,16052869,311,11
04042026_CML313,311810,2026-04-04,CML313,16053058,311,20
04042026_CML313,511148,2026-04-04,CML313,16053058,311,20
04042026_CML313,311810,2026-04-04,CML313,16053785,381,343
04042026_CML313,511148,2026-04-04,CML313,16053785,381,343
05042026_CML313,311810,2026-04-05,CML313,16055424,311,20
05042026_CML313,511148,2026-04-05,CML313,16055424,311,20
05042026_CML313,311810,2026-04-05,CML313,16056212,311,300
05042026_CML313,511148,2026-04-05,CML313,16056212,311,300
05042026_CML313,311810,2026-04-05,CML313,16056707,311,20
05042026_CML313,511148,2026-04-05,CML313,16056707,311,20
25042026_CML313,311853,2026-04-25,CML313,16133712,311,490
25042026_CML313,311909,2026-04-25,CML313,16133712,311,490
28042026_CML313,311810,2026-04-28,CML313,16146097,311,20
28042026_CML313,311909,2026-04-28,CML313,16146097,311,20
27042026_CML312,1112341,2026-04-27,CML312,16141314,311,490
27042026_CML312,311911,2026-04-27,CML312,16141314,311,490
28042026_CML312,1112341,2026-04-28,CML312,16145217,311,490
28042026_CML312,311911,2026-04-28,CML312,16145217,311,490
02042026_CML311,1112323,2026-04-02,CML311,16046434,311,490
02042026_CML311,1112325,2026-04-02,CML311,16046434,311,490
04042026_CML311,1112323,2026-04-04,CML311,16052539,311,490
04042026_CML311,1112325,2026-04-04,CML311,16052539,311,490
04042026_CML311,1112323,2026-04-04,CML311,16052848,311,490
04042026_CML311,1112325,2026-04-04,CML311,16052848,311,490
04042026_CML311,1112323,2026-04-04,CML311,16053268,342,300
04042026_CML311,1112325,2026-04-04,CML311,16053268,342,300
04042026_CML311,1112323,2026-04-04,CML311,16053839,342,300
04042026_CML311,1112325,2026-04-04,CML311,16053839,342,300
05042026_CML311,1112325,2026-04-05,CML311,16055052,311,490
05042026_CML311,1112323,2026-04-05,CML311,16055052,311,490
05042026_CML311,1112325,2026-04-05,CML311,16055939,342,300
05042026_CML311,1112323,2026-04-05,CML311,16055939,342,300
08042026_CML311,1112323,2026-04-08,CML311,16066651,311,440
08042026_CML311,1112325,2026-04-08,CML311,16066651,311,440
14042026_CML311,1112283,2026-04-14,CML311,16094084,341,490
14042026_CML311,1112325,2026-04-14,CML311,16094084,341,490
21042026_CML311,1112325,2026-04-21,CML311,16118730,381,343
21042026_CML311,311964,2026-04-21,CML311,16118730,381,343
21042026_CML311,1112325,2026-04-21,CML311,16118934,311,490
21042026_CML311,311964,2026-04-21,CML311,16118934,311,490
02042026_CML310,311859,2026-04-02,CML310,16045165,311,440
02042026_CML310,311935,2026-04-02,CML310,16045165,311,440
04042026_CML310,311450,2026-04-04,CML310,16052183,341,440
04042026_CML310,311935,2026-04-04,CML310,16052183,341,440
04042026_CML310,311450,2026-04-04,CML310,16052811,341,440
04042026_CML310,311935,2026-04-04,CML310,16052811,341,440
04042026_CML310,311450,2026-04-04,CML310,16053005,311,440
04042026_CML310,311935,2026-04-04,CML310,16053005,311,440
04042026_CML310,311450,2026-04-04,CML310,16053138,311,440
04042026_CML310,311935,2026-04-04,CML310,16053138,311,440
04042026_CML310,311450,2026-04-04,CML310,16053795,341,440
04042026_CML310,311935,2026-04-04,CML310,16053795,341,440
05042026_CML310,311935,2026-04-05,CML310,16054557,311,440
05042026_CML310,311859,2026-04-05,CML310,16054557,311,440
05042026_CML310,311935,2026-04-05,CML310,16054003,311,160
05042026_CML310,311859,2026-04-05,CML310,16054003,311,160
05042026_CML310,311935,2026-04-05,CML310,16056041,311,440
05042026_CML310,311859,2026-04-05,CML310,16056041,311,440
07042026_CML310,311935,2026-04-07,CML310,16065198,311,10
07042026_CML310,311859,2026-04-07,CML310,16065198,311,10
14042026_CML310,311935,2026-04-14,CML310,16091161,311,440
14042026_CML310,311859,2026-04-14,CML310,16091161,311,440
14042026_CML309,311864,2026-04-14,CML309,16091946,311,300
14042026_CML309,311848,2026-04-14,CML309,16091946,311,300
21042026_CML307,311354,2026-04-21,CML307,16118622,311,10
21042026_CML307,31121,2026-04-21,CML307,16118622,311,10
08042026_CML306,31135,2026-04-08,CML306,16067011,343,620
08042026_CML306,31386,2026-04-08,CML306,16067011,343,620
14042026_CML306,31135,2026-04-14,CML306,16090323,311,10
05042026_CML305,311465,2026-04-05,CML305,16055450,311,620
05042026_CML305,311793,2026-04-05,CML305,16055450,311,620
05042026_CML305,311465,2026-04-05,CML305,16055650,311,620
05042026_CML305,311793,2026-04-05,CML305,16055650,311,620
05042026_CML305,311465,2026-04-05,CML305,16055889,343,620
05042026_CML305,311793,2026-04-05,CML305,16055889,343,620
07042026_CML305,311793,2026-04-07,CML305,16064479,311,620
07042026_CML305,311850,2026-04-07,CML305,16064479,311,620
12042026_CML305,311793,2026-04-12,CML305,16084198,311,620
12042026_CML305,311850,2026-04-12,CML305,16084198,311,620
12042026_CML305,311793,2026-04-12,CML305,16084598,311,620
12042026_CML305,311850,2026-04-12,CML305,16084598,311,620
12042026_CML305,311793,2026-04-12,CML305,16085235,311,620
12042026_CML305,311850,2026-04-12,CML305,16085235,311,620
14042026_CML305,311850,2026-04-14,CML305,16091521,343,20
14042026_CML305,311793,2026-04-14,CML305,16091521,343,20
14042026_CML305,31386,2026-04-14,CML305,16091521,343,20
21042026_CML305,311793,2026-04-21,CML305,16118442,201,325
21042026_CML305,311383,2026-04-21,CML305,16118442,201,325
21042026_CML305,311793,2026-04-21,CML305,16118695,311,620
21042026_CML305,311383,2026-04-21,CML305,16118695,311,620
26042026_CML305,311344,2026-04-26,CML305,16136435,311,490
26042026_CML305,311793,2026-04-26,CML305,16136435,311,490
26042026_CML305,311344,2026-04-26,CML305,16136828,311,620
26042026_CML305,311793,2026-04-26,CML305,16136828,311,620
26042026_CML305,311344,2026-04-26,CML305,16137089,311,620
26042026_CML305,311793,2026-04-26,CML305,16137089,311,620
30042026_CML305,311383,2026-04-30,CML305,16155378,311,620
30042026_CML305,311850,2026-04-30,CML305,16155378,311,620
05042026_CML303,311383,2026-04-05,CML303,16054339,301,490
05042026_CML303,1112256,2026-04-05,CML303,16054339,301,490
05042026_CML303,311383,2026-04-05,CML303,16055754,311,440
05042026_CML303,1112256,2026-04-05,CML303,16055754,311,440
05042026_CML303,311383,2026-04-05,CML303,16056407,311,620
05042026_CML303,1112256,2026-04-05,CML303,16056407,311,620
05042026_CML303,311383,2026-04-05,CML303,16056646,311,440
05042026_CML303,1112256,2026-04-05,CML303,16056646,311,440
04042026_CML302,311417,2026-04-04,CML302,16051930,311,620
04042026_CML302,311356,2026-04-04,CML302,16051930,311,620
04042026_CML302,311417,2026-04-04,CML302,16052724,343,620
04042026_CML302,311356,2026-04-04,CML302,16052724,343,620
04042026_CML302,311417,2026-04-04,CML302,16053037,341,443
04042026_CML302,311356,2026-04-04,CML302,16053037,341,443
04042026_CML302,311417,2026-04-04,CML302,16053345,311,620
04042026_CML302,311356,2026-04-04,CML302,16053345,311,620
05042026_CML302,311417,2026-04-05,CML302,16054414,311,620
05042026_CML302,311356,2026-04-05,CML302,16054414,311,620
05042026_CML302,311417,2026-04-05,CML302,16055492,311,620
05042026_CML302,311356,2026-04-05,CML302,16055492,311,620
05042026_CML302,311417,2026-04-05,CML302,16056085,311,10
05042026_CML302,311356,2026-04-05,CML302,16056085,311,10
05042026_CML302,311417,2026-04-05,CML302,16056542,311,10
05042026_CML302,311356,2026-04-05,CML302,16056542,311,10
08042026_CML302,311356,2026-04-08,CML302,16067927,311,620
08042026_CML302,311417,2026-04-08,CML302,16067927,311,620
14042026_CML302,311356,2026-04-14,CML302,16092146,311,620
14042026_CML302,311417,2026-04-14,CML302,16092146,311,620
26042026_CML302,311417,2026-04-26,CML302,16135650,311,620
26042026_CML302,311356,2026-04-26,CML302,16135650,311,620
26042026_CML302,311417,2026-04-26,CML302,16136915,311,620
26042026_CML302,311356,2026-04-26,CML302,16136915,311,620
27042026_CML302,311356,2026-04-27,CML302,16141329,311,440
27042026_CML302,311417,2026-04-27,CML302,16141329,311,440
08042026_CML300,311363,2026-04-08,CML300,16067264,311,10
08042026_CML300,311818,2026-04-08,CML300,16067264,311,10
12042026_CML300,311363,2026-04-12,CML300,16084231,126,880
12042026_CML300,311818,2026-04-12,CML300,16084231,126,880
18042026_CML300,311363,2026-04-18,CML300,16109069,311,490
18042026_CML300,311818,2026-04-18,CML300,16109069,311,490
18042026_CML300,311363,2026-04-18,CML300,16110063,311,490
18042026_CML300,311818,2026-04-18,CML300,16110063,311,490
26042026_CML300,311363,2026-04-26,CML300,16135912,311,490
26042026_CML300,311818,2026-04-26,CML300,16135912,311,490
26042026_CML300,311363,2026-04-26,CML300,16136636,311,490
26042026_CML300,311818,2026-04-26,CML300,16136636,311,490
26042026_CML300,311363,2026-04-26,CML300,16136853,311,10
26042026_CML300,311818,2026-04-26,CML300,16136853,311,10
26052026_EVL700,311753,2026-05-26,EVL700,16269384,311,440
26052026_EVL700,311753,2026-05-26,EVL700,16269824,311,301
26052026_EVL700,311753,2026-05-26,EVL700,16270061,311,490
26052026_EVL700,311753,2026-05-26,EVL700,16270274,342,343
26052026_EVL700,311753,2026-05-26,EVL700,16270733,341,620
27052026_EVL700,311753,2026-05-27,EVL700,16274637,341,490
27052026_EVL700,1112782,2026-05-27,EVL700,16274637,341,490
27052026_EVL700,311753,2026-05-27,EVL700,16274839,311,301
27052026_EVL700,1112782,2026-05-27,EVL700,16274839,311,301
27052026_EVL700,311753,2026-05-27,EVL700,16275571,311,300
27052026_EVL700,1112782,2026-05-27,EVL700,16275571,311,300
27052026_EVL700,311753,2026-05-27,EVL700,16276349,341,300
27052026_EVL700,1112782,2026-05-27,EVL700,16276349,341,300
27052026_EVL700,311753,2026-05-27,EVL700,16276928,104,890
27052026_EVL700,1112782,2026-05-27,EVL700,16276928,104,890
27052026_EVL700,311753,2026-05-27,EVL700,16276807,201,490
27052026_EVL700,1112782,2026-05-27,EVL700,16276807,201,490
28052026_EVL700,1112782,2026-05-28,EVL700,16280167,341,311
28052026_EVL700,311753,2026-05-28,EVL700,16280167,341,311
28052026_EVL700,1112782,2026-05-28,EVL700,16280733,341,490
28052026_EVL700,311753,2026-05-28,EVL700,16280733,341,490
28052026_EVL700,1112782,2026-05-28,EVL700,16281826,341,440
28052026_EVL700,311753,2026-05-28,EVL700,16281826,341,440
29052026_EVL700,1112782,2026-05-29,EVL700,16285195,341,440
29052026_EVL700,311753,2026-05-29,EVL700,16285195,341,440
29052026_EVL700,1112782,2026-05-29,EVL700,16285760,341,300
29052026_EVL700,311753,2026-05-29,EVL700,16285760,341,300
04052026_EVL621,1112408,2026-05-04,EVL621,16170808,331,147
04052026_EVL621,311654,2026-05-04,EVL621,16170808,331,147
04052026_EVL621,1112408,2026-05-04,EVL621,16171900,311,490
04052026_EVL621,311654,2026-05-04,EVL621,16171900,311,490
28052026_EVL621,311235,2026-05-28,EVL621,16284627,201,890
11052026_EVL620,311536,2026-05-11,EVL620,16199911,201,490
11052026_EVL620,31419,2026-05-11,EVL620,16199911,201,490
11052026_EVL620,311536,2026-05-11,EVL620,16199911,201,490
11052026_EVL620,31419,2026-05-11,EVL620,16199911,201,490
12052026_EVL620,311536,2026-05-12,EVL620,16209331,341,443
12052026_EVL620,31419,2026-05-12,EVL620,16209331,341,443
12052026_EVL620,311536,2026-05-12,EVL620,16208603,311,490
12052026_EVL620,31419,2026-05-12,EVL620,16208603,311,490
12052026_EVL620,311536,2026-05-12,EVL620,16209234,312,300
12052026_EVL620,31419,2026-05-12,EVL620,16209234,312,300
12052026_EVL620,311536,2026-05-12,EVL620,16209443,341,490
12052026_EVL620,31419,2026-05-12,EVL620,16209443,341,490
14052026_EVL620,311536,2026-05-14,EVL620,16219889,341,620
14052026_EVL620,31419,2026-05-14,EVL620,16219889,341,620
14052026_EVL620,311536,2026-05-14,EVL620,16220280,312,300
14052026_EVL620,31419,2026-05-14,EVL620,16220280,312,300
14052026_EVL620,311536,2026-05-14,EVL620,16220326,312,300
14052026_EVL620,31419,2026-05-14,EVL620,16220326,312,300
16052026_EVL620,,2026-05-16,EVL620,16229783,201,10
16052026_EVL620,,2026-05-16,EVL620,16229060,127,880
16052026_EVL620,,2026-05-16,EVL620,16229912,104,890
18052026_EVL620,,2026-05-18,EVL620,16237465,341,490
18052026_EVL620,,2026-05-18,EVL620,16238380,301,20
19052026_EVL620,311536,2026-05-19,EVL620,16242761,343,490
19052026_EVL620,31419,2026-05-19,EVL620,16242761,343,490
19052026_EVL620,311536,2026-05-19,EVL620,16242806,343,440
19052026_EVL620,31419,2026-05-19,EVL620,16242806,343,440
19052026_EVL620,311536,2026-05-19,EVL620,16242387,311,490
19052026_EVL620,31419,2026-05-19,EVL620,16242387,311,490
19052026_EVL620,311536,2026-05-19,EVL620,16243023,343,490
19052026_EVL620,31419,2026-05-19,EVL620,16243023,343,490
19052026_EVL620,311536,2026-05-19,EVL620,16242593,311,440
19052026_EVL620,31419,2026-05-19,EVL620,16242593,311,440
20052026_EVL620,,2026-05-20,EVL620,16247022,341,490
22052026_EVL620,311536,2026-05-22,EVL620,16256893,341,440
22052026_EVL620,31419,2026-05-22,EVL620,16256893,341,440
22052026_EVL620,311536,2026-05-22,EVL620,16256994,301,490
22052026_EVL620,31419,2026-05-22,EVL620,16256994,301,490
22052026_EVL620,311536,2026-05-22,EVL620,16257242,341,620
22052026_EVL620,31419,2026-05-22,EVL620,16257242,341,620
22052026_EVL620,311536,2026-05-22,EVL620,16256237,343,460
22052026_EVL620,31419,2026-05-22,EVL620,16256237,343,460
22052026_EVL620,311536,2026-05-22,EVL620,16256210,343,620
22052026_EVL620,31419,2026-05-22,EVL620,16256210,343,620
23052026_EVL620,311536,2026-05-23,EVL620,16260530,301,20
23052026_EVL620,31419,2026-05-23,EVL620,16260530,301,20
23052026_EVL620,311536,2026-05-23,EVL620,16261033,342,300
23052026_EVL620,31419,2026-05-23,EVL620,16261033,342,300
27052026_EVL620,311536,2026-05-27,EVL620,16278635,301,10
27052026_EVL620,31419,2026-05-27,EVL620,16278635,301,10
27052026_EVL620,311536,2026-05-27,EVL620,16279009,311,300
27052026_EVL620,31419,2026-05-27,EVL620,16279009,311,300
27052026_EVL620,311536,2026-05-27,EVL620,16278493,341,300
27052026_EVL620,31419,2026-05-27,EVL620,16278493,341,300
28052026_EVL620,311536,2026-05-28,EVL620,16282224,341,443
28052026_EVL620,31419,2026-05-28,EVL620,16282224,341,443
28052026_EVL620,311536,2026-05-28,EVL620,16282639,312,300
28052026_EVL620,31419,2026-05-28,EVL620,16282639,312,300
28052026_EVL620,311536,2026-05-28,EVL620,16283520,341,490
28052026_EVL620,31419,2026-05-28,EVL620,16283520,341,490
29052026_EVL620,311536,2026-05-29,EVL620,16288329,312,300
29052026_EVL620,31419,2026-05-29,EVL620,16288329,312,300
29052026_EVL620,311536,2026-05-29,EVL620,16288247,341,443
29052026_EVL620,31419,2026-05-29,EVL620,16288247,341,443
29052026_EVL620,311536,2026-05-29,EVL620,16288831,342,300
29052026_EVL620,31419,2026-05-29,EVL620,16288831,342,300
30052026_EVL620,311560,2026-05-30,EVL620,16290971,341,440
30052026_EVL620,1112317,2026-05-30,EVL620,16290971,341,440
30052026_EVL620,311560,2026-05-30,EVL620,16291631,301,180
30052026_EVL620,1112317,2026-05-30,EVL620,16291631,301,180
30052026_EVL620,311560,2026-05-30,EVL620,16291891,341,440
30052026_EVL620,1112317,2026-05-30,EVL620,16291891,341,440
31052026_EVL620,311560,2026-05-31,EVL620,16293731,341,300
31052026_EVL620,1112317,2026-05-31,EVL620,16293731,341,300
31052026_EVL620,311560,2026-05-31,EVL620,16294206,343,490
31052026_EVL620,1112317,2026-05-31,EVL620,16294206,343,490
31052026_EVL620,311560,2026-05-31,EVL620,16294048,341,440
31052026_EVL620,1112317,2026-05-31,EVL620,16294048,341,440
31052026_EVL620,311560,2026-05-31,EVL620,16294491,341,300
31052026_EVL620,1112317,2026-05-31,EVL620,16294491,341,300
31052026_EVL620,311560,2026-05-31,EVL620,16294641,311,490
31052026_EVL620,1112317,2026-05-31,EVL620,16294641,311,490
26052026_EVL611,311492,2026-05-26,EVL611,16273412,201,490
26052026_EVL611,1112733,2026-05-26,EVL611,16273412,201,490
29052026_EVL611,311492,2026-05-29,EVL611,16286949,311,440
29052026_EVL611,1112733,2026-05-29,EVL611,16286949,311,440
29052026_EVL611,311492,2026-05-29,EVL611,16286464,301,490
29052026_EVL611,1112733,2026-05-29,EVL611,16286464,301,490
30052026_EVL611,311492,2026-05-30,EVL611,16290469,343,440
30052026_EVL611,1112733,2026-05-30,EVL611,16290469,343,440
30052026_EVL611,311492,2026-05-30,EVL611,16290932,311,620
30052026_EVL611,1112733,2026-05-30,EVL611,16290932,311,620
30052026_EVL611,311492,2026-05-30,EVL611,16291302,126,880
30052026_EVL611,1112733,2026-05-30,EVL611,16291302,126,880
30052026_EVL611,311492,2026-05-30,EVL611,16291614,311,440
30052026_EVL611,1112733,2026-05-30,EVL611,16291614,311,440
31052026_EVL611,311492,2026-05-31,EVL611,16222725,799,897
31052026_EVL611,1112733,2026-05-31,EVL611,16222725,799,897
31052026_EVL611,311492,2026-05-31,EVL611,16293695,341,490
31052026_EVL611,1112733,2026-05-31,EVL611,16293695,341,490
31052026_EVL611,311492,2026-05-31,EVL611,16293271,201,490
31052026_EVL611,1112733,2026-05-31,EVL611,16293271,201,490
31052026_EVL611,311492,2026-05-31,EVL611,16294020,343,440
31052026_EVL611,1112733,2026-05-31,EVL611,16294020,343,440
11052026_EVL610,311475,2026-05-11,EVL610,16202096,311,620
11052026_EVL610,311135,2026-05-11,EVL610,16202096,311,620
11052026_EVL610,311475,2026-05-11,EVL610,16203415,201,321
11052026_EVL610,311135,2026-05-11,EVL610,16203415,201,321
19052026_EVL610,311475,2026-05-19,EVL610,16242291,311,490
19052026_EVL610,311482,2026-05-19,EVL610,16242291,311,490
23052026_EVL610,311475,2026-05-23,EVL610,16259402,341,440
23052026_EVL610,311482,2026-05-23,EVL610,16259402,341,440
23052026_EVL610,311475,2026-05-23,EVL610,16260194,381,180
23052026_EVL610,311482,2026-05-23,EVL610,16260194,381,180
24052026_EVL610,311475,2026-05-24,EVL610,16262897,201,10
24052026_EVL610,311482,2026-05-24,EVL610,16262897,201,10
24052026_EVL610,311475,2026-05-24,EVL610,16263333,799,897
24052026_EVL610,311482,2026-05-24,EVL610,16263333,799,897
24052026_EVL610,311475,2026-05-24,EVL610,16261339,301,490
24052026_EVL610,311482,2026-05-24,EVL610,16261339,301,490
27052026_EVL610,311475,2026-05-27,EVL610,16276498,311,490
27052026_EVL610,311482,2026-05-27,EVL610,16276498,311,490
27052026_EVL610,311475,2026-05-27,EVL610,16276835,311,490
27052026_EVL610,311482,2026-05-27,EVL610,16276835,311,490
28052026_EVL610,311475,2026-05-28,EVL610,16282536,341,490
28052026_EVL610,311482,2026-05-28,EVL610,16282536,341,490
29052026_EVL610,311475,2026-05-29,EVL610,16286929,341,440
29052026_EVL610,311482,2026-05-29,EVL610,16286929,341,440
29052026_EVL610,311475,2026-05-29,EVL610,16284811,301,321
29052026_EVL610,311482,2026-05-29,EVL610,16284811,301,321
14052026_EVL310,,2026-05-14,EVL310,16217870,381,343
14052026_EVL310,,2026-05-14,EVL310,16217108,341,440
14052026_EVL310,,2026-05-14,EVL310,16219014,343,300
14052026_EVL310,,2026-05-14,EVL310,16219552,341,300
14052026_EVL310,,2026-05-14,EVL310,16219720,311,300
15052026_EVL310,,2026-05-15,EVL310,16222841,311,300
15052026_EVL310,,2026-05-15,EVL310,16222542,311,300
15052026_EVL310,,2026-05-15,EVL310,16223552,341,300
15052026_EVL310,,2026-05-15,EVL310,16223694,311,300
15052026_EVL310,,2026-05-15,EVL310,16224134,341,300
15052026_EVL310,,2026-05-15,EVL310,16224448,311,300
15052026_EVL310,,2026-05-15,EVL310,16222542,311,300
27052026_EVL310,512066,2026-05-27,EVL310,16276977,311,300
27052026_EVL310,512014,2026-05-27,EVL310,16276977,311,300
31052026_EVL310,512066,2026-05-31,EVL310,16293971,341,300
31052026_EVL310,512014,2026-05-31,EVL310,16293971,341,300
15052026_EVL309,,2026-05-15,EVL309,16223452,341,620
15052026_EVL309,,2026-05-15,EVL309,16224155,343,620
27052026_EVL309,512111,2026-05-27,EVL309,16275850,341,440
27052026_EVL309,512037,2026-05-27,EVL309,16275850,341,440
27052026_EVL309,512111,2026-05-27,EVL309,16276622,343,440
27052026_EVL309,512037,2026-05-27,EVL309,16276622,343,440
31052026_EVL309,512111,2026-05-31,EVL309,16293683,311,490
31052026_EVL309,512037,2026-05-31,EVL309,16293683,311,490
20052026_EVL308,311682,2026-05-20,EVL308,16244558,311,490
20052026_EVL308,311869,2026-05-20,EVL308,16244558,311,490
20052026_EVL308,311682,2026-05-20,EVL308,16245223,311,490
20052026_EVL308,311869,2026-05-20,EVL308,16245223,311,490
20052026_EVL308,311682,2026-05-20,EVL308,16246253,311,490
20052026_EVL308,311869,2026-05-20,EVL308,16246253,311,490
28052026_EVL308,,2026-05-28,EVL308,16282422,311,490
28052026_EVL308,,2026-05-28,EVL308,16282714,311,440
28052026_EVL308,,2026-05-28,EVL308,16283193,301,490
02052026_EVL307,311592,2026-05-02,EVL307,16033681,799,897
02052026_EVL307,311906,2026-05-02,EVL307,16033681,799,897
02052026_EVL307,311592,2026-05-02,EVL307,16100752,799,897
02052026_EVL307,311906,2026-05-02,EVL307,16100752,799,897
02052026_EVL307,311592,2026-05-02,EVL307,16129743,799,897
02052026_EVL307,311906,2026-05-02,EVL307,16129743,799,897
20052026_EVL307,311191,2026-05-20,EVL307,16244511,311,10
20052026_EVL307,31213,2026-05-20,EVL307,16244511,311,10
20052026_EVL307,311191,2026-05-20,EVL307,16244347,341,311
20052026_EVL307,31213,2026-05-20,EVL307,16244347,341,311
20052026_EVL307,311191,2026-05-20,EVL307,16245590,311,20
20052026_EVL307,31213,2026-05-20,EVL307,16245590,311,20
21052026_EVL307,311682,2026-05-21,EVL307,16248005,311,490
21052026_EVL307,311869,2026-05-21,EVL307,16248005,311,490
21052026_EVL307,311682,2026-05-21,EVL307,16248929,311,620
21052026_EVL307,311869,2026-05-21,EVL307,16248929,311,620
21052026_EVL307,311682,2026-05-21,EVL307,16248343,311,620
21052026_EVL307,311869,2026-05-21,EVL307,16248343,311,620
21052026_EVL307,311682,2026-05-21,EVL307,16249094,311,490
21052026_EVL307,311869,2026-05-21,EVL307,16249094,311,490
21052026_EVL307,311682,2026-05-21,EVL307,16251039,311,490
21052026_EVL307,311869,2026-05-21,EVL307,16251039,311,490
20052026_EVL306,3140,2026-05-20,EVL306,16244441,311,300
20052026_EVL306,3147,2026-05-20,EVL306,16244441,311,300
20052026_EVL306,3140,2026-05-20,EVL306,16244886,311,311
20052026_EVL306,3147,2026-05-20,EVL306,16244886,311,311
20052026_EVL306,3140,2026-05-20,EVL306,16245365,312,300
20052026_EVL306,3147,2026-05-20,EVL306,16245365,312,300
20052026_EVL306,3140,2026-05-20,EVL306,16246282,311,300
20052026_EVL306,3147,2026-05-20,EVL306,16246282,311,300
21052026_EVL306,311071,2026-05-21,EVL306,16248601,311,410
21052026_EVL306,31695,2026-05-21,EVL306,16248601,311,410
21052026_EVL306,311071,2026-05-21,EVL306,16249174,341,440
21052026_EVL306,31695,2026-05-21,EVL306,16249174,341,440
21052026_EVL306,311071,2026-05-21,EVL306,16250445,311,490
21052026_EVL306,31695,2026-05-21,EVL306,16250445,311,490
20052026_EVL305,1112314,2026-05-20,EVL305,16244388,311,300
20052026_EVL305,311875,2026-05-20,EVL305,16244388,311,300
20052026_EVL305,1112314,2026-05-20,EVL305,16244855,311,300
20052026_EVL305,311875,2026-05-20,EVL305,16244855,311,300
20052026_EVL305,1112314,2026-05-20,EVL305,16245140,128,300
20052026_EVL305,311875,2026-05-20,EVL305,16245140,128,300
21052026_EVL305,311876,2026-05-21,EVL305,16248844,311,620
21052026_EVL305,311333,2026-05-21,EVL305,16248844,311,620
21052026_EVL305,311876,2026-05-21,EVL305,16249524,341,440
21052026_EVL305,311333,2026-05-21,EVL305,16249524,341,440
21052026_EVL305,311876,2026-05-21,EVL305,16249975,311,620
21052026_EVL305,311333,2026-05-21,EVL305,16249975,311,620
21052026_EVL305,311876,2026-05-21,EVL305,16251047,104,300
21052026_EVL305,311333,2026-05-21,EVL305,16251047,104,300
21052026_EVL305,311876,2026-05-21,EVL305,16234698,799,897
21052026_EVL305,311333,2026-05-21,EVL305,16234698,799,897
01052026_EVL304,3144,2026-05-01,EVL304,16157180,311,620
01052026_EVL304,31305,2026-05-01,EVL304,16157180,311,620
01052026_EVL304,3144,2026-05-01,EVL304,16158221,311,620
01052026_EVL304,31305,2026-05-01,EVL304,16158221,311,620
01052026_EVL304,3144,2026-05-01,EVL304,16158869,341,620
01052026_EVL304,31305,2026-05-01,EVL304,16158869,341,620
03052026_EVL304,311293,2026-05-03,EVL304,15157970,799,897
03052026_EVL304,311815,2026-05-03,EVL304,15157970,799,897
03052026_EVL304,311293,2026-05-03,EVL304,16085189,799,897
03052026_EVL304,311815,2026-05-03,EVL304,16085189,799,897
03052026_EVL304,311293,2026-05-03,EVL304,16165460,311,10
03052026_EVL304,311815,2026-05-03,EVL304,16165460,311,10
03052026_EVL304,311293,2026-05-03,EVL304,16165818,311,10
03052026_EVL304,311815,2026-05-03,EVL304,16165818,311,10
20052026_EVL304,1112299,2026-05-20,EVL304,16244202,311,440
20052026_EVL304,311913,2026-05-20,EVL304,16244202,311,440
20052026_EVL304,1112299,2026-05-20,EVL304,16244343,342,343
20052026_EVL304,311913,2026-05-20,EVL304,16244343,342,343
20052026_EVL304,1112299,2026-05-20,EVL304,16244678,311,440
20052026_EVL304,311913,2026-05-20,EVL304,16244678,311,440
20052026_EVL304,1112299,2026-05-20,EVL304,16245525,342,343
20052026_EVL304,311913,2026-05-20,EVL304,16245525,342,343
20052026_EVL304,1112299,2026-05-20,EVL304,16246745,342,300
20052026_EVL304,311913,2026-05-20,EVL304,16246745,342,300
21052026_EVL304,1112299,2026-05-21,EVL304,16248748,311,440
21052026_EVL304,311913,2026-05-21,EVL304,16248748,311,440
21052026_EVL304,1112299,2026-05-21,EVL304,16249211,311,490
21052026_EVL304,311913,2026-05-21,EVL304,16249211,311,490
21052026_EVL304,1112299,2026-05-21,EVL304,16249643,311,440
21052026_EVL304,311913,2026-05-21,EVL304,16249643,311,440
21052026_EVL304,1112299,2026-05-21,EVL304,16234844,799,897
21052026_EVL304,311913,2026-05-21,EVL304,16234844,799,897
01052026_EVL303,311293,2026-05-01,EVL303,16158281,311,490
01052026_EVL303,311815,2026-05-01,EVL303,16158281,311,490
01052026_EVL303,311293,2026-05-01,EVL303,16158349,311,10
01052026_EVL303,311815,2026-05-01,EVL303,16158349,311,10
01052026_EVL303,311293,2026-05-01,EVL303,16158546,341,620
01052026_EVL303,311815,2026-05-01,EVL303,16158546,341,620
01052026_EVL303,311293,2026-05-01,EVL303,16158905,312,300
01052026_EVL303,311815,2026-05-01,EVL303,16158905,312,300
02052026_EVL303,311074,2026-05-02,EVL303,15183293,799,897
02052026_EVL303,311338,2026-05-02,EVL303,15183293,799,897
02052026_EVL303,311074,2026-05-02,EVL303,16162028,381,343
02052026_EVL303,311338,2026-05-02,EVL303,16162028,381,343
03052026_EVL303,311682,2026-05-03,EVL303,16121755,799,897
03052026_EVL303,311410,2026-05-03,EVL303,16121755,799,897
03052026_EVL303,311682,2026-05-03,EVL303,16033789,799,897
03052026_EVL303,311410,2026-05-03,EVL303,16033789,799,897
03052026_EVL303,311682,2026-05-03,EVL303,16100829,799,897
03052026_EVL303,311410,2026-05-03,EVL303,16100829,799,897
03052026_EVL303,311682,2026-05-03,EVL303,16165968,341,440
03052026_EVL303,311410,2026-05-03,EVL303,16165968,341,440
07052026_EVL303,311730,2026-05-07,EVL303,16182811,311,300
07052026_EVL303,311624,2026-05-07,EVL303,16182811,311,300
07052026_EVL303,311730,2026-05-07,EVL303,16182904,311,300
07052026_EVL303,311624,2026-05-07,EVL303,16182904,311,300
07052026_EVL303,311730,2026-05-07,EVL303,16184051,311,311
07052026_EVL303,311624,2026-05-07,EVL303,16184051,311,311
20052026_EVL303,31128,2026-05-20,EVL303,16244308,311,490
20052026_EVL303,311809,2026-05-20,EVL303,16244308,311,490
20052026_EVL303,31128,2026-05-20,EVL303,16244875,341,300
20052026_EVL303,311809,2026-05-20,EVL303,16244875,341,300
20052026_EVL303,31128,2026-05-20,EVL303,16244984,311,440
20052026_EVL303,311809,2026-05-20,EVL303,16244984,311,440
20052026_EVL303,31128,2026-05-20,EVL303,16246076,128,300
20052026_EVL303,311809,2026-05-20,EVL303,16246076,128,300
02052026_EVL302,1112636,2026-05-02,EVL302,16161908,381,180
02052026_EVL302,1112302,2026-05-02,EVL302,16161908,381,180
02052026_EVL302,1112636,2026-05-02,EVL302,16162435,341,620
02052026_EVL302,1112302,2026-05-02,EVL302,16162435,341,620
03052026_EVL302,1112636,2026-05-03,EVL302,16102214,799,897
03052026_EVL302,1112302,2026-05-03,EVL302,16102214,799,897
09052026_EVL302,1112636,2026-05-09,EVL302,16191787,311,180
09052026_EVL302,1112302,2026-05-09,EVL302,16191787,311,180
09052026_EVL302,1112636,2026-05-09,EVL302,16192476,343,490
09052026_EVL302,1112302,2026-05-09,EVL302,16192476,343,490
13052026_EVL302,1112636,2026-05-13,EVL302,16213154,341,620
13052026_EVL302,1112667,2026-05-13,EVL302,16213154,341,620
13052026_EVL302,1112302,2026-05-13,EVL302,16213154,341,620
19052026_EVL302,1112636,2026-05-19,EVL302,16241145,311,620
19052026_EVL302,1112302,2026-05-19,EVL302,16241145,311,620
22052026_EVL302,,2026-05-22,EVL302,16254939,341,490
23052026_EVL302,1112636,2026-05-23,EVL302,16234350,799,897
23052026_EVL302,1112302,2026-05-23,EVL302,16234350,799,897
23052026_EVL302,1112636,2026-05-23,EVL302,16258499,799,897
23052026_EVL302,1112302,2026-05-23,EVL302,16258499,799,897
23052026_EVL302,1112636,2026-05-23,EVL302,16258765,201,20
23052026_EVL302,1112302,2026-05-23,EVL302,16258765,201,20
23052026_EVL302,1112636,2026-05-23,EVL302,16259165,311,490
23052026_EVL302,1112302,2026-05-23,EVL302,16259165,311,490
24052026_EVL302,1112636,2026-05-24,EVL302,16222877,799,897
24052026_EVL302,1112302,2026-05-24,EVL302,16222877,799,897
24052026_EVL302,1112636,2026-05-24,EVL302,16261771,311,440
24052026_EVL302,1112302,2026-05-24,EVL302,16261771,311,440
24052026_EVL302,1112636,2026-05-24,EVL302,16262639,343,620
24052026_EVL302,1112302,2026-05-24,EVL302,16262639,343,620
25052026_EVL302,1112636,2026-05-25,EVL302,16264871,311,620
25052026_EVL302,1112302,2026-05-25,EVL302,16264871,311,620
25052026_EVL302,1112636,2026-05-25,EVL302,16265628,341,443
25052026_EVL302,1112302,2026-05-25,EVL302,16265628,341,443
25052026_EVL302,1112636,2026-05-25,EVL302,16266804,341,490
25052026_EVL302,1112302,2026-05-25,EVL302,16266804,341,490
25052026_EVL302,1112636,2026-05-25,EVL302,16267400,341,620
25052026_EVL302,1112302,2026-05-25,EVL302,16267400,341,620
26052026_EVL302,1112636,2026-05-26,EVL302,16269822,381,343
26052026_EVL302,1112302,2026-05-26,EVL302,16269822,381,343
26052026_EVL302,1112636,2026-05-26,EVL302,16270473,341,300
26052026_EVL302,1112302,2026-05-26,EVL302,16270473,341,300
26052026_EVL302,1112636,2026-05-26,EVL302,16271349,311,300
26052026_EVL302,1112302,2026-05-26,EVL302,16271349,311,300
26052026_EVL302,1112636,2026-05-26,EVL302,16271230,341,300
26052026_EVL302,1112302,2026-05-26,EVL302,16271230,341,300
28052026_EVL302,1112636,2026-05-28,EVL302,16280025,311,490
28052026_EVL302,1112655,2026-05-28,EVL302,16280025,311,490
28052026_EVL302,1112302,2026-05-28,EVL302,16280025,311,490
28052026_EVL302,1112636,2026-05-28,EVL302,16280684,341,443
28052026_EVL302,1112655,2026-05-28,EVL302,16280684,341,443
28052026_EVL302,1112302,2026-05-28,EVL302,16280684,341,443
28052026_EVL302,1112636,2026-05-28,EVL302,16281110,341,300
28052026_EVL302,1112655,2026-05-28,EVL302,16281110,341,300
28052026_EVL302,1112302,2026-05-28,EVL302,16281110,341,300
28052026_EVL302,1112636,2026-05-28,EVL302,16281342,341,620
28052026_EVL302,1112655,2026-05-28,EVL302,16281342,341,620
28052026_EVL302,1112302,2026-05-28,EVL302,16281342,341,620
28052026_EVL302,1112636,2026-05-28,EVL302,16281826,341,440
28052026_EVL302,1112655,2026-05-28,EVL302,16281826,341,440
28052026_EVL302,1112302,2026-05-28,EVL302,16281826,341,440
29052026_EVL302,1112636,2026-05-29,EVL302,16285029,341,620
29052026_EVL302,1112655,2026-05-29,EVL302,16285029,341,620
29052026_EVL302,1112667,2026-05-29,EVL302,16285029,341,620
29052026_EVL302,1112302,2026-05-29,EVL302,16285029,341,620
29052026_EVL302,1112636,2026-05-29,EVL302,16285195,341,440
29052026_EVL302,1112655,2026-05-29,EVL302,16285195,341,440
29052026_EVL302,1112667,2026-05-29,EVL302,16285195,341,440
29052026_EVL302,1112302,2026-05-29,EVL302,16285195,341,440
29052026_EVL302,1112636,2026-05-29,EVL302,16286219,341,620
29052026_EVL302,1112655,2026-05-29,EVL302,16286219,341,620
29052026_EVL302,1112667,2026-05-29,EVL302,16286219,341,620
29052026_EVL302,1112302,2026-05-29,EVL302,16286219,341,620
29052026_EVL302,1112636,2026-05-29,EVL302,16286820,342,343
29052026_EVL302,1112655,2026-05-29,EVL302,16286820,342,343
29052026_EVL302,1112667,2026-05-29,EVL302,16286820,342,343
29052026_EVL302,1112302,2026-05-29,EVL302,16286820,342,343
30052026_EVL302,1112636,2026-05-30,EVL302,16288694,341,443
30052026_EVL302,1112302,2026-05-30,EVL302,16288694,341,443
30052026_EVL302,1112636,2026-05-30,EVL302,16289341,341,490
30052026_EVL302,1112302,2026-05-30,EVL302,16289341,341,490
30052026_EVL302,1112636,2026-05-30,EVL302,16289696,341,443
30052026_EVL302,1112302,2026-05-30,EVL302,16289696,341,443
30052026_EVL302,1112636,2026-05-30,EVL302,16290018,343,490
30052026_EVL302,1112302,2026-05-30,EVL302,16290018,343,490
31052026_EVL302,1112636,2026-05-31,EVL302,16234882,799,897
31052026_EVL302,1112302,2026-05-31,EVL302,16234882,799,897
31052026_EVL302,1112636,2026-05-31,EVL302,16292613,341,460
31052026_EVL302,1112302,2026-05-31,EVL302,16292613,341,460
31052026_EVL302,1112636,2026-05-31,EVL302,16293255,311,490
31052026_EVL302,1112302,2026-05-31,EVL302,16293255,311,490
02052026_EVL301,1112655,2026-05-02,EVL301,15151781,799,897
02052026_EVL301,1112667,2026-05-02,EVL301,15151781,799,897
02052026_EVL301,1112655,2026-05-02,EVL301,16033711,799,897
02052026_EVL301,1112667,2026-05-02,EVL301,16033711,799,897
02052026_EVL301,1112655,2026-05-02,EVL301,16162838,341,490
02052026_EVL301,1112667,2026-05-02,EVL301,16162838,341,490
14052026_EVL301,1112667,2026-05-14,EVL301,16218160,343,490
14052026_EVL301,512199,2026-05-14,EVL301,16218160,343,490
01052026_EVL201,,2026-05-01,EVL201,16161110,799,897
01052026_EVL201,,2026-05-01,EVL201,16160724,301,490
02052026_EVL201,,2026-05-02,EVL201,16164016,301,620
05052026_EVL201,,2026-05-05,EVL201,16175656,301,490
06052026_EVL201,,2026-05-06,EVL201,16177777,301,490
08052026_EVL201,,2026-05-08,EVL201,16188938,201,321
15052026_EVL201,,2026-05-15,EVL201,16225143,799,897
20052026_EVL201,31254,2026-05-20,EVL201,16239720,799,897
21052026_EVL201,,2026-05-21,EVL201,16251366,201,321
27052026_EVL201,,2026-05-27,EVL201,16273949,301,620
28052026_EVL201,,2026-05-28,EVL201,16282397,201,321
29052026_EVL201,,2026-05-29,EVL201,16284811,301,321
05052026_EVL200,51396,2026-05-05,EVL200,16172545,799,897
05052026_EVL200,51396,2026-05-05,EVL200,16174020,301,490
16052026_EVL200,51396,2026-05-16,EVL200,16226710,201,490
16052026_EVL200,51685,2026-05-16,EVL200,16226710,201,490
17052026_EVL200,51685,2026-05-17,EVL200,16229383,301,490
17052026_EVL200,51422,2026-05-17,EVL200,16229383,301,490
20052026_EVL200,,2026-05-20,EVL200,16244490,311,440
29052026_EVL143,,2026-05-29,EVL143,16288583,311,490
29052026_EVL143,,2026-05-29,EVL143,16288862,311,490
30052026_EVL143,1112401,2026-05-30,EVL143,16291500,343,620
30052026_EVL143,311656,2026-05-30,EVL143,16291500,343,620
30052026_EVL143,1112401,2026-05-30,EVL143,16290995,343,620
30052026_EVL143,311656,2026-05-30,EVL143,16290995,343,620
30052026_EVL143,1112401,2026-05-30,EVL143,16291423,311,490
30052026_EVL143,311656,2026-05-30,EVL143,16291423,311,490
30052026_EVL143,1112401,2026-05-30,EVL143,16291505,343,440
30052026_EVL143,311656,2026-05-30,EVL143,16291505,343,440
09052026_EVL142,,2026-05-09,EVL142,16194245,129,880
10052026_EVL142,31831,2026-05-10,EVL142,16198362,331,300
10052026_EVL142,31831,2026-05-10,EVL142,16197957,301,620
10052026_EVL142,31831,2026-05-10,EVL142,16198309,301,490
10052026_EVL142,31831,2026-05-10,EVL142,16198725,312,300
29052026_EVL142,,2026-05-29,EVL142,16287984,341,440
29052026_EVL142,,2026-05-29,EVL142,16288582,301,180
26052026_EVL141,,2026-05-26,EVL141,16272788,201,490
26052026_EVL141,,2026-05-26,EVL141,16274153,311,620
26052026_EVL141,,2026-05-26,EVL141,16271380,311,440
26052026_EVL141,,2026-05-26,EVL141,16271749,129,880
26052026_EVL141,,2026-05-26,EVL141,16272107,311,300
27052026_EVL141,311185,2026-05-27,EVL141,16278567,311,490
27052026_EVL141,1112389,2026-05-27,EVL141,16278567,311,490
27052026_EVL141,311185,2026-05-27,EVL141,16278603,799,897
27052026_EVL141,1112389,2026-05-27,EVL141,16278603,799,897
27052026_EVL141,311185,2026-05-27,EVL141,16278883,343,490
27052026_EVL141,1112389,2026-05-27,EVL141,16278883,343,490
29052026_EVL141,311185,2026-05-29,EVL141,16287261,311,490
29052026_EVL141,1112389,2026-05-29,EVL141,16287261,311,490
29052026_EVL141,311185,2026-05-29,EVL141,16288884,331,300
29052026_EVL141,1112389,2026-05-29,EVL141,16288884,331,300
18052026_EVL140,311536,2026-05-18,EVL140,16237830,311,300
18052026_EVL140,31419,2026-05-18,EVL140,16237830,311,300
18052026_EVL140,311536,2026-05-18,EVL140,16237431,341,443
18052026_EVL140,31419,2026-05-18,EVL140,16237431,341,443
18052026_EVL140,311536,2026-05-18,EVL140,16238165,341,620
18052026_EVL140,31419,2026-05-18,EVL140,16238165,341,620
18052026_EVL140,311536,2026-05-18,EVL140,16238570,342,343
18052026_EVL140,31419,2026-05-18,EVL140,16238570,342,343
19052026_EVL140,,2026-05-19,EVL140,16243303,381,300
19052026_EVL140,,2026-05-19,EVL140,16242483,342,300
26052026_EVL140,31831,2026-05-26,EVL140,16271910,312,300
26052026_EVL140,311573,2026-05-26,EVL140,16271910,312,300
29052026_EVL140,311560,2026-05-29,EVL140,16288403,301,180
23052026_EVL132,,2026-05-23,EVL132,16259251,311,311
23052026_EVL132,,2026-05-23,EVL132,16259251,311,311
23052026_EVL132,,2026-05-23,EVL132,16259251,311,311
23052026_EVL132,,2026-05-23,EVL132,16259597,301,311
23052026_EVL132,,2026-05-23,EVL132,16259597,301,311
24052026_EVL132,,2026-05-24,EVL132,16262988,312,301
24052026_EVL132,,2026-05-24,EVL132,16263427,312,348
25052026_EVL132,512167,2026-05-25,EVL132,16267370,104,890
25052026_EVL132,512167,2026-05-25,EVL132,16267638,201,180
28052026_EVL132,1112390,2026-05-28,EVL132,16280167,341,311
28052026_EVL132,1112788,2026-05-28,EVL132,16280167,341,311
28052026_EVL132,1112390,2026-05-28,EVL132,16282892,341,440
28052026_EVL132,1112788,2026-05-28,EVL132,16282892,341,440
28052026_EVL132,1112390,2026-05-28,EVL132,16283156,341,440
28052026_EVL132,1112788,2026-05-28,EVL132,16283156,341,440
28052026_EVL132,1112390,2026-05-28,EVL132,16283193,301,490
28052026_EVL132,1112788,2026-05-28,EVL132,16283193,301,490
13052026_EVL131,311492,2026-05-13,EVL131,16213483,301,440
13052026_EVL131,1112733,2026-05-13,EVL131,16213483,301,440
14052026_EVL131,311492,2026-05-14,EVL131,16218833,201,300
14052026_EVL131,1112733,2026-05-14,EVL131,16218833,201,300
18052026_EVL131,,2026-05-18,EVL131,16236617,311,440
18052026_EVL131,,2026-05-18,EVL131,16236890,341,620
18052026_EVL131,,2026-05-18,EVL131,16237805,311,440
18052026_EVL131,,2026-05-18,EVL131,16237681,311,440
21052026_EVL131,311492,2026-05-21,EVL131,16250509,341,620
21052026_EVL131,1112733,2026-05-21,EVL131,16250509,341,620
26052026_EVL124,512078,2026-05-26,EVL124,16270742,311,440
26052026_EVL124,1112416,2026-05-26,EVL124,16270742,311,440
06052026_EVL123,1112432,2026-05-06,EVL123,16178898,311,180
06052026_EVL123,1112373,2026-05-06,EVL123,16178898,311,180
06052026_EVL123,1112432,2026-05-06,EVL123,16179447,341,301
06052026_EVL123,1112373,2026-05-06,EVL123,16179447,341,301
06052026_EVL123,1112432,2026-05-06,EVL123,16179521,301,180
06052026_EVL123,1112373,2026-05-06,EVL123,16179521,301,180
06052026_EVL123,1112432,2026-05-06,EVL123,16179716,341,620
06052026_EVL123,1112373,2026-05-06,EVL123,16179716,341,620
06052026_EVL123,1112432,2026-05-06,EVL123,16180170,311,180
06052026_EVL123,1112373,2026-05-06,EVL123,16180170,311,180
06052026_EVL123,1112432,2026-05-06,EVL123,16180428,311,490
06052026_EVL123,1112373,2026-05-06,EVL123,16180428,311,490
07052026_EVL123,1112432,2026-05-07,EVL123,16183593,201,180
07052026_EVL123,1112373,2026-05-07,EVL123,16183593,201,180
07052026_EVL123,1112432,2026-05-07,EVL123,16183887,311,490
07052026_EVL123,1112373,2026-05-07,EVL123,16183887,311,490
07052026_EVL123,1112432,2026-05-07,EVL123,16184151,311,490
07052026_EVL123,1112373,2026-05-07,EVL123,16184151,311,490
07052026_EVL123,1112432,2026-05-07,EVL123,16184174,311,302
07052026_EVL123,1112373,2026-05-07,EVL123,16184174,311,302
07052026_EVL123,1112432,2026-05-07,EVL123,16183241,341,490
07052026_EVL123,1112373,2026-05-07,EVL123,16183241,341,490
07052026_EVL123,1112432,2026-05-07,EVL123,16184051,311,311
07052026_EVL123,1112373,2026-05-07,EVL123,16184051,311,311
08052026_EVL123,1112432,2026-05-08,EVL123,16188178,381,180
08052026_EVL123,1112373,2026-05-08,EVL123,16188178,381,180
08052026_EVL123,1112432,2026-05-08,EVL123,16167840,799,899
08052026_EVL123,1112373,2026-05-08,EVL123,16167840,799,899
08052026_EVL123,1112432,2026-05-08,EVL123,16189323,799,899
08052026_EVL123,1112373,2026-05-08,EVL123,16189323,799,899
08052026_EVL123,1112432,2026-05-08,EVL123,16189788,341,490
08052026_EVL123,1112373,2026-05-08,EVL123,16189788,341,490
11052026_EVL123,1112432,2026-05-11,EVL123,16200761,311,490
11052026_EVL123,1112373,2026-05-11,EVL123,16200761,311,490
11052026_EVL123,1112432,2026-05-11,EVL123,16199598,201,180
11052026_EVL123,1112373,2026-05-11,EVL123,16199598,201,180
11052026_EVL123,1112432,2026-05-11,EVL123,16202391,341,620
11052026_EVL123,1112373,2026-05-11,EVL123,16202391,341,620
11052026_EVL123,1112432,2026-05-11,EVL123,16203487,301,180
11052026_EVL123,1112373,2026-05-11,EVL123,16203487,301,180
12052026_EVL123,1112432,2026-05-12,EVL123,16206156,104,321
12052026_EVL123,1112373,2026-05-12,EVL123,16206156,104,321
12052026_EVL123,1112432,2026-05-12,EVL123,16206748,341,620
12052026_EVL123,1112373,2026-05-12,EVL123,16206748,341,620
12052026_EVL123,1112432,2026-05-12,EVL123,16206751,311,180
12052026_EVL123,1112373,2026-05-12,EVL123,16206751,311,180
12052026_EVL123,1112432,2026-05-12,EVL123,16207753,311,440
12052026_EVL123,1112373,2026-05-12,EVL123,16207753,311,440
12052026_EVL123,1112432,2026-05-12,EVL123,16207799,311,180
12052026_EVL123,1112373,2026-05-12,EVL123,16207799,311,180
12052026_EVL123,1112432,2026-05-12,EVL123,16207777,343,490
12052026_EVL123,1112373,2026-05-12,EVL123,16207777,343,490
12052026_EVL123,1112432,2026-05-12,EVL123,16208641,342,300
12052026_EVL123,1112373,2026-05-12,EVL123,16208641,342,300
13052026_EVL123,1112432,2026-05-13,EVL123,16212286,343,440
13052026_EVL123,1112373,2026-05-13,EVL123,16212286,343,440
13052026_EVL123,1112432,2026-05-13,EVL123,16213011,311,490
13052026_EVL123,1112373,2026-05-13,EVL123,16213011,311,490
13052026_EVL123,1112432,2026-05-13,EVL123,16213015,343,440
13052026_EVL123,1112373,2026-05-13,EVL123,16213015,343,440
13052026_EVL123,1112432,2026-05-13,EVL123,16213059,311,490
13052026_EVL123,1112373,2026-05-13,EVL123,16213059,311,490
13052026_EVL123,1112432,2026-05-13,EVL123,16214221,311,180
13052026_EVL123,1112373,2026-05-13,EVL123,16214221,311,180
14052026_EVL123,1112432,2026-05-14,EVL123,16216889,125,880
14052026_EVL123,1112432,2026-05-14,EVL123,16218171,343,300
14052026_EVL123,1112432,2026-05-14,EVL123,16218955,341,440
14052026_EVL123,1112432,2026-05-14,EVL123,16219403,301,180
16052026_EVL123,1112432,2026-05-16,EVL123,16227611,341,620
16052026_EVL123,1112373,2026-05-16,EVL123,16227611,341,620
16052026_EVL123,1112432,2026-05-16,EVL123,16228078,311,490
16052026_EVL123,1112373,2026-05-16,EVL123,16228078,311,490
16052026_EVL123,1112432,2026-05-16,EVL123,16228174,341,620
16052026_EVL123,1112373,2026-05-16,EVL123,16228174,341,620
16052026_EVL123,1112432,2026-05-16,EVL123,16228455,343,180
16052026_EVL123,1112373,2026-05-16,EVL123,16228455,343,180
17052026_EVL123,1112432,2026-05-17,EVL123,16231478,343,180
17052026_EVL123,1112373,2026-05-17,EVL123,16231478,343,180
17052026_EVL123,1112432,2026-05-17,EVL123,16231816,301,180
17052026_EVL123,1112373,2026-05-17,EVL123,16231816,301,180
17052026_EVL123,1112432,2026-05-17,EVL123,16231966,311,180
17052026_EVL123,1112373,2026-05-17,EVL123,16231966,311,180
17052026_EVL123,1112432,2026-05-17,EVL123,16232251,301,180
17052026_EVL123,1112373,2026-05-17,EVL123,16232251,301,180
17052026_EVL123,1112432,2026-05-17,EVL123,16232561,311,620
17052026_EVL123,1112373,2026-05-17,EVL123,16232561,311,620
17052026_EVL123,1112432,2026-05-17,EVL123,16233423,799,897
17052026_EVL123,1112373,2026-05-17,EVL123,16233423,799,897
19052026_EVL123,,2026-05-19,EVL123,16239863,341,620
19052026_EVL123,,2026-05-19,EVL123,16241043,343,620
19052026_EVL123,,2026-05-19,EVL123,16241161,311,490
19052026_EVL123,,2026-05-19,EVL123,16241782,342,343
28052026_EVL122,511082,2026-05-28,EVL122,16281216,301,200
28052026_EVL122,311695,2026-05-28,EVL122,16281216,301,200
28052026_EVL122,511082,2026-05-28,EVL122,16282961,799,897
28052026_EVL122,311695,2026-05-28,EVL122,16282961,799,897
28052026_EVL122,511082,2026-05-28,EVL122,16282992,311,180
28052026_EVL122,311695,2026-05-28,EVL122,16282992,311,180
28052026_EVL122,511082,2026-05-28,EVL122,16284272,799,897
28052026_EVL122,311695,2026-05-28,EVL122,16284272,799,897
30052026_EVL122,511082,2026-05-30,EVL122,16290142,343,620
30052026_EVL122,311695,2026-05-30,EVL122,16290142,343,620
30052026_EVL122,511082,2026-05-30,EVL122,16290272,311,300
30052026_EVL122,311695,2026-05-30,EVL122,16290272,311,300
30052026_EVL122,511082,2026-05-30,EVL122,16290288,201,490
30052026_EVL122,311695,2026-05-30,EVL122,16290288,201,490
30052026_EVL122,511082,2026-05-30,EVL122,16291653,301,490
30052026_EVL122,311695,2026-05-30,EVL122,16291653,301,490
29052026_EVL121,31310,2026-05-29,EVL121,16284811,301,321
29052026_EVL121,31881,2026-05-29,EVL121,16284811,301,321
31052026_EVL121,31310,2026-05-31,EVL121,16293784,201,300
31052026_EVL121,31881,2026-05-31,EVL121,16293784,201,300
01052026_EVL108,1112247,2026-05-01,EVL108,16159887,311,490
24052026_EVL107,,2026-05-24,EVL107,16234523,799,897
24052026_EVL107,,2026-05-24,EVL107,16261532,311,620
24052026_EVL107,,2026-05-24,EVL107,16261674,331,325
24052026_EVL107,,2026-05-24,EVL107,16262705,311,620
28052026_EVL107,1112674,2026-05-28,EVL107,16280095,311,440
28052026_EVL107,1112445,2026-05-28,EVL107,16280095,311,440
30052026_EVL106,512057,2026-05-30,EVL106,16290053,311,440
30052026_EVL106,1112482,2026-05-30,EVL106,16290053,311,440
31052026_EVL106,512057,2026-05-31,EVL106,16234219,799,897
31052026_EVL106,1112482,2026-05-31,EVL106,16234219,799,897
31052026_EVL106,512057,2026-05-31,EVL106,16292574,342,311
31052026_EVL106,1112482,2026-05-31,EVL106,16292574,342,311
31052026_EVL106,512057,2026-05-31,EVL106,16292950,129,880
31052026_EVL106,1112482,2026-05-31,EVL106,16292950,129,880
31052026_EVL106,512057,2026-05-31,EVL106,16293077,341,300
31052026_EVL106,1112482,2026-05-31,EVL106,16293077,341,300
02052026_EVL105,311596,2026-05-02,EVL105,16162373,201,490
08052026_EVL105,311582,2026-05-08,EVL105,16187190,311,440
08052026_EVL105,512199,2026-05-08,EVL105,16187190,311,440
08052026_EVL105,311582,2026-05-08,EVL105,16187902,311,440
08052026_EVL105,512199,2026-05-08,EVL105,16187902,311,440
08052026_EVL105,311582,2026-05-08,EVL105,16187999,311,180
08052026_EVL105,512199,2026-05-08,EVL105,16187999,311,180
09052026_EVL105,311582,2026-05-09,EVL105,16193209,311,440
09052026_EVL105,512199,2026-05-09,EVL105,16193209,311,440
14052026_EVL105,311582,2026-05-14,EVL105,16217617,311,440
21052026_EVL105,311855,2026-05-21,EVL105,16250233,342,343
21052026_EVL105,311582,2026-05-21,EVL105,16250233,342,343
24052026_EVL105,512199,2026-05-24,EVL105,16234230,799,897
24052026_EVL105,311582,2026-05-24,EVL105,16234230,799,897
24052026_EVL105,512199,2026-05-24,EVL105,16261564,311,490
24052026_EVL105,311582,2026-05-24,EVL105,16261564,311,490
24052026_EVL105,512199,2026-05-24,EVL105,16262219,341,300
24052026_EVL105,311582,2026-05-24,EVL105,16262219,341,300
24052026_EVL105,512199,2026-05-24,EVL105,16262222,201,180
24052026_EVL105,311582,2026-05-24,EVL105,16262222,201,180
27052026_EVL105,311855,2026-05-27,EVL105,16272949,343,490
27052026_EVL105,512199,2026-05-27,EVL105,16272949,343,490
27052026_EVL105,311855,2026-05-27,EVL105,16275553,311,490
27052026_EVL105,512199,2026-05-27,EVL105,16275553,311,490
27052026_EVL105,311855,2026-05-27,EVL105,16276133,311,490
27052026_EVL105,512199,2026-05-27,EVL105,16276133,311,490
28052026_EVL105,311855,2026-05-28,EVL105,16279887,341,300
28052026_EVL105,512199,2026-05-28,EVL105,16279887,341,300
28052026_EVL105,311855,2026-05-28,EVL105,16280710,301,490
28052026_EVL105,512199,2026-05-28,EVL105,16280710,301,490
28052026_EVL105,311855,2026-05-28,EVL105,16281342,341,620
28052026_EVL105,512199,2026-05-28,EVL105,16281342,341,620
06052026_EVL104,,2026-05-06,EVL104,16177411,341,490
06052026_EVL104,,2026-05-06,EVL104,16177926,311,620
06052026_EVL104,,2026-05-06,EVL104,16178602,311,490
06052026_EVL104,,2026-05-06,EVL104,16179569,342,343
05052026_ESL701,,2026-05-05,ESL701,16173138,104,180
05052026_ESL701,,2026-05-05,ESL701,16173042,342,343
05052026_ESL701,,2026-05-05,ESL701,16174148,312,300
25052026_ESL701,1112734,2026-05-25,ESL701,16265512,311,440
25052026_ESL701,1112734,2026-05-25,ESL701,16265956,341,620
26052026_ESL701,1112734,2026-05-26,ESL701,16269666,311,490
26052026_ESL701,1112782,2026-05-26,ESL701,16269666,311,490
26052026_ESL701,1112734,2026-05-26,ESL701,16269868,311,460
26052026_ESL701,1112782,2026-05-26,ESL701,16269868,311,460
26052026_ESL701,1112734,2026-05-26,ESL701,16270600,311,490
26052026_ESL701,1112782,2026-05-26,ESL701,16270600,311,490
26052026_ESL701,1112734,2026-05-26,ESL701,16270494,104,890
26052026_ESL701,1112782,2026-05-26,ESL701,16270494,104,890
27052026_ESL701,1112734,2026-05-27,ESL701,16276369,341,620
28052026_ESL701,1112734,2026-05-28,ESL701,16280214,311,490
28052026_ESL701,1112734,2026-05-28,ESL701,16280800,341,620
29052026_ESL701,1112734,2026-05-29,ESL701,16285793,311,440
04052026_ESL700,,2026-05-04,ESL700,16168320,341,620
04052026_ESL700,,2026-05-04,ESL700,16168801,312,301
04052026_ESL700,,2026-05-04,ESL700,16169473,331,300
05052026_ESL700,311753,2026-05-05,ESL700,16172808,311,490
05052026_ESL700,1112782,2026-05-05,ESL700,16172808,311,490
05052026_ESL700,311753,2026-05-05,ESL700,16173119,341,620
05052026_ESL700,1112782,2026-05-05,ESL700,16173119,341,620
07052026_ESL700,311753,2026-05-07,ESL700,16183013,342,343
07052026_ESL700,311753,2026-05-07,ESL700,16183507,311,301
07052026_ESL700,311753,2026-05-07,ESL700,16183458,311,440
08052026_ESL700,1112782,2026-05-08,ESL700,16187171,121,343
08052026_ESL700,311753,2026-05-08,ESL700,16187171,121,343
08052026_ESL700,1112782,2026-05-08,ESL700,16187931,201,180
08052026_ESL700,311753,2026-05-08,ESL700,16187931,201,180
11052026_ESL700,51587,2026-05-11,ESL700,16200041,312,302
11052026_ESL700,51587,2026-05-11,ESL700,16199959,341,300
11052026_ESL700,51587,2026-05-11,ESL700,16201708,331,300
12052026_ESL700,1112782,2026-05-12,ESL700,16205116,201,180
12052026_ESL700,311753,2026-05-12,ESL700,16205116,201,180
12052026_ESL700,1112782,2026-05-12,ESL700,16206213,311,490
12052026_ESL700,311753,2026-05-12,ESL700,16206213,311,490
12052026_ESL700,1112782,2026-05-12,ESL700,16206004,342,343
12052026_ESL700,311753,2026-05-12,ESL700,16206004,342,343
13052026_ESL700,1112782,2026-05-13,ESL700,16211204,311,440
13052026_ESL700,311753,2026-05-13,ESL700,16211204,311,440
13052026_ESL700,1112782,2026-05-13,ESL700,16211887,104,302
13052026_ESL700,311753,2026-05-13,ESL700,16211887,104,302
18052026_ESL700,311753,2026-05-18,ESL700,16234894,126,880
18052026_ESL700,1112782,2026-05-18,ESL700,16234894,126,880
18052026_ESL700,311753,2026-05-18,ESL700,16235002,311,440
18052026_ESL700,1112782,2026-05-18,ESL700,16235002,311,440
18052026_ESL700,311753,2026-05-18,ESL700,16235391,343,20
18052026_ESL700,1112782,2026-05-18,ESL700,16235391,343,20
18052026_ESL700,311753,2026-05-18,ESL700,16235692,342,343
18052026_ESL700,1112782,2026-05-18,ESL700,16235692,342,343
19052026_ESL700,1112782,2026-05-19,ESL700,16234670,799,897
19052026_ESL700,311753,2026-05-19,ESL700,16234670,799,897
19052026_ESL700,1112782,2026-05-19,ESL700,16240256,311,490
19052026_ESL700,311753,2026-05-19,ESL700,16240256,311,490
19052026_ESL700,1112782,2026-05-19,ESL700,16240771,301,490
19052026_ESL700,311753,2026-05-19,ESL700,16240771,301,490
20052026_ESL700,1112782,2026-05-20,ESL700,16244277,341,620
20052026_ESL700,311753,2026-05-20,ESL700,16244277,341,620
20052026_ESL700,1112782,2026-05-20,ESL700,16244504,311,490
20052026_ESL700,311753,2026-05-20,ESL700,16244504,311,490
20052026_ESL700,1112782,2026-05-20,ESL700,16244741,341,490
20052026_ESL700,311753,2026-05-20,ESL700,16244741,341,490
20052026_ESL700,1112782,2026-05-20,ESL700,16245241,341,460
20052026_ESL700,311753,2026-05-20,ESL700,16245241,341,460
21052026_ESL700,1112782,2026-05-21,ESL700,16249409,311,440
21052026_ESL700,311753,2026-05-21,ESL700,16249409,311,440
21052026_ESL700,1112782,2026-05-21,ESL700,16249536,312,171
21052026_ESL700,311753,2026-05-21,ESL700,16249536,312,171
21052026_ESL700,1112782,2026-05-21,ESL700,16250078,341,300
21052026_ESL700,311753,2026-05-21,ESL700,16250078,341,300
22052026_ESL700,1112782,2026-05-22,ESL700,16255235,342,343
22052026_ESL700,311753,2026-05-22,ESL700,16255235,342,343
25052026_ESL700,1112782,2026-05-25,ESL700,16265184,343,440
25052026_ESL700,311753,2026-05-25,ESL700,16265184,343,440
25052026_ESL700,1112782,2026-05-25,ESL700,16265370,301,490
25052026_ESL700,311753,2026-05-25,ESL700,16265370,301,490
25052026_ESL700,1112782,2026-05-25,ESL700,16265853,311,300
25052026_ESL700,311753,2026-05-25,ESL700,16265853,311,300
04052026_ESL306,31985,2026-05-04,ESL306,16169428,311,440
04052026_ESL306,31985,2026-05-04,ESL306,16170719,311,440
06052026_ESL306,311689,2026-05-06,ESL306,16180613,311,440
06052026_ESL306,31985,2026-05-06,ESL306,16180613,311,440
22052026_ESL306,311689,2026-05-22,ESL306,16255509,311,440
22052026_ESL306,31985,2026-05-22,ESL306,16255509,311,440
27052026_ESL306,311689,2026-05-27,ESL306,16276251,311,490
27052026_ESL306,31985,2026-05-27,ESL306,16276251,311,490
27052026_ESL306,311689,2026-05-27,ESL306,16276680,311,490
27052026_ESL306,31985,2026-05-27,ESL306,16276680,311,490
27052026_ESL306,311689,2026-05-27,ESL306,16277082,343,440
27052026_ESL306,31985,2026-05-27,ESL306,16277082,343,440
27052026_ESL306,311689,2026-05-27,ESL306,16277180,343,440
27052026_ESL306,31985,2026-05-27,ESL306,16277180,343,440
28052026_ESL306,311689,2026-05-28,ESL306,16281556,343,440
28052026_ESL306,31985,2026-05-28,ESL306,16281556,343,440
28052026_ESL306,311689,2026-05-28,ESL306,16281495,311,440
28052026_ESL306,31985,2026-05-28,ESL306,16281495,311,440
28052026_ESL306,311689,2026-05-28,ESL306,16282616,311,440
28052026_ESL306,31985,2026-05-28,ESL306,16282616,311,440
28052026_ESL306,311689,2026-05-28,ESL306,16283064,311,440
28052026_ESL306,31985,2026-05-28,ESL306,16283064,311,440
29052026_ESL306,512021,2026-05-29,ESL306,16286355,343,620
29052026_ESL306,512074,2026-05-29,ESL306,16286355,343,620
29052026_ESL306,512021,2026-05-29,ESL306,16285991,311,20
29052026_ESL306,512074,2026-05-29,ESL306,16285991,311,20
29052026_ESL306,512021,2026-05-29,ESL306,16287137,311,20
29052026_ESL306,512074,2026-05-29,ESL306,16287137,311,20
09052026_ESL302,311899,2026-05-09,ESL302,16277814,311,490
09052026_ESL302,1112421,2026-05-09,ESL302,16277814,311,490
22052026_ESL302,,2026-05-22,ESL302,16253558,311,490
22052026_ESL302,,2026-05-22,ESL302,16254159,311,440
29052026_ESL302,1112357,2026-05-29,ESL302,16284674,341,300
29052026_ESL302,311710,2026-05-29,ESL302,16284674,341,300
22052026_ESL200,31656,2026-05-22,ESL200,16251366,201,321
21052026_ESL123,311046,2026-05-21,ESL123,16249660,301,490
21052026_ESL123,512167,2026-05-21,ESL123,16249660,301,490
22052026_ESL123,1112432,2026-05-22,ESL123,16255031,343,620
22052026_ESL123,1112373,2026-05-22,ESL123,16255031,343,620
22052026_ESL123,1112432,2026-05-22,ESL123,16255526,311,300
22052026_ESL123,1112373,2026-05-22,ESL123,16255526,311,300
22052026_ESL123,1112432,2026-05-22,ESL123,16255424,343,10
22052026_ESL123,1112373,2026-05-22,ESL123,16255424,343,10
22052026_ESL123,1112432,2026-05-22,ESL123,16255103,343,490
22052026_ESL123,1112373,2026-05-22,ESL123,16255103,343,490
23052026_ESL123,1112432,2026-05-23,ESL123,16258240,311,180
23052026_ESL123,1112373,2026-05-23,ESL123,16258240,311,180
23052026_ESL123,1112432,2026-05-23,ESL123,16258803,343,180
23052026_ESL123,1112373,2026-05-23,ESL123,16258803,343,180
23052026_ESL123,1112432,2026-05-23,ESL123,16259485,343,440
23052026_ESL123,1112373,2026-05-23,ESL123,16259485,343,440
23052026_ESL123,1112432,2026-05-23,ESL123,16259779,201,180
23052026_ESL123,1112373,2026-05-23,ESL123,16259779,201,180
23052026_ESL123,1112432,2026-05-23,ESL123,16259965,341,620
23052026_ESL123,1112373,2026-05-23,ESL123,16259965,341,620
24052026_ESL123,1112432,2026-05-24,ESL123,16261885,341,620
24052026_ESL123,1112373,2026-05-24,ESL123,16261885,341,620
24052026_ESL123,1112432,2026-05-24,ESL123,16262653,381,343
24052026_ESL123,1112373,2026-05-24,ESL123,16262653,381,343
24052026_ESL123,1112432,2026-05-24,ESL123,16262083,311,490
24052026_ESL123,1112373,2026-05-24,ESL123,16262083,311,490
24052026_ESL123,1112432,2026-05-24,ESL123,16262119,311,180
24052026_ESL123,1112373,2026-05-24,ESL123,16262119,311,180
24052026_ESL123,1112432,2026-05-24,ESL123,16262454,301,20
24052026_ESL123,1112373,2026-05-24,ESL123,16262454,301,20
27052026_ESL123,1112432,2026-05-27,ESL123,16276331,341,620
27052026_ESL123,1112373,2026-05-27,ESL123,16276331,341,620
27052026_ESL123,1112432,2026-05-27,ESL123,16276251,311,490
27052026_ESL123,1112373,2026-05-27,ESL123,16276251,311,490
27052026_ESL123,1112432,2026-05-27,ESL123,16277180,343,440
27052026_ESL123,1112373,2026-05-27,ESL123,16277180,343,440
27052026_ESL123,1112432,2026-05-27,ESL123,16276806,341,620
27052026_ESL123,1112373,2026-05-27,ESL123,16276806,341,620
27052026_ESL123,1112432,2026-05-27,ESL123,16278002,343,440
27052026_ESL123,1112373,2026-05-27,ESL123,16278002,343,440
28052026_ESL123,1112432,2026-05-28,ESL123,16281573,311,490
28052026_ESL123,1112373,2026-05-28,ESL123,16281573,311,490
28052026_ESL123,1112432,2026-05-28,ESL123,16281915,201,180
28052026_ESL123,1112373,2026-05-28,ESL123,16281915,201,180
28052026_ESL123,1112432,2026-05-28,ESL123,16282239,343,490
28052026_ESL123,1112373,2026-05-28,ESL123,16282239,343,490
28052026_ESL123,1112432,2026-05-28,ESL123,16282876,311,490
28052026_ESL123,1112373,2026-05-28,ESL123,16282876,311,490
30052026_ESL103,1112286,2026-05-30,ESL103,16289061,381,880
30052026_ESL103,311918,2026-05-30,ESL103,16289061,381,880
30052026_ESL103,1112286,2026-05-30,ESL103,16289283,311,490
30052026_ESL103,311918,2026-05-30,ESL103,16289283,311,490
30052026_ESL103,1112286,2026-05-30,ESL103,16289378,311,490
30052026_ESL103,311918,2026-05-30,ESL103,16289378,311,490
30052026_ESL103,1112286,2026-05-30,ESL103,16289394,311,490
30052026_ESL103,311918,2026-05-30,ESL103,16289394,311,490
30052026_ESL103,1112286,2026-05-30,ESL103,16289662,311,490
30052026_ESL103,311918,2026-05-30,ESL103,16289662,311,490
04052026_EQL700,1112670,2026-05-04,EQL700,16167998,341,490
04052026_EQL700,1112735,2026-05-04,EQL700,16167998,341,490
27052026_EQL700,1112670,2026-05-27,EQL700,16274915,341,300
27052026_EQL700,1112735,2026-05-27,EQL700,16274915,341,300
09052026_EQL332,,2026-05-09,EQL332,16194154,342,343
09052026_EQL332,,2026-05-09,EQL332,16194133,341,440
14052026_EQL332,,2026-05-14,EQL332,16220745,341,440
14052026_EQL332,,2026-05-14,EQL332,16220966,341,440
14052026_EQL332,,2026-05-14,EQL332,16219479,341,440
14052026_EQL332,,2026-05-14,EQL332,16219454,341,440
14052026_EQL332,,2026-05-14,EQL332,16220300,341,440
16052026_EQL332,,2026-05-16,EQL332,16229403,342,300
16052026_EQL332,,2026-05-16,EQL332,16228820,127,880
16052026_EQL332,,2026-05-16,EQL332,16227931,312,300
16052026_EQL332,,2026-05-16,EQL332,16229486,341,440
16052026_EQL332,,2026-05-16,EQL332,16229926,311,490
08052026_EQL331,,2026-05-08,EQL331,16190780,311,620
08052026_EQL331,,2026-05-08,EQL331,16189840,129,880
08052026_EQL331,,2026-05-08,EQL331,16189957,341,490
08052026_EQL331,,2026-05-08,EQL331,16190387,341,490
09052026_EQL331,,2026-05-09,EQL331,16193259,311,490
09052026_EQL331,,2026-05-09,EQL331,16193541,311,490
09052026_EQL331,,2026-05-09,EQL331,16194133,341,440
10052026_EQL331,,2026-05-10,EQL331,16197768,312,343
10052026_EQL331,,2026-05-10,EQL331,16197443,343,490
10052026_EQL331,,2026-05-10,EQL331,16198182,311,490
13052026_EQL331,,2026-05-13,EQL331,16214613,129,880
13052026_EQL331,,2026-05-13,EQL331,16214944,312,348
14052026_EQL331,,2026-05-14,EQL331,16219020,311,440
14052026_EQL331,,2026-05-14,EQL331,16220662,126,880
14052026_EQL331,,2026-05-14,EQL331,16220853,312,300
14052026_EQL331,,2026-05-14,EQL331,16220156,311,490
14052026_EQL331,,2026-05-14,EQL331,16220326,312,300
14052026_EQL331,,2026-05-14,EQL331,16221127,311,490
15052026_EQL331,,2026-05-15,EQL331,16224447,341,301
15052026_EQL331,,2026-05-15,EQL331,16225837,301,20
15052026_EQL331,,2026-05-15,EQL331,16224846,311,490
15052026_EQL331,,2026-05-15,EQL331,16225276,343,440
15052026_EQL331,,2026-05-15,EQL331,16224032,129,880
16052026_EQL331,,2026-05-16,EQL331,16228543,311,440
16052026_EQL331,,2026-05-16,EQL331,16227749,311,490
16052026_EQL331,,2026-05-16,EQL331,16229403,342,300
16052026_EQL331,,2026-05-16,EQL331,16229833,341,440
17052026_EQL331,,2026-05-17,EQL331,16232641,311,490
17052026_EQL331,,2026-05-17,EQL331,16233378,341,440
17052026_EQL331,,2026-05-17,EQL331,16233094,311,490
17052026_EQL331,,2026-05-17,EQL331,16233610,311,490
17052026_EQL331,,2026-05-17,EQL331,16234019,799,897
18052026_EQL331,,2026-05-18,EQL331,16237459,311,440
18052026_EQL331,,2026-05-18,EQL331,16237867,311,490
18052026_EQL331,,2026-05-18,EQL331,16238052,129,880
18052026_EQL331,,2026-05-18,EQL331,16238288,343,490
18052026_EQL331,,2026-05-18,EQL331,16238424,311,490
19052026_EQL331,,2026-05-19,EQL331,16242729,311,490
19052026_EQL331,,2026-05-19,EQL331,16242761,343,490
19052026_EQL331,,2026-05-19,EQL331,16242449,341,440
20052026_EQL331,,2026-05-20,EQL331,16247111,311,490
20052026_EQL331,,2026-05-20,EQL331,16247754,311,490
20052026_EQL331,,2026-05-20,EQL331,16248144,311,325
20052026_EQL331,,2026-05-20,EQL331,16247554,311,490
21052026_EQL331,,2026-05-21,EQL331,16251350,311,490
21052026_EQL331,,2026-05-21,EQL331,16251473,311,490
21052026_EQL331,,2026-05-21,EQL331,16251761,311,490
21052026_EQL331,,2026-05-21,EQL331,16252744,311,490
23052026_EQL331,,2026-05-23,EQL331,16260304,129,880
23052026_EQL331,,2026-05-23,EQL331,16260535,311,440
23052026_EQL331,,2026-05-23,EQL331,16260629,129,880
23052026_EQL331,,2026-05-23,EQL331,16260525,311,490
24052026_EQL331,,2026-05-24,EQL331,16263019,129,880
24052026_EQL331,,2026-05-24,EQL331,16263818,125,880
24052026_EQL331,,2026-05-24,EQL331,16263449,311,490
24052026_EQL331,,2026-05-24,EQL331,16263685,311,440
24052026_EQL331,,2026-05-24,EQL331,16263992,311,490
24052026_EQL331,,2026-05-24,EQL331,16264502,799,897
25052026_EQL331,,2026-05-25,EQL331,16266618,311,300
25052026_EQL331,,2026-05-25,EQL331,16267890,343,490
25052026_EQL331,,2026-05-25,EQL331,16269070,311,490
26052026_EQL331,,2026-05-26,EQL331,16271095,311,490
26052026_EQL331,,2026-05-26,EQL331,16271669,301,440
26052026_EQL331,,2026-05-26,EQL331,16274116,381,325
26052026_EQL331,,2026-05-26,EQL331,16271593,129,880
26052026_EQL331,,2026-05-26,EQL331,16271775,125,880
29052026_EQL331,,2026-05-29,EQL331,16287807,341,300
29052026_EQL331,,2026-05-29,EQL331,16288220,129,880
29052026_EQL331,,2026-05-29,EQL331,16288473,129,880
30052026_EQL331,,2026-05-30,EQL331,16291436,201,620
30052026_EQL331,,2026-05-30,EQL331,16290961,341,490
30052026_EQL331,,2026-05-30,EQL331,16291780,341,490
30052026_EQL331,,2026-05-30,EQL331,16234852,799,897
31052026_EQL331,512196,2026-05-31,EQL331,16294262,343,490
31052026_EQL331,512108,2026-05-31,EQL331,16294262,343,490
31052026_EQL331,512196,2026-05-31,EQL331,16293595,343,490
31052026_EQL331,512108,2026-05-31,EQL331,16293595,343,490
31052026_EQL331,512196,2026-05-31,EQL331,16293998,342,300
31052026_EQL331,512108,2026-05-31,EQL331,16293998,342,300
31052026_EQL331,512196,2026-05-31,EQL331,16294087,312,300
31052026_EQL331,512108,2026-05-31,EQL331,16294087,312,300
11052026_EQL330,,2026-05-11,EQL330,16203778,312,325
11052026_EQL330,,2026-05-11,EQL330,16204472,341,300
11052026_EQL330,,2026-05-11,EQL330,16202318,129,880
11052026_EQL330,,2026-05-11,EQL330,16202969,311,311
12052026_EQL330,,2026-05-12,EQL330,16207921,129,880
12052026_EQL330,,2026-05-12,EQL330,16209902,301,300
12052026_EQL330,,2026-05-12,EQL330,16207996,129,880
12052026_EQL330,,2026-05-12,EQL330,16209107,127,880
12052026_EQL330,,2026-05-12,EQL330,16209260,129,880
13052026_EQL330,,2026-05-13,EQL330,16213577,343,440
13052026_EQL330,,2026-05-13,EQL330,16214929,311,440
13052026_EQL330,,2026-05-13,EQL330,16215111,312,343
13052026_EQL330,,2026-05-13,EQL330,16214980,129,880
13052026_EQL330,,2026-05-13,EQL330,16215039,341,440
28052026_EQL313,1112277,2026-05-28,EQL313,16283245,126,880
28052026_EQL313,31677,2026-05-28,EQL313,16283245,126,880
05052026_EQL312,,2026-05-05,EQL312,16173216,341,440
05052026_EQL312,,2026-05-05,EQL312,16172998,311,440
05052026_EQL312,,2026-05-05,EQL312,16173821,341,440
05052026_EQL312,,2026-05-05,EQL312,16175656,301,490
08052026_EQL312,,2026-05-08,EQL312,16189669,342,300
08052026_EQL312,,2026-05-08,EQL312,16189903,127,880
08052026_EQL312,,2026-05-08,EQL312,16189463,129,880
10052026_EQL312,512066,2026-05-10,EQL312,16196659,799,897
10052026_EQL312,512014,2026-05-10,EQL312,16196659,799,897
10052026_EQL312,512066,2026-05-10,EQL312,16196913,311,300
10052026_EQL312,512014,2026-05-10,EQL312,16196913,311,300
10052026_EQL312,512066,2026-05-10,EQL312,16223399,341,490
10052026_EQL312,512014,2026-05-10,EQL312,16223399,341,490
10052026_EQL312,512066,2026-05-10,EQL312,16197351,311,300
10052026_EQL312,512014,2026-05-10,EQL312,16197351,311,300
13052026_EQL312,512066,2026-05-13,EQL312,16212310,311,300
13052026_EQL312,512014,2026-05-13,EQL312,16212310,311,300
13052026_EQL312,512066,2026-05-13,EQL312,16212429,311,300
13052026_EQL312,512014,2026-05-13,EQL312,16212429,311,300
13052026_EQL312,512066,2026-05-13,EQL312,16212860,311,300
13052026_EQL312,512014,2026-05-13,EQL312,16212860,311,300
13052026_EQL312,512066,2026-05-13,EQL312,16212893,341,440
13052026_EQL312,512014,2026-05-13,EQL312,16212893,341,440
13052026_EQL312,512066,2026-05-13,EQL312,16213874,381,343
13052026_EQL312,512014,2026-05-13,EQL312,16213874,381,343
26052026_EQL312,512021,2026-05-26,EQL312,16271470,311,620
26052026_EQL312,512062,2026-05-26,EQL312,16271470,311,620
16052026_EQL311,512074,2026-05-16,EQL311,16227756,301,440
17052026_EQL311,512074,2026-05-17,EQL311,16232291,126,880
24052026_EQL311,512028,2026-05-24,EQL311,16262035,311,490
24052026_EQL311,512028,2026-05-24,EQL311,16262487,341,620
24052026_EQL311,512028,2026-05-24,EQL311,16262590,311,490
24052026_EQL311,512028,2026-05-24,EQL311,16262563,343,440
01052026_EQL307,311074,2026-05-01,EQL307,16158224,311,10
01052026_EQL307,311338,2026-05-01,EQL307,16158224,311,10
01052026_EQL307,311074,2026-05-01,EQL307,16158647,311,620
01052026_EQL307,311338,2026-05-01,EQL307,16158647,311,620
01052026_EQL307,311074,2026-05-01,EQL307,16158739,311,620
01052026_EQL307,311338,2026-05-01,EQL307,16158739,311,620
02052026_EQL307,311191,2026-05-02,EQL307,15769984,799,897
02052026_EQL307,31213,2026-05-02,EQL307,15769984,799,897
02052026_EQL307,311191,2026-05-02,EQL307,16162210,311,20
02052026_EQL307,31213,2026-05-02,EQL307,16162210,311,20
02052026_EQL307,311191,2026-05-02,EQL307,16162485,311,20
02052026_EQL307,31213,2026-05-02,EQL307,16162485,311,20
02052026_EQL307,311191,2026-05-02,EQL307,16162583,311,20
02052026_EQL307,31213,2026-05-02,EQL307,16162583,311,20
03052026_EQL307,311845,2026-05-03,EQL307,16112161,799,897
03052026_EQL307,311816,2026-05-03,EQL307,16112161,799,897
03052026_EQL307,311817,2026-05-03,EQL307,16112161,799,897
03052026_EQL307,311605,2026-05-03,EQL307,16112161,799,897
03052026_EQL307,311845,2026-05-03,EQL307,16165284,799,897
03052026_EQL307,311816,2026-05-03,EQL307,16165284,799,897
03052026_EQL307,311817,2026-05-03,EQL307,16165284,799,897
03052026_EQL307,311605,2026-05-03,EQL307,16165284,799,897
03052026_EQL307,311845,2026-05-03,EQL307,16165554,312,10
03052026_EQL307,311816,2026-05-03,EQL307,16165554,312,10
03052026_EQL307,311817,2026-05-03,EQL307,16165554,312,10
03052026_EQL307,311605,2026-05-03,EQL307,16165554,312,10
03052026_EQL307,311845,2026-05-03,EQL307,16165875,312,10
03052026_EQL307,311816,2026-05-03,EQL307,16165875,312,10
03052026_EQL307,311817,2026-05-03,EQL307,16165875,312,10
03052026_EQL307,311605,2026-05-03,EQL307,16165875,312,10
02052026_EQL306,1112314,2026-05-02,EQL306,16126116,799,899
02052026_EQL306,311875,2026-05-02,EQL306,16126116,799,899
02052026_EQL306,1112314,2026-05-02,EQL306,16162771,312,300
02052026_EQL306,311875,2026-05-02,EQL306,16162771,312,300
03052026_EQL306,31507,2026-05-03,EQL306,16122389,799,899
03052026_EQL306,1112299,2026-05-03,EQL306,16122389,799,899
03052026_EQL306,31507,2026-05-03,EQL306,16165688,343,620
03052026_EQL306,1112299,2026-05-03,EQL306,16165688,343,620
03052026_EQL306,31507,2026-05-03,EQL306,16166246,311,490
03052026_EQL306,1112299,2026-05-03,EQL306,16166246,311,490
01052026_EQL305,1112314,2026-05-01,EQL305,16157569,312,10
01052026_EQL305,311875,2026-05-01,EQL305,16157569,312,10
01052026_EQL305,1112314,2026-05-01,EQL305,16157612,312,300
01052026_EQL305,311875,2026-05-01,EQL305,16157612,312,300
01052026_EQL305,1112314,2026-05-01,EQL305,16158717,342,343
01052026_EQL305,311875,2026-05-01,EQL305,16158717,342,343
01052026_EQL305,1112314,2026-05-01,EQL305,16158749,341,300
01052026_EQL305,311875,2026-05-01,EQL305,16158749,341,300
01052026_EQL305,1112314,2026-05-01,EQL305,16159299,312,300
01052026_EQL305,311875,2026-05-01,EQL305,16159299,312,300
01052026_EQL305,1112314,2026-05-01,EQL305,16159716,312,300
01052026_EQL305,311875,2026-05-01,EQL305,16159716,312,300
02052026_EQL305,311155,2026-05-02,EQL305,15833549,799,897
02052026_EQL305,311157,2026-05-02,EQL305,15833549,799,897
02052026_EQL305,311155,2026-05-02,EQL305,16162289,381,300
02052026_EQL305,311157,2026-05-02,EQL305,16162289,381,300
02052026_EQL305,311155,2026-05-02,EQL305,16162516,343,150
02052026_EQL305,311157,2026-05-02,EQL305,16162516,343,150
02052026_EQL305,311155,2026-05-02,EQL305,16162771,312,300
02052026_EQL305,311157,2026-05-02,EQL305,16162771,312,300
02052026_EQL305,311155,2026-05-02,EQL305,16163047,381,343
02052026_EQL305,311157,2026-05-02,EQL305,16163047,381,343
03052026_EQL305,311874,2026-05-03,EQL305,16112168,799,897
03052026_EQL305,311603,2026-05-03,EQL305,16112168,799,897
03052026_EQL305,311874,2026-05-03,EQL305,16130271,799,897
03052026_EQL305,311603,2026-05-03,EQL305,16130271,799,897
03052026_EQL305,311874,2026-05-03,EQL305,16165449,341,620
03052026_EQL305,311603,2026-05-03,EQL305,16165449,341,620
03052026_EQL305,311874,2026-05-03,EQL305,16165785,201,440
03052026_EQL305,311603,2026-05-03,EQL305,16165785,201,440
03052026_EQL305,311874,2026-05-03,EQL305,16166099,311,620
03052026_EQL305,311603,2026-05-03,EQL305,16166099,311,620
01052026_EQL304,311911,2026-05-01,EQL304,16157291,341,620
01052026_EQL304,1112341,2026-05-01,EQL304,16157291,341,620
01052026_EQL304,311911,2026-05-01,EQL304,16157076,311,440
01052026_EQL304,1112341,2026-05-01,EQL304,16157076,311,440
01052026_EQL304,311911,2026-05-01,EQL304,16158504,311,620
01052026_EQL304,1112341,2026-05-01,EQL304,16158504,311,620
01052026_EQL304,311911,2026-05-01,EQL304,16158781,311,620
01052026_EQL304,1112341,2026-05-01,EQL304,16158781,311,620
01052026_EQL304,311911,2026-05-01,EQL304,16159872,341,620
01052026_EQL304,1112341,2026-05-01,EQL304,16159872,341,620
03052026_EQL304,311079,2026-05-03,EQL304,16098316,799,897
03052026_EQL304,31416,2026-05-03,EQL304,16098316,799,897
03052026_EQL304,311079,2026-05-03,EQL304,16165272,799,897
03052026_EQL304,31416,2026-05-03,EQL304,16165272,799,897
03052026_EQL304,311079,2026-05-03,EQL304,16165717,343,620
03052026_EQL304,31416,2026-05-03,EQL304,16165717,343,620
03052026_EQL304,311079,2026-05-03,EQL304,16166058,311,620
03052026_EQL304,31416,2026-05-03,EQL304,16166058,311,620
08052026_EQL304,311363,2026-05-08,EQL304,16187398,121,343
08052026_EQL304,311363,2026-05-08,EQL304,16187727,311,490
08052026_EQL304,311363,2026-05-08,EQL304,16188092,311,300
08052026_EQL304,311363,2026-05-08,EQL304,16129596,799,897
08052026_EQL304,311363,2026-05-08,EQL304,16189085,311,490
01052026_EQL303,31507,2026-05-01,EQL303,16156709,341,300
01052026_EQL303,1112299,2026-05-01,EQL303,16156709,341,300
01052026_EQL303,31507,2026-05-01,EQL303,16158400,341,300
01052026_EQL303,1112299,2026-05-01,EQL303,16158400,341,300
01052026_EQL303,31507,2026-05-01,EQL303,16158483,311,300
01052026_EQL303,1112299,2026-05-01,EQL303,16158483,311,300
01052026_EQL303,31507,2026-05-01,EQL303,16158646,311,300
01052026_EQL303,1112299,2026-05-01,EQL303,16158646,311,300
01052026_EQL303,31507,2026-05-01,EQL303,16159550,341,620
01052026_EQL303,1112299,2026-05-01,EQL303,16159550,341,620
02052026_EQL303,311193,2026-05-02,EQL303,15770044,799,899
02052026_EQL303,311854,2026-05-02,EQL303,15770044,799,899
02052026_EQL303,311193,2026-05-02,EQL303,16125751,799,899
02052026_EQL303,311854,2026-05-02,EQL303,16125751,799,899
02052026_EQL303,311193,2026-05-02,EQL303,16161882,311,300
02052026_EQL303,311854,2026-05-02,EQL303,16161882,311,300
02052026_EQL303,311193,2026-05-02,EQL303,16162101,341,300
02052026_EQL303,311854,2026-05-02,EQL303,16162101,341,300
02052026_EQL303,311193,2026-05-02,EQL303,16162410,311,300
02052026_EQL303,311854,2026-05-02,EQL303,16162410,311,300
03052026_EQL303,311193,2026-05-03,EQL303,16164915,311,300
03052026_EQL303,311854,2026-05-03,EQL303,16164915,311,300
03052026_EQL303,311193,2026-05-03,EQL303,16165492,341,300
03052026_EQL303,311854,2026-05-03,EQL303,16165492,341,300
03052026_EQL303,311193,2026-05-03,EQL303,16165686,311,300
03052026_EQL303,311854,2026-05-03,EQL303,16165686,311,300
03052026_EQL303,311193,2026-05-03,EQL303,16165939,311,300
03052026_EQL303,311854,2026-05-03,EQL303,16165939,311,300
06052026_EQL303,1112364,2026-05-06,EQL303,16177862,311,180
06052026_EQL303,1112388,2026-05-06,EQL303,16177862,311,180
08052026_EQL303,311909,2026-05-08,EQL303,16187385,311,620
08052026_EQL303,311810,2026-05-08,EQL303,16187385,311,620
13052026_EQL302,1112378,2026-05-13,EQL302,16209162,301,490
13052026_EQL302,1112378,2026-05-13,EQL302,16212531,129,880
30052026_EQL302,1112364,2026-05-30,EQL302,16289859,311,440
30052026_EQL302,1112364,2026-05-30,EQL302,16289966,311,440
30052026_EQL302,1112364,2026-05-30,EQL302,16289944,311,440
30052026_EQL301,311056,2026-05-30,EQL301,16289273,343,440
30052026_EQL301,512094,2026-05-30,EQL301,16289273,343,440
30052026_EQL301,311056,2026-05-30,EQL301,16289244,341,300
30052026_EQL301,512094,2026-05-30,EQL301,16289244,341,300
30052026_EQL301,311056,2026-05-30,EQL301,16289735,311,490
30052026_EQL301,512094,2026-05-30,EQL301,16289735,311,490
30052026_EQL301,311056,2026-05-30,EQL301,16290003,342,343
30052026_EQL301,512094,2026-05-30,EQL301,16290003,342,343
30052026_EQL301,311056,2026-05-30,EQL301,16289558,342,343
30052026_EQL301,512094,2026-05-30,EQL301,16289558,342,343
01052026_EQL300,31888,2026-05-01,EQL300,16158679,311,490
01052026_EQL300,31888,2026-05-01,EQL300,16158982,343,620
05052026_EQL200,1112772,2026-05-05,EQL200,16173824,301,490
05052026_EQL200,51419,2026-05-05,EQL200,16173824,301,490
20052026_EQL200,1112772,2026-05-20,EQL200,16244375,201,920
20052026_EQL200,51419,2026-05-20,EQL200,16244375,201,920
28052026_EQL145,512059,2026-05-28,EQL145,16283498,127,880
28052026_EQL145,1112525,2026-05-28,EQL145,16283498,127,880
28052026_EQL145,512059,2026-05-28,EQL145,16283212,341,300
28052026_EQL145,1112525,2026-05-28,EQL145,16283212,341,300
22052026_EQL144,,2026-05-22,EQL144,16256096,311,300
22052026_EQL144,,2026-05-22,EQL144,16256384,341,443
13052026_EQL143,,2026-05-13,EQL143,16215241,311,490
13052026_EQL143,,2026-05-13,EQL143,16214529,341,300
13052026_EQL143,,2026-05-13,EQL143,16214958,311,490
13052026_EQL143,,2026-05-13,EQL143,16215374,311,490
13052026_EQL143,,2026-05-13,EQL143,16215408,301,440
18052026_EQL143,,2026-05-18,EQL143,16238133,343,620
18052026_EQL143,,2026-05-18,EQL143,16238071,343,490
18052026_EQL143,,2026-05-18,EQL143,16238397,343,620
18052026_EQL143,,2026-05-18,EQL143,16238421,341,620
18052026_EQL143,,2026-05-18,EQL143,16238697,312,343
18052026_EQL143,,2026-05-18,EQL143,16238740,312,343
19052026_EQL143,,2026-05-19,EQL143,16243064,201,490
19052026_EQL143,,2026-05-19,EQL143,16242445,311,490
19052026_EQL143,,2026-05-19,EQL143,16243023,343,490
20052026_EQL143,,2026-05-20,EQL143,16248323,301,490
20052026_EQL143,,2026-05-20,EQL143,16247334,311,490
20052026_EQL143,,2026-05-20,EQL143,16247461,381,343
23052026_EQL143,,2026-05-23,EQL143,16260344,201,180
24052026_EQL143,,2026-05-24,EQL143,16263934,343,490
27052026_EQL143,1112354,2026-05-27,EQL143,16278995,311,325
27052026_EQL143,1112423,2026-05-27,EQL143,16278995,311,325
27052026_EQL143,1112354,2026-05-27,EQL143,16277690,343,490
27052026_EQL143,1112423,2026-05-27,EQL143,16277690,343,490
27052026_EQL143,1112354,2026-05-27,EQL143,16279093,343,490
27052026_EQL143,1112423,2026-05-27,EQL143,16279093,343,490
28052026_EQL143,1112354,2026-05-28,EQL143,16283947,126,880
28052026_EQL143,1112423,2026-05-28,EQL143,16283947,126,880
28052026_EQL143,1112354,2026-05-28,EQL143,16284300,301,490
28052026_EQL143,1112423,2026-05-28,EQL143,16284300,301,490
29052026_EQL143,,2026-05-29,EQL143,16284811,301,321
29052026_EQL143,,2026-05-29,EQL143,16288154,301,180
29052026_EQL143,,2026-05-29,EQL143,16288478,381,343
17052026_EQL142,,2026-05-17,EQL142,16233327,126,880
17052026_EQL142,,2026-05-17,EQL142,16232901,311,490
17052026_EQL142,,2026-05-17,EQL142,16233471,311,490
30052026_EQL142,311798,2026-05-30,EQL142,16291760,301,440
30052026_EQL142,1112771,2026-05-30,EQL142,16291760,301,440
31052026_EQL142,1112459,2026-05-31,EQL142,16293854,201,325
31052026_EQL142,1112252,2026-05-31,EQL142,16293854,201,325
31052026_EQL142,1112771,2026-05-31,EQL142,16293854,201,325
02052026_EQL140,311183,2026-05-02,EQL140,16164470,126,880
02052026_EQL140,311183,2026-05-02,EQL140,16164557,311,300
03052026_EQL140,1112459,2026-05-03,EQL140,16167206,201,300
03052026_EQL140,1112707,2026-05-03,EQL140,16167206,201,300
14052026_EQL140,1112408,2026-05-14,EQL140,16220706,311,440
14052026_EQL140,311183,2026-05-14,EQL140,16220706,311,440
18052026_EQL140,1112408,2026-05-18,EQL140,16238504,343,440
18052026_EQL140,311183,2026-05-18,EQL140,16238504,343,440
21052026_EQL140,1112408,2026-05-21,EQL140,16251964,312,300
21052026_EQL140,311183,2026-05-21,EQL140,16251964,312,300
25052026_EQL140,1112408,2026-05-25,EQL140,16266687,301,490
25052026_EQL140,311183,2026-05-25,EQL140,16266687,301,490
26052026_EQL140,1112408,2026-05-26,EQL140,16273028,301,440
26052026_EQL140,311183,2026-05-26,EQL140,16273028,301,440
26052026_EQL140,1112408,2026-05-26,EQL140,16274212,301,440
26052026_EQL140,311183,2026-05-26,EQL140,16274212,301,440
29052026_EQL140,,2026-05-29,EQL140,16287237,311,490
29052026_EQL140,,2026-05-29,EQL140,16288448,341,300
29052026_EQL140,,2026-05-29,EQL140,16288886,311,300
29052026_EQL140,,2026-05-29,EQL140,16288673,311,300
30052026_EQL140,311183,2026-05-30,EQL140,16291336,343,440
30052026_EQL140,311183,2026-05-30,EQL140,16291012,341,300
30052026_EQL140,311183,2026-05-30,EQL140,16234873,799,897
30052026_EQL140,311183,2026-05-30,EQL140,16291951,311,300
31052026_EQL140,1112408,2026-05-31,EQL140,16293672,201,180
31052026_EQL140,311183,2026-05-31,EQL140,16293672,201,180
31052026_EQL140,1112408,2026-05-31,EQL140,16294619,343,440
31052026_EQL140,311183,2026-05-31,EQL140,16294619,343,440
31052026_EQL140,1112408,2026-05-31,EQL140,16265008,799,897
31052026_EQL140,311183,2026-05-31,EQL140,16265008,799,897
22052026_EQL134,,2026-05-22,EQL134,16256055,201,180
27052026_EQL134,,2026-05-27,EQL134,16278303,301,490
30052026_EQL134,512192,2026-05-30,EQL134,16291223,301,440
30052026_EQL134,512168,2026-05-30,EQL134,16291223,301,440
28052026_EQL133,311304,2026-05-28,EQL133,16281997,341,440
28052026_EQL133,311304,2026-05-28,EQL133,16282690,201,490
29052026_EQL133,31790,2026-05-29,EQL133,16288557,201,880
29052026_EQL133,512012,2026-05-29,EQL133,16288557,201,880
30052026_EQL133,31790,2026-05-30,EQL133,16291445,343,620
30052026_EQL133,512012,2026-05-30,EQL133,16291445,343,620
31052026_EQL133,31790,2026-05-31,EQL133,16293735,342,343
31052026_EQL133,512012,2026-05-31,EQL133,16293735,342,343
31052026_EQL133,31790,2026-05-31,EQL133,16294123,301,620
31052026_EQL133,512012,2026-05-31,EQL133,16294123,301,620
31052026_EQL133,31790,2026-05-31,EQL133,16293774,312,343
31052026_EQL133,512012,2026-05-31,EQL133,16293774,312,343
03052026_EQL132,311558,2026-05-03,EQL132,16166247,129,880
03052026_EQL132,51618,2026-05-03,EQL132,16166247,129,880
03052026_EQL132,311717,2026-05-03,EQL132,16166247,129,880
12052026_EQL132,51618,2026-05-12,EQL132,16209387,201,440
12052026_EQL132,311717,2026-05-12,EQL132,16209387,201,440
16052026_EQL132,311135,2026-05-16,EQL132,16227755,311,440
16052026_EQL132,311717,2026-05-16,EQL132,16227755,311,440
16052026_EQL132,311135,2026-05-16,EQL132,16228053,129,880
16052026_EQL132,311717,2026-05-16,EQL132,16228053,129,880
16052026_EQL132,311135,2026-05-16,EQL132,16227756,301,440
16052026_EQL132,311717,2026-05-16,EQL132,16227756,301,440
23052026_EQL132,311717,2026-05-23,EQL132,16259382,301,150
23052026_EQL132,51618,2026-05-23,EQL132,16259382,301,150
01052026_EQL123,512011,2026-05-01,EQL123,16158267,201,321
01052026_EQL123,512027,2026-05-01,EQL123,16158267,201,321
01052026_EQL123,512011,2026-05-01,EQL123,16159961,301,620
01052026_EQL123,512027,2026-05-01,EQL123,16159961,301,620
01052026_EQL123,512011,2026-05-01,EQL123,16160455,201,180
01052026_EQL123,512027,2026-05-01,EQL123,16160455,201,180
01052026_EQL123,512011,2026-05-01,EQL123,16160464,201,300
01052026_EQL123,512027,2026-05-01,EQL123,16160464,201,300
27052026_EQL122,311304,2026-05-27,EQL122,16275186,104,890
27052026_EQL122,512015,2026-05-27,EQL122,16275186,104,890
27052026_EQL122,311304,2026-05-27,EQL122,16275019,311,490
27052026_EQL122,512015,2026-05-27,EQL122,16275019,311,490
27052026_EQL122,311304,2026-05-27,EQL122,16276281,311,302
27052026_EQL122,512015,2026-05-27,EQL122,16276281,311,302
27052026_EQL122,311304,2026-05-27,EQL122,16275933,311,490
27052026_EQL122,512015,2026-05-27,EQL122,16275933,311,490
27052026_EQL122,311304,2026-05-27,EQL122,16276564,311,490
27052026_EQL122,512015,2026-05-27,EQL122,16276564,311,490
18052026_EQL118,1112474,2026-05-18,EQL118,16234799,343,300
18052026_EQL118,311646,2026-05-18,EQL118,16234799,343,300
27052026_EQL118,311646,2026-05-27,EQL118,16272262,311,440
27052026_EQL118,1112364,2026-05-27,EQL118,16272262,311,440
27052026_EQL118,311646,2026-05-27,EQL118,16273380,311,440
27052026_EQL118,1112364,2026-05-27,EQL118,16273380,311,440
28052026_EQL118,1112474,2026-05-28,EQL118,16280076,381,300
28052026_EQL118,311646,2026-05-28,EQL118,16280076,381,300
28052026_EQL118,1112474,2026-05-28,EQL118,16281554,341,440
28052026_EQL118,311646,2026-05-28,EQL118,16281554,341,440
28052026_EQL118,1112474,2026-05-28,EQL118,16280773,341,300
28052026_EQL118,311646,2026-05-28,EQL118,16280773,341,300
29052026_EQL118,1112474,2026-05-29,EQL118,16285041,341,300
29052026_EQL118,311646,2026-05-29,EQL118,16285041,341,300
29052026_EQL118,1112474,2026-05-29,EQL118,16285059,343,440
29052026_EQL118,311646,2026-05-29,EQL118,16285059,343,440
29052026_EQL118,1112474,2026-05-29,EQL118,16285929,311,300
29052026_EQL118,311646,2026-05-29,EQL118,16285929,311,300
27052026_EQL114,311718,2026-05-27,EQL114,16273074,341,620
27052026_EQL114,1112388,2026-05-27,EQL114,16273074,341,620
28052026_EQL114,311718,2026-05-28,EQL114,16279809,343,490
28052026_EQL114,1112388,2026-05-28,EQL114,16279809,343,490
28052026_EQL114,311718,2026-05-28,EQL114,16280804,341,490
28052026_EQL114,1112388,2026-05-28,EQL114,16280804,341,490
28052026_EQL114,311718,2026-05-28,EQL114,16281086,312,180
28052026_EQL114,1112388,2026-05-28,EQL114,16281086,312,180
19052026_EQL113,311056,2026-05-19,EQL113,16240177,311,620
19052026_EQL113,512094,2026-05-19,EQL113,16240177,311,620
26052026_EQL113,311056,2026-05-26,EQL113,16269964,343,490
26052026_EQL113,1112388,2026-05-26,EQL113,16269964,343,490
29052026_EQL113,311056,2026-05-29,EQL113,16285531,311,490
29052026_EQL113,512094,2026-05-29,EQL113,16285531,311,490
29052026_EQL113,311056,2026-05-29,EQL113,16285191,342,343
29052026_EQL113,512094,2026-05-29,EQL113,16285191,342,343
29052026_EQL113,311056,2026-05-29,EQL113,16286192,311,300
29052026_EQL113,512094,2026-05-29,EQL113,16286192,311,300
29052026_EQL113,311056,2026-05-29,EQL113,16285766,341,620
29052026_EQL113,512094,2026-05-29,EQL113,16285766,341,620
29052026_EQL113,311056,2026-05-29,EQL113,16286214,342,343
29052026_EQL113,512094,2026-05-29,EQL113,16286214,342,343
29052026_EQL113,311056,2026-05-29,EQL113,16286464,301,490
29052026_EQL113,512094,2026-05-29,EQL113,16286464,301,490
31052026_EQL113,311056,2026-05-31,EQL113,16292267,341,620
31052026_EQL113,512094,2026-05-31,EQL113,16292267,341,620
01052026_EQL112,31788,2026-05-01,EQL112,16156993,129,880
01052026_EQL112,31778,2026-05-01,EQL112,16156993,129,880
01052026_EQL112,31788,2026-05-01,EQL112,16158604,311,440
01052026_EQL112,31778,2026-05-01,EQL112,16158604,311,440
01052026_EQL112,31788,2026-05-01,EQL112,16158801,311,490
01052026_EQL112,31778,2026-05-01,EQL112,16158801,311,490
01052026_EQL112,31788,2026-05-01,EQL112,16159328,311,620
01052026_EQL112,31778,2026-05-01,EQL112,16159328,311,620
02052026_EQL112,31788,2026-05-02,EQL112,16161670,311,620
02052026_EQL112,31778,2026-05-02,EQL112,16161670,311,620
02052026_EQL112,31788,2026-05-02,EQL112,16161847,341,440
02052026_EQL112,31778,2026-05-02,EQL112,16161847,341,440
02052026_EQL112,31788,2026-05-02,EQL112,16162823,343,440
02052026_EQL112,31778,2026-05-02,EQL112,16162823,343,440
03052026_EQL112,31788,2026-05-03,EQL112,15972358,799,897
03052026_EQL112,31778,2026-05-03,EQL112,15972358,799,897
03052026_EQL112,31788,2026-05-03,EQL112,16165471,343,620
03052026_EQL112,31778,2026-05-03,EQL112,16165471,343,620
03052026_EQL112,31788,2026-05-03,EQL112,16165954,343,440
03052026_EQL112,31778,2026-05-03,EQL112,16165954,343,440
06052026_EQL112,31788,2026-05-06,EQL112,16176123,343,620
06052026_EQL112,31778,2026-05-06,EQL112,16176123,343,620
06052026_EQL112,31788,2026-05-06,EQL112,16179187,342,343
06052026_EQL112,31778,2026-05-06,EQL112,16179187,342,343
07052026_EQL112,31788,2026-05-07,EQL112,16181962,341,620
07052026_EQL112,31778,2026-05-07,EQL112,16181962,341,620
07052026_EQL112,31788,2026-05-07,EQL112,16182514,104,300
07052026_EQL112,31778,2026-05-07,EQL112,16182514,104,300
07052026_EQL112,31788,2026-05-07,EQL112,16183908,343,440
07052026_EQL112,31778,2026-05-07,EQL112,16183908,343,440
08052026_EQL112,31788,2026-05-08,EQL112,16187434,311,620
08052026_EQL112,31778,2026-05-08,EQL112,16187434,311,620
08052026_EQL112,31788,2026-05-08,EQL112,16187156,128,300
08052026_EQL112,31778,2026-05-08,EQL112,16187156,128,300
08052026_EQL112,31788,2026-05-08,EQL112,16188092,311,300
08052026_EQL112,31778,2026-05-08,EQL112,16188092,311,300
16052026_EQL112,31788,2026-05-16,EQL112,16226783,311,620
16052026_EQL112,31778,2026-05-16,EQL112,16226783,311,620
16052026_EQL112,31788,2026-05-16,EQL112,16227171,343,620
16052026_EQL112,31778,2026-05-16,EQL112,16227171,343,620
16052026_EQL112,31788,2026-05-16,EQL112,16227603,311,620
16052026_EQL112,31778,2026-05-16,EQL112,16227603,311,620
17052026_EQL112,31788,2026-05-17,EQL112,16230633,311,620
17052026_EQL112,31778,2026-05-17,EQL112,16230633,311,620
17052026_EQL112,31788,2026-05-17,EQL112,16230896,311,300
17052026_EQL112,31778,2026-05-17,EQL112,16230896,311,300
17052026_EQL112,31788,2026-05-17,EQL112,16231201,311,10
17052026_EQL112,31778,2026-05-17,EQL112,16231201,311,10
18052026_EQL112,31788,2026-05-18,EQL112,16233600,301,490
18052026_EQL112,31778,2026-05-18,EQL112,16233600,301,490
19052026_EQL112,31788,2026-05-19,EQL112,16239308,311,620
19052026_EQL112,31778,2026-05-19,EQL112,16239308,311,620
19052026_EQL112,31788,2026-05-19,EQL112,16239655,311,490
19052026_EQL112,31778,2026-05-19,EQL112,16239655,311,490
19052026_EQL112,31788,2026-05-19,EQL112,16241415,311,321
19052026_EQL112,31778,2026-05-19,EQL112,16241415,311,321
22052026_EQL112,31788,2026-05-22,EQL112,16252727,341,300
22052026_EQL112,31778,2026-05-22,EQL112,16252727,341,300
22052026_EQL112,31788,2026-05-22,EQL112,16253890,341,620
22052026_EQL112,31778,2026-05-22,EQL112,16253890,341,620
22052026_EQL112,31788,2026-05-22,EQL112,16255297,311,620
22052026_EQL112,31778,2026-05-22,EQL112,16255297,311,620
23052026_EQL112,31788,2026-05-23,EQL112,16257705,311,620
23052026_EQL112,31778,2026-05-23,EQL112,16257705,311,620
23052026_EQL112,31788,2026-05-23,EQL112,16258091,341,490
23052026_EQL112,31778,2026-05-23,EQL112,16258091,341,490
23052026_EQL112,31788,2026-05-23,EQL112,16258486,342,300
23052026_EQL112,31778,2026-05-23,EQL112,16258486,342,300
23052026_EQL112,31788,2026-05-23,EQL112,16258724,129,880
23052026_EQL112,31778,2026-05-23,EQL112,16258724,129,880
23052026_EQL112,31788,2026-05-23,EQL112,16259080,343,440
23052026_EQL112,31778,2026-05-23,EQL112,16259080,343,440
24052026_EQL112,31788,2026-05-24,EQL112,16261339,301,490
24052026_EQL112,31778,2026-05-24,EQL112,16261339,301,490
28052026_EQL112,31788,2026-05-28,EQL112,16279785,341,300
28052026_EQL112,31778,2026-05-28,EQL112,16279785,341,300
28052026_EQL112,31788,2026-05-28,EQL112,16280425,311,620
28052026_EQL112,31778,2026-05-28,EQL112,16280425,311,620
28052026_EQL112,31788,2026-05-28,EQL112,16280615,342,343
28052026_EQL112,31778,2026-05-28,EQL112,16280615,342,343
28052026_EQL112,31788,2026-05-28,EQL112,16280927,311,490
28052026_EQL112,31778,2026-05-28,EQL112,16280927,311,490
29052026_EQL112,31788,2026-05-29,EQL112,16285018,311,490
29052026_EQL112,31778,2026-05-29,EQL112,16285018,311,490
29052026_EQL112,31788,2026-05-29,EQL112,16284398,311,490
29052026_EQL112,31778,2026-05-29,EQL112,16284398,311,490
29052026_EQL112,31788,2026-05-29,EQL112,16285779,341,443
29052026_EQL112,31778,2026-05-29,EQL112,16285779,341,443
29052026_EQL108,-512225,2026-05-29,EQL108,16285297,331,300
29052026_EQL108,31656,2026-05-29,EQL108,16285297,331,300
29052026_EQL108,-512225,2026-05-29,EQL108,16285297,331,300
29052026_EQL108,31656,2026-05-29,EQL108,16285297,331,300
05052026_EQL107,1112751,2026-05-05,EQL107,16172326,311,490
05052026_EQL107,3179,2026-05-05,EQL107,16172326,311,490
13052026_EQL107,1112751,2026-05-13,EQL107,16210697,311,490
13052026_EQL107,3179,2026-05-13,EQL107,16210697,311,490
14052026_EQL107,1112751,2026-05-14,EQL107,16218619,301,490
14052026_EQL107,3179,2026-05-14,EQL107,16218619,301,490
15052026_EQL107,1112751,2026-05-15,EQL107,16220772,341,620
15052026_EQL107,3179,2026-05-15,EQL107,16220772,341,620
15052026_EQL107,1112751,2026-05-15,EQL107,16222990,311,490
15052026_EQL107,3179,2026-05-15,EQL107,16222990,311,490
19052026_EQL107,1112751,2026-05-19,EQL107,16239286,311,490
19052026_EQL107,3179,2026-05-19,EQL107,16239286,311,490
19052026_EQL107,1112751,2026-05-19,EQL107,16239429,341,620
19052026_EQL107,3179,2026-05-19,EQL107,16239429,341,620
19052026_EQL107,1112751,2026-05-19,EQL107,16240808,301,490
19052026_EQL107,3179,2026-05-19,EQL107,16240808,301,490
21052026_EQL107,1112751,2026-05-21,EQL107,16248385,311,490
21052026_EQL107,3179,2026-05-21,EQL107,16248385,311,490
21052026_EQL107,1112751,2026-05-21,EQL107,16249067,381,200
21052026_EQL107,3179,2026-05-21,EQL107,16249067,381,200
21052026_EQL107,1112751,2026-05-21,EQL107,16249515,311,490
21052026_EQL107,3179,2026-05-21,EQL107,16249515,311,490
21052026_EQL107,1112751,2026-05-21,EQL107,16250706,343,490
21052026_EQL107,3179,2026-05-21,EQL107,16250706,343,490
05052026_EQL104,31221,2026-05-05,EQL104,16171122,343,490
05052026_EQL104,1112810,2026-05-05,EQL104,16171122,343,490
06052026_EQL104,31221,2026-05-06,EQL104,16177797,341,620
15052026_EQL104,311596,2026-05-15,EQL104,16221881,341,490
15052026_EQL104,311596,2026-05-15,EQL104,16222802,311,490
15052026_EQL104,311596,2026-05-15,EQL104,16222476,341,620
15052026_EQL104,311596,2026-05-15,EQL104,16222442,341,300
18052026_EQL104,31221,2026-05-18,EQL104,16235513,343,490
18052026_EQL104,1112810,2026-05-18,EQL104,16235513,343,490
30052026_EQL102,31758,2026-05-30,EQL102,16289735,311,490
30052026_EQL102,311226,2026-05-30,EQL102,16289735,311,490
18052026_EQL101,311777,2026-05-18,EQL101,16234062,341,620
18052026_EQL101,31910,2026-05-18,EQL101,16234062,341,620
30052026_EQL101,311777,2026-05-30,EQL101,16288845,343,490
30052026_EQL101,31910,2026-05-30,EQL101,16288845,343,490
30052026_EQL101,311777,2026-05-30,EQL101,16288726,341,440
30052026_EQL101,31910,2026-05-30,EQL101,16288726,341,440
30052026_EQL101,311777,2026-05-30,EQL101,16290017,343,440
30052026_EQL101,31910,2026-05-30,EQL101,16290017,343,440
31052026_EQL101,311777,2026-05-31,EQL101,16291496,343,440
31052026_EQL101,31910,2026-05-31,EQL101,16291496,343,440
31052026_EQL101,311777,2026-05-31,EQL101,16234675,799,897
31052026_EQL101,31910,2026-05-31,EQL101,16234675,799,897
31052026_EQL101,311777,2026-05-31,EQL101,16292430,311,440
31052026_EQL101,31910,2026-05-31,EQL101,16292430,311,440
31052026_EQL101,311777,2026-05-31,EQL101,16292746,311,300
31052026_EQL101,31910,2026-05-31,EQL101,16292746,311,300
31052026_EQL101,311777,2026-05-31,EQL101,16292955,341,301
31052026_EQL101,31910,2026-05-31,EQL101,16292955,341,301
05052026_ENL703,1112754,2026-05-05,ENL703,16172680,311,490
05052026_ENL703,1112831,2026-05-05,ENL703,16172680,311,490
05052026_ENL703,1112754,2026-05-05,ENL703,16173020,341,443
05052026_ENL703,1112831,2026-05-05,ENL703,16173020,341,443
05052026_ENL703,1112754,2026-05-05,ENL703,16173315,341,440
05052026_ENL703,1112831,2026-05-05,ENL703,16173315,341,440
05052026_ENL703,1112754,2026-05-05,ENL703,16173575,301,440
05052026_ENL703,1112831,2026-05-05,ENL703,16173575,301,440
19052026_ENL703,1112754,2026-05-19,ENL703,16240715,129,880
19052026_ENL703,1112573,2026-05-19,ENL703,16240715,129,880
20052026_ENL703,1112754,2026-05-20,ENL703,16245191,311,300
20052026_ENL703,1112573,2026-05-20,ENL703,16245191,311,300
28052026_ENL703,1112573,2026-05-28,ENL703,16275980,341,300
28052026_ENL703,311917,2026-05-28,ENL703,16275980,341,300
28052026_ENL703,1112573,2026-05-28,ENL703,16277654,341,440
28052026_ENL703,311917,2026-05-28,ENL703,16277654,341,440
28052026_ENL703,1112573,2026-05-28,ENL703,16278112,341,300
28052026_ENL703,311917,2026-05-28,ENL703,16278112,341,300
27052026_ENL702,1112657,2026-05-27,ENL702,16274902,341,315
27052026_ENL702,1112657,2026-05-27,ENL702,16274930,341,315
27052026_ENL702,1112657,2026-05-27,ENL702,16275325,341,300
27052026_ENL702,1112657,2026-05-27,ENL702,16275899,201,321
27052026_ENL702,1112657,2026-05-27,ENL702,16275654,341,316
27052026_ENL702,1112657,2026-05-27,ENL702,16276729,311,440
01052026_ENL329,31539,2026-05-01,ENL329,16144863,799,897
01052026_ENL329,511117,2026-05-01,ENL329,16144863,799,897
01052026_ENL329,31539,2026-05-01,ENL329,16126172,799,899
01052026_ENL329,511117,2026-05-01,ENL329,16126172,799,899
01052026_ENL329,31539,2026-05-01,ENL329,16159789,311,620
01052026_ENL329,511117,2026-05-01,ENL329,16159789,311,620
01052026_ENL329,31539,2026-05-01,ENL329,16156159,799,899
01052026_ENL329,511117,2026-05-01,ENL329,16156159,799,899
02052026_ENL329,31539,2026-05-02,ENL329,16162598,311,440
02052026_ENL329,511117,2026-05-02,ENL329,16162598,311,440
02052026_ENL329,31539,2026-05-02,ENL329,16162661,311,620
02052026_ENL329,511117,2026-05-02,ENL329,16162661,311,620
02052026_ENL329,31539,2026-05-02,ENL329,16163402,799,899
02052026_ENL329,511117,2026-05-02,ENL329,16163402,799,899
02052026_ENL329,31539,2026-05-02,ENL329,16163964,799,899
02052026_ENL329,511117,2026-05-02,ENL329,16163964,799,899
03052026_ENL329,31539,2026-05-03,ENL329,16166002,799,899
03052026_ENL329,511117,2026-05-03,ENL329,16166002,799,899
03052026_ENL329,31539,2026-05-03,ENL329,16166450,311,620
03052026_ENL329,511117,2026-05-03,ENL329,16166450,311,620
03052026_ENL329,31539,2026-05-03,ENL329,16165996,799,899
03052026_ENL329,511117,2026-05-03,ENL329,16165996,799,899
03052026_ENL329,31539,2026-05-03,ENL329,16167120,799,899
03052026_ENL329,511117,2026-05-03,ENL329,16167120,799,899
06052026_ENL329,31539,2026-05-06,ENL329,16178823,311,620
06052026_ENL329,511117,2026-05-06,ENL329,16178823,311,620
06052026_ENL329,31539,2026-05-06,ENL329,16178968,311,620
06052026_ENL329,511117,2026-05-06,ENL329,16178968,311,620
06052026_ENL329,31539,2026-05-06,ENL329,16178256,311,620
06052026_ENL329,511117,2026-05-06,ENL329,16178256,311,620
06052026_ENL329,31539,2026-05-06,ENL329,16179419,311,620
06052026_ENL329,511117,2026-05-06,ENL329,16179419,311,620
07052026_ENL329,31539,2026-05-07,ENL329,16182291,311,620
07052026_ENL329,511117,2026-05-07,ENL329,16182291,311,620
07052026_ENL329,31539,2026-05-07,ENL329,16183801,311,620
07052026_ENL329,511117,2026-05-07,ENL329,16183801,311,620
07052026_ENL329,31539,2026-05-07,ENL329,16182738,301,490
07052026_ENL329,511117,2026-05-07,ENL329,16182738,301,490
07052026_ENL329,31539,2026-05-07,ENL329,16183306,311,620
07052026_ENL329,511117,2026-05-07,ENL329,16183306,311,620
09052026_ENL329,31539,2026-05-09,ENL329,16192513,341,460
09052026_ENL329,511995,2026-05-09,ENL329,16192513,341,460
09052026_ENL329,31539,2026-05-09,ENL329,16192719,341,490
09052026_ENL329,511995,2026-05-09,ENL329,16192719,341,490
09052026_ENL329,31539,2026-05-09,ENL329,16192372,341,440
09052026_ENL329,511995,2026-05-09,ENL329,16192372,341,440
09052026_ENL329,31539,2026-05-09,ENL329,16192668,343,490
09052026_ENL329,511995,2026-05-09,ENL329,16192668,343,490
09052026_ENL329,31539,2026-05-09,ENL329,16193621,341,490
09052026_ENL329,511995,2026-05-09,ENL329,16193621,341,490
11052026_ENL329,31539,2026-05-11,ENL329,16200051,311,440
11052026_ENL329,511995,2026-05-11,ENL329,16200051,311,440
11052026_ENL329,511117,2026-05-11,ENL329,16200051,311,440
11052026_ENL329,31539,2026-05-11,ENL329,16200729,331,300
11052026_ENL329,511995,2026-05-11,ENL329,16200729,331,300
11052026_ENL329,511117,2026-05-11,ENL329,16200729,331,300
11052026_ENL329,31539,2026-05-11,ENL329,16201086,343,490
11052026_ENL329,511995,2026-05-11,ENL329,16201086,343,490
11052026_ENL329,511117,2026-05-11,ENL329,16201086,343,490
11052026_ENL329,31539,2026-05-11,ENL329,16201086,343,490
11052026_ENL329,511995,2026-05-11,ENL329,16201086,343,490
11052026_ENL329,511117,2026-05-11,ENL329,16201086,343,490
12052026_ENL329,31539,2026-05-12,ENL329,16206022,201,300
12052026_ENL329,511995,2026-05-12,ENL329,16206022,201,300
12052026_ENL329,31539,2026-05-12,ENL329,16208388,311,180
12052026_ENL329,511995,2026-05-12,ENL329,16208388,311,180
12052026_ENL329,31539,2026-05-12,ENL329,16208121,129,880
12052026_ENL329,511995,2026-05-12,ENL329,16208121,129,880
20052026_ENL329,31539,2026-05-20,ENL329,16245634,343,440
20052026_ENL329,511995,2026-05-20,ENL329,16245634,343,440
20052026_ENL329,31539,2026-05-20,ENL329,16247046,343,440
20052026_ENL329,511995,2026-05-20,ENL329,16247046,343,440
21052026_ENL329,511994,2026-05-21,ENL329,16251013,341,443
21052026_ENL329,511994,2026-05-21,ENL329,16251626,341,443
25052026_ENL329,511994,2026-05-25,ENL329,16266172,341,443
25052026_ENL329,511995,2026-05-25,ENL329,16266172,341,443
25052026_ENL329,511994,2026-05-25,ENL329,16266780,341,490
25052026_ENL329,511995,2026-05-25,ENL329,16266780,341,490
25052026_ENL329,511994,2026-05-25,ENL329,16266230,311,300
25052026_ENL329,511995,2026-05-25,ENL329,16266230,311,300
25052026_ENL329,511994,2026-05-25,ENL329,16268084,129,880
25052026_ENL329,511995,2026-05-25,ENL329,16268084,129,880
26052026_ENL329,511994,2026-05-26,ENL329,16272950,341,443
26052026_ENL329,511995,2026-05-26,ENL329,16272950,341,443
27052026_ENL329,31539,2026-05-27,ENL329,16275739,311,620
27052026_ENL329,511117,2026-05-27,ENL329,16275739,311,620
27052026_ENL329,31539,2026-05-27,ENL329,16275325,341,300
27052026_ENL329,511117,2026-05-27,ENL329,16275325,341,300
27052026_ENL329,31539,2026-05-27,ENL329,16276756,311,460
27052026_ENL329,511117,2026-05-27,ENL329,16276756,311,460
27052026_ENL329,31539,2026-05-27,ENL329,16276862,311,620
27052026_ENL329,511117,2026-05-27,ENL329,16276862,311,620
28052026_ENL329,31539,2026-05-28,ENL329,16281478,341,443
28052026_ENL329,511995,2026-05-28,ENL329,16281478,341,443
28052026_ENL329,31539,2026-05-28,ENL329,16281254,301,180
28052026_ENL329,511995,2026-05-28,ENL329,16281254,301,180
28052026_ENL329,31539,2026-05-28,ENL329,16281398,341,443
28052026_ENL329,511995,2026-05-28,ENL329,16281398,341,443
28052026_ENL329,31539,2026-05-28,ENL329,16282307,341,440
28052026_ENL329,511995,2026-05-28,ENL329,16282307,341,440
28052026_ENL329,31539,2026-05-28,ENL329,16281407,341,443
28052026_ENL329,511995,2026-05-28,ENL329,16281407,341,443
29052026_ENL329,31539,2026-05-29,ENL329,16286387,311,440
29052026_ENL329,511995,2026-05-29,ENL329,16286387,311,440
01052026_ENL325,511130,2026-05-01,ENL325,16161203,799,897
01052026_ENL325,511161,2026-05-01,ENL325,16161203,799,897
02052026_ENL325,511130,2026-05-02,ENL325,16164469,799,897
02052026_ENL325,511161,2026-05-02,ENL325,16164469,799,897
02052026_ENL325,511130,2026-05-02,ENL325,16164851,301,180
02052026_ENL325,511161,2026-05-02,ENL325,16164851,301,180
03052026_ENL325,511130,2026-05-03,ENL325,16167223,312,300
03052026_ENL325,511161,2026-05-03,ENL325,16167223,312,300
03052026_ENL325,511130,2026-05-03,ENL325,16167422,342,300
03052026_ENL325,511161,2026-05-03,ENL325,16167422,342,300
03052026_ENL325,511130,2026-05-03,ENL325,16167537,342,300
03052026_ENL325,511161,2026-05-03,ENL325,16167537,342,300
06052026_ENL325,511130,2026-05-06,ENL325,16179338,341,300
06052026_ENL325,511161,2026-05-06,ENL325,16179338,341,300
06052026_ENL325,511130,2026-05-06,ENL325,16180120,342,300
06052026_ENL325,511161,2026-05-06,ENL325,16180120,342,300
06052026_ENL325,511130,2026-05-06,ENL325,16179492,129,880
06052026_ENL325,511161,2026-05-06,ENL325,16179492,129,880
06052026_ENL325,511130,2026-05-06,ENL325,16180770,342,343
06052026_ENL325,511161,2026-05-06,ENL325,16180770,342,343
06052026_ENL325,511130,2026-05-06,ENL325,16180983,342,300
06052026_ENL325,511161,2026-05-06,ENL325,16180983,342,300
07052026_ENL325,511161,2026-05-07,ENL325,16185007,342,300
07052026_ENL325,511130,2026-05-07,ENL325,16185007,342,300
08052026_ENL325,511130,2026-05-08,ENL325,16190841,129,880
08052026_ENL325,511161,2026-05-08,ENL325,16190841,129,880
08052026_ENL325,511130,2026-05-08,ENL325,16190867,129,880
08052026_ENL325,511161,2026-05-08,ENL325,16190867,129,880
08052026_ENL325,511130,2026-05-08,ENL325,16190559,129,880
08052026_ENL325,511161,2026-05-08,ENL325,16190559,129,880
11052026_ENL325,511130,2026-05-11,ENL325,16201086,343,490
11052026_ENL325,511161,2026-05-11,ENL325,16201086,343,490
11052026_ENL325,511130,2026-05-11,ENL325,16202669,342,300
11052026_ENL325,511161,2026-05-11,ENL325,16202669,342,300
11052026_ENL325,511130,2026-05-11,ENL325,16202862,129,880
11052026_ENL325,511161,2026-05-11,ENL325,16202862,129,880
11052026_ENL325,511130,2026-05-11,ENL325,16203044,342,300
11052026_ENL325,511161,2026-05-11,ENL325,16203044,342,300
12052026_ENL325,511130,2026-05-12,ENL325,16207179,342,300
12052026_ENL325,511161,2026-05-12,ENL325,16207179,342,300
12052026_ENL325,511130,2026-05-12,ENL325,16209067,342,300
12052026_ENL325,511161,2026-05-12,ENL325,16209067,342,300
12052026_ENL325,511130,2026-05-12,ENL325,16210198,331,300
12052026_ENL325,511161,2026-05-12,ENL325,16210198,331,300
13052026_ENL325,511130,2026-05-13,ENL325,16215475,129,880
13052026_ENL325,511161,2026-05-13,ENL325,16215475,129,880
13052026_ENL325,511130,2026-05-13,ENL325,16215220,129,880
13052026_ENL325,511161,2026-05-13,ENL325,16215220,129,880
14052026_ENL325,511130,2026-05-14,ENL325,16220009,311,490
14052026_ENL325,511161,2026-05-14,ENL325,16220009,311,490
14052026_ENL325,511130,2026-05-14,ENL325,16221204,129,880
14052026_ENL325,511161,2026-05-14,ENL325,16221204,129,880
15052026_ENL325,512200,2026-05-15,ENL325,16223872,104,440
15052026_ENL325,512200,2026-05-15,ENL325,16226232,301,300
16052026_ENL325,511130,2026-05-16,ENL325,16228526,129,880
16052026_ENL325,511161,2026-05-16,ENL325,16228526,129,880
16052026_ENL325,511130,2026-05-16,ENL325,16229611,331,300
16052026_ENL325,511161,2026-05-16,ENL325,16229611,331,300
16052026_ENL325,511130,2026-05-16,ENL325,16228799,129,880
16052026_ENL325,511161,2026-05-16,ENL325,16228799,129,880
16052026_ENL325,511130,2026-05-16,ENL325,16229334,129,880
16052026_ENL325,511161,2026-05-16,ENL325,16229334,129,880
16052026_ENL325,511130,2026-05-16,ENL325,16229267,342,300
16052026_ENL325,511161,2026-05-16,ENL325,16229267,342,300
16052026_ENL325,511130,2026-05-16,ENL325,16230014,342,300
16052026_ENL325,511161,2026-05-16,ENL325,16230014,342,300
17052026_ENL325,511130,2026-05-17,ENL325,16233222,311,300
17052026_ENL325,511161,2026-05-17,ENL325,16233222,311,300
17052026_ENL325,511130,2026-05-17,ENL325,16233173,129,880
17052026_ENL325,511161,2026-05-17,ENL325,16233173,129,880
17052026_ENL325,511130,2026-05-17,ENL325,16233452,129,880
17052026_ENL325,511161,2026-05-17,ENL325,16233452,129,880
17052026_ENL325,511130,2026-05-17,ENL325,16233654,342,300
17052026_ENL325,511161,2026-05-17,ENL325,16233654,342,300
18052026_ENL325,511130,2026-05-18,ENL325,16238586,129,880
18052026_ENL325,511161,2026-05-18,ENL325,16238586,129,880
18052026_ENL325,511130,2026-05-18,ENL325,16238260,341,300
18052026_ENL325,511161,2026-05-18,ENL325,16238260,341,300
19052026_ENL325,511130,2026-05-19,ENL325,16243044,312,300
19052026_ENL325,511161,2026-05-19,ENL325,16243044,312,300
19052026_ENL325,511130,2026-05-19,ENL325,16242668,342,300
19052026_ENL325,511161,2026-05-19,ENL325,16242668,342,300
19052026_ENL325,511130,2026-05-19,ENL325,16242988,342,300
19052026_ENL325,511161,2026-05-19,ENL325,16242988,342,300
19052026_ENL325,511130,2026-05-19,ENL325,16243272,342,300
19052026_ENL325,511161,2026-05-19,ENL325,16243272,342,300
19052026_ENL325,511130,2026-05-19,ENL325,16243349,312,300
19052026_ENL325,511161,2026-05-19,ENL325,16243349,312,300
22052026_ENL325,511130,2026-05-22,ENL325,16256584,342,300
22052026_ENL325,511161,2026-05-22,ENL325,16256584,342,300
22052026_ENL325,511130,2026-05-22,ENL325,16257137,121,343
22052026_ENL325,511161,2026-05-22,ENL325,16257137,121,343
22052026_ENL325,511130,2026-05-22,ENL325,16256698,127,880
22052026_ENL325,511161,2026-05-22,ENL325,16256698,127,880
22052026_ENL325,511130,2026-05-22,ENL325,16257412,342,300
22052026_ENL325,511161,2026-05-22,ENL325,16257412,342,300
22052026_ENL325,511130,2026-05-22,ENL325,16257449,129,880
22052026_ENL325,511161,2026-05-22,ENL325,16257449,129,880
22052026_ENL325,511130,2026-05-22,ENL325,16256512,342,300
22052026_ENL325,511161,2026-05-22,ENL325,16256512,342,300
23052026_ENL325,511130,2026-05-23,ENL325,16258951,129,880
23052026_ENL325,511161,2026-05-23,ENL325,16258951,129,880
23052026_ENL325,511130,2026-05-23,ENL325,16260569,342,300
23052026_ENL325,511161,2026-05-23,ENL325,16260569,342,300
23052026_ENL325,511130,2026-05-23,ENL325,16261076,312,300
23052026_ENL325,511161,2026-05-23,ENL325,16261076,312,300
23052026_ENL325,511130,2026-05-23,ENL325,16260908,129,880
23052026_ENL325,511161,2026-05-23,ENL325,16260908,129,880
23052026_ENL325,511130,2026-05-23,ENL325,16260712,331,146
23052026_ENL325,511161,2026-05-23,ENL325,16260712,331,146
24052026_ENL325,511130,2026-05-24,ENL325,16263585,312,300
24052026_ENL325,511161,2026-05-24,ENL325,16263585,312,300
24052026_ENL325,511130,2026-05-24,ENL325,16263764,129,880
24052026_ENL325,511161,2026-05-24,ENL325,16263764,129,880
24052026_ENL325,511130,2026-05-24,ENL325,16264358,799,897
24052026_ENL325,511161,2026-05-24,ENL325,16264358,799,897
24052026_ENL325,511130,2026-05-24,ENL325,16264375,342,300
24052026_ENL325,511161,2026-05-24,ENL325,16264375,342,300
24052026_ENL325,511130,2026-05-24,ENL325,16264493,799,897
24052026_ENL325,511161,2026-05-24,ENL325,16264493,799,897
24052026_ENL325,511130,2026-05-24,ENL325,16264511,301,180
24052026_ENL325,511161,2026-05-24,ENL325,16264511,301,180
24052026_ENL325,511130,2026-05-24,ENL325,16264570,799,897
24052026_ENL325,511161,2026-05-24,ENL325,16264570,799,897
25052026_ENL325,51601,2026-05-25,ENL325,16268910,312,10
25052026_ENL325,1112844,2026-05-25,ENL325,16268910,312,10
25052026_ENL325,51601,2026-05-25,ENL325,16268920,312,10
25052026_ENL325,1112844,2026-05-25,ENL325,16268920,312,10
25052026_ENL325,51601,2026-05-25,ENL325,16269308,342,300
25052026_ENL325,1112844,2026-05-25,ENL325,16269308,342,300
25052026_ENL325,51601,2026-05-25,ENL325,16266457,312,10
25052026_ENL325,1112844,2026-05-25,ENL325,16266457,312,10
26052026_ENL325,1112844,2026-05-26,ENL325,16273599,129,880
26052026_ENL325,1112844,2026-05-26,ENL325,16270608,381,890
26052026_ENL325,1112844,2026-05-26,ENL325,16274066,311,620
26052026_ENL325,1112844,2026-05-26,ENL325,16274216,311,620
26052026_ENL325,1112844,2026-05-26,ENL325,16272158,341,620
27052026_ENL325,511130,2026-05-27,ENL325,16279101,127,880
27052026_ENL325,511161,2026-05-27,ENL325,16279101,127,880
27052026_ENL325,511130,2026-05-27,ENL325,16278877,342,343
27052026_ENL325,511161,2026-05-27,ENL325,16278877,342,343
27052026_ENL325,511130,2026-05-27,ENL325,16277143,312,300
27052026_ENL325,511161,2026-05-27,ENL325,16277143,312,300
27052026_ENL325,511130,2026-05-27,ENL325,16279303,129,880
27052026_ENL325,511161,2026-05-27,ENL325,16279303,129,880
27052026_ENL325,511130,2026-05-27,ENL325,16278985,312,300
27052026_ENL325,511161,2026-05-27,ENL325,16278985,312,300
28052026_ENL325,511130,2026-05-28,ENL325,16283093,342,343
28052026_ENL325,511161,2026-05-28,ENL325,16283093,342,343
28052026_ENL325,511130,2026-05-28,ENL325,16283836,342,300
28052026_ENL325,511161,2026-05-28,ENL325,16283836,342,300
28052026_ENL325,511130,2026-05-28,ENL325,16283913,331,300
28052026_ENL325,511161,2026-05-28,ENL325,16283913,331,300
28052026_ENL325,511130,2026-05-28,ENL325,16284425,312,300
28052026_ENL325,511161,2026-05-28,ENL325,16284425,312,300
29052026_ENL325,511130,2026-05-29,ENL325,16288487,342,300
29052026_ENL325,511161,2026-05-29,ENL325,16288487,342,300
29052026_ENL325,511130,2026-05-29,ENL325,16288661,342,300
29052026_ENL325,511161,2026-05-29,ENL325,16288661,342,300
29052026_ENL325,511130,2026-05-29,ENL325,16288550,342,300
29052026_ENL325,511161,2026-05-29,ENL325,16288550,342,300
29052026_ENL325,511130,2026-05-29,ENL325,16288742,342,300
29052026_ENL325,511161,2026-05-29,ENL325,16288742,342,300
29052026_ENL325,511130,2026-05-29,ENL325,16288819,129,880
29052026_ENL325,511161,2026-05-29,ENL325,16288819,129,880
29052026_ENL325,511130,2026-05-29,ENL325,16288843,129,880
29052026_ENL325,511161,2026-05-29,ENL325,16288843,129,880
29052026_ENL325,511130,2026-05-29,ENL325,16288777,311,490
29052026_ENL325,511161,2026-05-29,ENL325,16288777,311,490
30052026_ENL325,512179,2026-05-30,ENL325,16291879,342,343
30052026_ENL325,1112773,2026-05-30,ENL325,16291879,342,343
30052026_ENL325,512179,2026-05-30,ENL325,16292067,799,897
30052026_ENL325,1112773,2026-05-30,ENL325,16292067,799,897
31052026_ENL325,512109,2026-05-31,ENL325,16294326,342,343
31052026_ENL325,512109,2026-05-31,ENL325,16294490,341,440
31052026_ENL325,512109,2026-05-31,ENL325,16294628,201,20
01052026_ENL321,1112847,2026-05-01,ENL321,16159636,341,300
01052026_ENL321,51412,2026-05-01,ENL321,16159636,341,300
01052026_ENL321,1112847,2026-05-01,ENL321,16157891,341,300
01052026_ENL321,51412,2026-05-01,ENL321,16157891,341,300
01052026_ENL321,1112847,2026-05-01,ENL321,16160518,301,300
01052026_ENL321,51412,2026-05-01,ENL321,16160518,301,300
01052026_ENL321,1112847,2026-05-01,ENL321,16160771,341,300
01052026_ENL321,51412,2026-05-01,ENL321,16160771,341,300
02052026_ENL321,51412,2026-05-02,ENL321,16162590,799,897
02052026_ENL321,1112847,2026-05-02,ENL321,16162590,799,897
02052026_ENL321,51412,2026-05-02,ENL321,16162597,799,897
02052026_ENL321,1112847,2026-05-02,ENL321,16162597,799,897
03052026_ENL321,51412,2026-05-03,ENL321,16165866,341,300
03052026_ENL321,1112847,2026-05-03,ENL321,16165866,341,300
03052026_ENL321,51412,2026-05-03,ENL321,16166719,311,490
03052026_ENL321,1112847,2026-05-03,ENL321,16166719,311,490
06052026_ENL321,51412,2026-05-06,ENL321,16179397,341,300
06052026_ENL321,1112847,2026-05-06,ENL321,16179397,341,300
06052026_ENL321,51412,2026-05-06,ENL321,16180245,129,880
06052026_ENL321,1112847,2026-05-06,ENL321,16180245,129,880
06052026_ENL321,51412,2026-05-06,ENL321,16179802,301,300
06052026_ENL321,1112847,2026-05-06,ENL321,16179802,301,300
07052026_ENL321,51412,2026-05-07,ENL321,16182398,311,490
07052026_ENL321,1112847,2026-05-07,ENL321,16182398,311,490
07052026_ENL321,51412,2026-05-07,ENL321,16182586,341,300
07052026_ENL321,1112847,2026-05-07,ENL321,16182586,341,300
08052026_ENL321,51412,2026-05-08,ENL321,16189384,311,440
08052026_ENL321,1112847,2026-05-08,ENL321,16189384,311,440
08052026_ENL321,51412,2026-05-08,ENL321,16189419,301,300
08052026_ENL321,1112847,2026-05-08,ENL321,16189419,301,300
13052026_ENL321,51412,2026-05-13,ENL321,16214191,311,490
13052026_ENL321,1112847,2026-05-13,ENL321,16214191,311,490
13052026_ENL321,51412,2026-05-13,ENL321,16214167,341,300
13052026_ENL321,1112847,2026-05-13,ENL321,16214167,341,300
14052026_ENL321,51412,2026-05-14,ENL321,16218505,311,490
14052026_ENL321,1112847,2026-05-14,ENL321,16218505,311,490
16052026_ENL321,51412,2026-05-16,ENL321,16228750,301,300
16052026_ENL321,1112847,2026-05-16,ENL321,16228750,301,300
16052026_ENL321,51412,2026-05-16,ENL321,16228786,341,300
16052026_ENL321,1112847,2026-05-16,ENL321,16228786,341,300
16052026_ENL321,51412,2026-05-16,ENL321,16228770,311,490
16052026_ENL321,1112847,2026-05-16,ENL321,16228770,311,490
16052026_ENL321,51412,2026-05-16,ENL321,16229079,341,300
16052026_ENL321,1112847,2026-05-16,ENL321,16229079,341,300
18052026_ENL321,511111,2026-05-18,ENL321,16235606,343,300
18052026_ENL321,511145,2026-05-18,ENL321,16235606,343,300
18052026_ENL321,511111,2026-05-18,ENL321,16237559,311,490
18052026_ENL321,511145,2026-05-18,ENL321,16237559,311,490
18052026_ENL321,511111,2026-05-18,ENL321,16237836,343,300
18052026_ENL321,511145,2026-05-18,ENL321,16237836,343,300
19052026_ENL321,51412,2026-05-19,ENL321,16241808,341,300
19052026_ENL321,1112847,2026-05-19,ENL321,16241808,341,300
19052026_ENL321,51412,2026-05-19,ENL321,16241880,311,490
19052026_ENL321,1112847,2026-05-19,ENL321,16241880,311,490
19052026_ENL321,51412,2026-05-19,ENL321,16242563,341,300
19052026_ENL321,1112847,2026-05-19,ENL321,16242563,341,300
22052026_ENL321,51412,2026-05-22,ENL321,16255095,341,300
22052026_ENL321,1112847,2026-05-22,ENL321,16255095,341,300
22052026_ENL321,51412,2026-05-22,ENL321,16255779,311,300
22052026_ENL321,1112847,2026-05-22,ENL321,16255779,311,300
22052026_ENL321,51412,2026-05-22,ENL321,16256813,341,300
22052026_ENL321,1112847,2026-05-22,ENL321,16256813,341,300
23052026_ENL321,51412,2026-05-23,ENL321,16168529,799,897
23052026_ENL321,1112847,2026-05-23,ENL321,16168529,799,897
23052026_ENL321,51412,2026-05-23,ENL321,16259824,311,300
23052026_ENL321,1112847,2026-05-23,ENL321,16259824,311,300
23052026_ENL321,51412,2026-05-23,ENL321,16259974,311,10
23052026_ENL321,1112847,2026-05-23,ENL321,16259974,311,10
24052026_ENL321,51412,2026-05-24,ENL321,16262638,312,180
24052026_ENL321,1112847,2026-05-24,ENL321,16262638,312,180
24052026_ENL321,51412,2026-05-24,ENL321,16263801,301,300
24052026_ENL321,1112847,2026-05-24,ENL321,16263801,301,300
27052026_ENL321,51412,2026-05-27,ENL321,16276113,341,300
27052026_ENL321,1112847,2026-05-27,ENL321,16276113,341,300
27052026_ENL321,51412,2026-05-27,ENL321,16275136,341,300
27052026_ENL321,1112847,2026-05-27,ENL321,16275136,341,300
27052026_ENL321,51412,2026-05-27,ENL321,16277953,311,300
27052026_ENL321,1112847,2026-05-27,ENL321,16277953,311,300
27052026_ENL321,51412,2026-05-27,ENL321,16276580,341,300
27052026_ENL321,1112847,2026-05-27,ENL321,16276580,341,300
28052026_ENL321,51412,2026-05-28,ENL321,16279585,341,300
28052026_ENL321,1112847,2026-05-28,ENL321,16279585,341,300
28052026_ENL321,51412,2026-05-28,ENL321,16280747,341,300
28052026_ENL321,1112847,2026-05-28,ENL321,16280747,341,300
28052026_ENL321,51412,2026-05-28,ENL321,16283129,341,300
28052026_ENL321,1112847,2026-05-28,ENL321,16283129,341,300
29052026_ENL321,51412,2026-05-29,ENL321,16286744,799,897
29052026_ENL321,1112847,2026-05-29,ENL321,16286744,799,897
29052026_ENL321,51412,2026-05-29,ENL321,16287260,311,490
29052026_ENL321,1112847,2026-05-29,ENL321,16287260,311,490
29052026_ENL321,51412,2026-05-29,ENL321,16288485,341,300
29052026_ENL321,1112847,2026-05-29,ENL321,16288485,341,300
01052026_ENL320,311891,2026-05-01,ENL320,16077676,799,899
01052026_ENL320,1112834,2026-05-01,ENL320,16077676,799,899
01052026_ENL320,311891,2026-05-01,ENL320,16159334,125,880
01052026_ENL320,1112834,2026-05-01,ENL320,16159334,125,880
01052026_ENL320,311891,2026-05-01,ENL320,16160400,312,300
01052026_ENL320,1112834,2026-05-01,ENL320,16160400,312,300
01052026_ENL320,311891,2026-05-01,ENL320,16160708,342,343
01052026_ENL320,1112834,2026-05-01,ENL320,16160708,342,343
02052026_ENL320,311891,2026-05-02,ENL320,16163334,312,300
02052026_ENL320,1112834,2026-05-02,ENL320,16163334,312,300
02052026_ENL320,311891,2026-05-02,ENL320,16162580,799,899
02052026_ENL320,1112834,2026-05-02,ENL320,16162580,799,899
02052026_ENL320,311891,2026-05-02,ENL320,16163953,799,899
02052026_ENL320,1112834,2026-05-02,ENL320,16163953,799,899
03052026_ENL320,311891,2026-05-03,ENL320,16166413,312,300
03052026_ENL320,1112834,2026-05-03,ENL320,16166413,312,300
03052026_ENL320,311891,2026-05-03,ENL320,16163854,799,899
03052026_ENL320,1112834,2026-05-03,ENL320,16163854,799,899
03052026_ENL320,311891,2026-05-03,ENL320,16166976,799,899
03052026_ENL320,1112834,2026-05-03,ENL320,16166976,799,899
03052026_ENL320,311891,2026-05-03,ENL320,16166716,342,300
03052026_ENL320,1112834,2026-05-03,ENL320,16166716,342,300
05052026_ENL320,511145,2026-05-05,ENL320,16174157,311,300
05052026_ENL320,511145,2026-05-05,ENL320,16174771,341,300
05052026_ENL320,511145,2026-05-05,ENL320,16174960,341,300
05052026_ENL320,511145,2026-05-05,ENL320,16174437,341,300
05052026_ENL320,511145,2026-05-05,ENL320,16175084,312,300
06052026_ENL320,311891,2026-05-06,ENL320,16178536,312,300
06052026_ENL320,1112834,2026-05-06,ENL320,16178536,312,300
06052026_ENL320,311891,2026-05-06,ENL320,16179583,121,343
06052026_ENL320,1112834,2026-05-06,ENL320,16179583,121,343
19052026_ENL320,511111,2026-05-19,ENL320,16241526,311,490
19052026_ENL320,511145,2026-05-19,ENL320,16241526,311,490
19052026_ENL320,511111,2026-05-19,ENL320,16241913,311,440
19052026_ENL320,511145,2026-05-19,ENL320,16241913,311,440
19052026_ENL320,511111,2026-05-19,ENL320,16242104,311,490
19052026_ENL320,511145,2026-05-19,ENL320,16242104,311,490
19052026_ENL320,511111,2026-05-19,ENL320,16242072,121,343
19052026_ENL320,511145,2026-05-19,ENL320,16242072,121,343
01052026_ENL319,511995,2026-05-01,ENL319,16157423,381,890
01052026_ENL319,511994,2026-05-01,ENL319,16157423,381,890
01052026_ENL319,511995,2026-05-01,ENL319,16159200,341,443
01052026_ENL319,511994,2026-05-01,ENL319,16159200,341,443
01052026_ENL319,511995,2026-05-01,ENL319,16159769,341,490
01052026_ENL319,511994,2026-05-01,ENL319,16159769,341,490
04052026_ENL319,511995,2026-05-04,ENL319,16169877,341,490
04052026_ENL319,511994,2026-05-04,ENL319,16169877,341,490
04052026_ENL319,511995,2026-05-04,ENL319,16169080,321,490
04052026_ENL319,511994,2026-05-04,ENL319,16169080,321,490
04052026_ENL319,511995,2026-05-04,ENL319,16169993,341,443
04052026_ENL319,511994,2026-05-04,ENL319,16169993,341,443
05052026_ENL319,511994,2026-05-05,ENL319,16173842,341,490
05052026_ENL319,511995,2026-05-05,ENL319,16173842,341,490
05052026_ENL319,511994,2026-05-05,ENL319,16174340,341,490
05052026_ENL319,511995,2026-05-05,ENL319,16174340,341,490
05052026_ENL319,511994,2026-05-05,ENL319,16174828,341,443
05052026_ENL319,511995,2026-05-05,ENL319,16174828,341,443
06052026_ENL319,511995,2026-05-06,ENL319,16178299,343,440
06052026_ENL319,511994,2026-05-06,ENL319,16178299,343,440
06052026_ENL319,511995,2026-05-06,ENL319,16179017,343,490
06052026_ENL319,511994,2026-05-06,ENL319,16179017,343,490
11052026_ENL319,511994,2026-05-11,ENL319,16200622,341,490
11052026_ENL319,511994,2026-05-11,ENL319,16200964,311,490
11052026_ENL319,511994,2026-05-11,ENL319,16201086,343,490
15052026_ENL319,511994,2026-05-15,ENL319,16223302,341,443
15052026_ENL319,511995,2026-05-15,ENL319,16223302,341,443
15052026_ENL319,511994,2026-05-15,ENL319,16223910,341,443
15052026_ENL319,511995,2026-05-15,ENL319,16223910,341,443
15052026_ENL319,511994,2026-05-15,ENL319,16224781,341,443
15052026_ENL319,511995,2026-05-15,ENL319,16224781,341,443
15052026_ENL319,511994,2026-05-15,ENL319,16225005,311,490
15052026_ENL319,511995,2026-05-15,ENL319,16225005,311,490
16052026_ENL319,511994,2026-05-16,ENL319,16227888,799,897
16052026_ENL319,511995,2026-05-16,ENL319,16227888,799,897
16052026_ENL319,511994,2026-05-16,ENL319,16224457,799,897
16052026_ENL319,511995,2026-05-16,ENL319,16224457,799,897
16052026_ENL319,511994,2026-05-16,ENL319,16228369,341,443
16052026_ENL319,511995,2026-05-16,ENL319,16228369,341,443
16052026_ENL319,511994,2026-05-16,ENL319,16228511,311,440
16052026_ENL319,511995,2026-05-16,ENL319,16228511,311,440
17052026_ENL319,511994,2026-05-17,ENL319,16231705,341,443
17052026_ENL319,511995,2026-05-17,ENL319,16231705,341,443
17052026_ENL319,511994,2026-05-17,ENL319,16232118,341,443
17052026_ENL319,511995,2026-05-17,ENL319,16232118,341,443
17052026_ENL319,511994,2026-05-17,ENL319,16232345,341,443
17052026_ENL319,511995,2026-05-17,ENL319,16232345,341,443
04052026_ENL317,311432,2026-05-04,ENL317,16168908,343,440
04052026_ENL317,311432,2026-05-04,ENL317,16170335,311,440
04052026_ENL317,311432,2026-05-04,ENL317,16170618,341,490
04052026_ENL317,311432,2026-05-04,ENL317,16171075,341,440
08052026_ENL317,311926,2026-05-08,ENL317,16188687,341,490
08052026_ENL317,311926,2026-05-08,ENL317,16188539,311,440
08052026_ENL317,311926,2026-05-08,ENL317,16189665,311,490
20052026_ENL317,311619,2026-05-20,ENL317,16245969,341,490
20052026_ENL317,311432,2026-05-20,ENL317,16245969,341,490
20052026_ENL317,311619,2026-05-20,ENL317,16246349,341,620
20052026_ENL317,311432,2026-05-20,ENL317,16246349,341,620
20052026_ENL317,311619,2026-05-20,ENL317,16246841,311,440
20052026_ENL317,311432,2026-05-20,ENL317,16246841,311,440
21052026_ENL317,311432,2026-05-21,ENL317,16245767,311,440
21052026_ENL317,511105,2026-05-21,ENL317,16245767,311,440
21052026_ENL317,311432,2026-05-21,ENL317,16250950,341,490
21052026_ENL317,511105,2026-05-21,ENL317,16250950,341,490
21052026_ENL317,311432,2026-05-21,ENL317,16251795,342,343
21052026_ENL317,511105,2026-05-21,ENL317,16251795,342,343
23052026_ENL317,311926,2026-05-23,ENL317,16259007,341,490
23052026_ENL317,311926,2026-05-23,ENL317,16258701,341,490
23052026_ENL317,311926,2026-05-23,ENL317,16167105,799,899
23052026_ENL317,311926,2026-05-23,ENL317,16258869,341,620
25052026_ENL317,311432,2026-05-25,ENL317,16265567,311,440
25052026_ENL317,1112310,2026-05-25,ENL317,16265567,311,440
25052026_ENL317,311432,2026-05-25,ENL317,16267488,341,490
25052026_ENL317,1112310,2026-05-25,ENL317,16267488,341,490
25052026_ENL317,311432,2026-05-25,ENL317,16267739,311,440
25052026_ENL317,1112310,2026-05-25,ENL317,16267739,311,440
29052026_ENL317,1112309,2026-05-29,ENL317,16286953,129,880
29052026_ENL317,1112309,2026-05-29,ENL317,16287814,341,300
29052026_ENL317,1112309,2026-05-29,ENL317,16287797,341,620
30052026_ENL317,311432,2026-05-30,ENL317,16289832,312,300
30052026_ENL317,311432,2026-05-30,ENL317,16290524,343,460
30052026_ENL317,311432,2026-05-30,ENL317,16290714,341,490
30052026_ENL317,311432,2026-05-30,ENL317,16291060,311,440
31052026_ENL317,311432,2026-05-31,ENL317,16282196,799,897
31052026_ENL317,311432,2026-05-31,ENL317,16293168,312,325
31052026_ENL317,311432,2026-05-31,ENL317,16293839,311,440
30052026_ENL315,311410,2026-05-30,ENL315,16288742,342,300
30052026_ENL315,311410,2026-05-30,ENL315,16289702,343,440
30052026_ENL315,311410,2026-05-30,ENL315,16289832,312,300
30052026_ENL315,311410,2026-05-30,ENL315,16290547,799,897
31052026_ENL315,311874,2026-05-31,ENL315,16291647,799,897
31052026_ENL315,512050,2026-05-31,ENL315,16291647,799,897
31052026_ENL315,311874,2026-05-31,ENL315,16291695,799,897
31052026_ENL315,512050,2026-05-31,ENL315,16291695,799,897
31052026_ENL315,311874,2026-05-31,ENL315,16290662,799,897
31052026_ENL315,512050,2026-05-31,ENL315,16290662,799,897
31052026_ENL315,311874,2026-05-31,ENL315,16293094,311,620
31052026_ENL315,512050,2026-05-31,ENL315,16293094,311,620
16052026_ENL314,311592,2026-05-16,ENL314,16226885,311,440
16052026_ENL314,311906,2026-05-16,ENL314,16226885,311,440
16052026_ENL314,311592,2026-05-16,ENL314,16227375,799,897
16052026_ENL314,311906,2026-05-16,ENL314,16227375,799,897
16052026_ENL314,311592,2026-05-16,ENL314,16227740,799,897
16052026_ENL314,311906,2026-05-16,ENL314,16227740,799,897
16052026_ENL314,311592,2026-05-16,ENL314,16224294,799,897
16052026_ENL314,311906,2026-05-16,ENL314,16224294,799,897
17052026_ENL314,3144,2026-05-17,ENL314,16230782,341,620
17052026_ENL314,311081,2026-05-17,ENL314,16230782,341,620
17052026_ENL314,3144,2026-05-17,ENL314,16230935,311,440
17052026_ENL314,311081,2026-05-17,ENL314,16230935,311,440
17052026_ENL314,3144,2026-05-17,ENL314,16231236,311,10
17052026_ENL314,311081,2026-05-17,ENL314,16231236,311,10
17052026_ENL314,3144,2026-05-17,ENL314,16231705,341,443
17052026_ENL314,311081,2026-05-17,ENL314,16231705,341,443
17052026_ENL314,3144,2026-05-17,ENL314,16224224,799,897
17052026_ENL314,311081,2026-05-17,ENL314,16224224,799,897
16052026_ENL313,1112262,2026-05-16,ENL313,16226860,799,897
16052026_ENL313,311826,2026-05-16,ENL313,16226860,799,897
16052026_ENL313,1112262,2026-05-16,ENL313,16227260,799,897
16052026_ENL313,311826,2026-05-16,ENL313,16227260,799,897
16052026_ENL313,1112262,2026-05-16,ENL313,16227555,799,897
16052026_ENL313,311826,2026-05-16,ENL313,16227555,799,897
16052026_ENL313,1112262,2026-05-16,ENL313,16227898,799,897
16052026_ENL313,311826,2026-05-16,ENL313,16227898,799,897
17052026_ENL313,31305,2026-05-17,ENL313,16230654,311,620
17052026_ENL313,31275,2026-05-17,ENL313,16230654,311,620
17052026_ENL313,31305,2026-05-17,ENL313,16231102,311,620
17052026_ENL313,31275,2026-05-17,ENL313,16231102,311,620
17052026_ENL313,31305,2026-05-17,ENL313,16224235,799,899
17052026_ENL313,31275,2026-05-17,ENL313,16224235,799,899
17052026_ENL313,31305,2026-05-17,ENL313,16224209,799,899
17052026_ENL313,31275,2026-05-17,ENL313,16224209,799,899
30052026_ENL313,311816,2026-05-30,ENL313,16280198,799,897
30052026_ENL313,311817,2026-05-30,ENL313,16280198,799,897
30052026_ENL313,311605,2026-05-30,ENL313,16280198,799,897
30052026_ENL313,311816,2026-05-30,ENL313,16289496,311,311
30052026_ENL313,311817,2026-05-30,ENL313,16289496,311,311
30052026_ENL313,311605,2026-05-30,ENL313,16289496,311,311
30052026_ENL313,311816,2026-05-30,ENL313,16287546,799,897
30052026_ENL313,311817,2026-05-30,ENL313,16287546,799,897
30052026_ENL313,311605,2026-05-30,ENL313,16287546,799,897
31052026_ENL313,311456,2026-05-31,ENL313,16290616,311,440
31052026_ENL313,311081,2026-05-31,ENL313,16290616,311,440
31052026_ENL313,311456,2026-05-31,ENL313,16291907,342,300
31052026_ENL313,311081,2026-05-31,ENL313,16291907,342,300
31052026_ENL313,311456,2026-05-31,ENL313,16263660,799,897
31052026_ENL313,311081,2026-05-31,ENL313,16263660,799,897
31052026_ENL313,311456,2026-05-31,ENL313,16293257,799,897
31052026_ENL313,311081,2026-05-31,ENL313,16293257,799,897
02052026_ENL312,311682,2026-05-02,ENL312,16161930,311,300
02052026_ENL312,31899,2026-05-02,ENL312,16161930,311,300
02052026_ENL312,311682,2026-05-02,ENL312,16162009,311,440
02052026_ENL312,31899,2026-05-02,ENL312,16162009,311,440
02052026_ENL312,311682,2026-05-02,ENL312,16162284,125,880
02052026_ENL312,31899,2026-05-02,ENL312,16162284,125,880
02052026_ENL312,311682,2026-05-02,ENL312,16162637,799,897
02052026_ENL312,31899,2026-05-02,ENL312,16162637,799,897
16052026_ENL312,311430,2026-05-16,ENL312,16226961,799,897
16052026_ENL312,311594,2026-05-16,ENL312,16226961,799,897
16052026_ENL312,311430,2026-05-16,ENL312,16227245,301,620
16052026_ENL312,311594,2026-05-16,ENL312,16227245,301,620
16052026_ENL312,311430,2026-05-16,ENL312,16224258,799,897
16052026_ENL312,311594,2026-05-16,ENL312,16224258,799,897
17052026_ENL312,1112314,2026-05-17,ENL312,16230425,312,300
17052026_ENL312,311875,2026-05-17,ENL312,16230425,312,300
17052026_ENL312,1112314,2026-05-17,ENL312,16230718,312,300
17052026_ENL312,311875,2026-05-17,ENL312,16230718,312,300
17052026_ENL312,1112314,2026-05-17,ENL312,16230962,312,300
17052026_ENL312,311875,2026-05-17,ENL312,16230962,312,300
17052026_ENL312,1112314,2026-05-17,ENL312,16230955,312,300
17052026_ENL312,311875,2026-05-17,ENL312,16230955,312,300
17052026_ENL312,1112314,2026-05-17,ENL312,16231104,311,10
17052026_ENL312,311875,2026-05-17,ENL312,16231104,311,10
17052026_ENL312,1112314,2026-05-17,ENL312,16231707,312,300
17052026_ENL312,311875,2026-05-17,ENL312,16231707,312,300
17052026_ENL312,1112314,2026-05-17,ENL312,16224243,799,897
17052026_ENL312,311875,2026-05-17,ENL312,16224243,799,897
30052026_ENL312,311592,2026-05-30,ENL312,16276336,799,897
30052026_ENL312,311906,2026-05-30,ENL312,16276336,799,897
30052026_ENL312,311592,2026-05-30,ENL312,16289605,311,10
30052026_ENL312,311906,2026-05-30,ENL312,16289605,311,10
30052026_ENL312,311592,2026-05-30,ENL312,16289755,311,10
30052026_ENL312,311906,2026-05-30,ENL312,16289755,311,10
30052026_ENL312,311592,2026-05-30,ENL312,16280220,799,897
30052026_ENL312,311906,2026-05-30,ENL312,16280220,799,897
31052026_ENL312,1112262,2026-05-31,ENL312,16291615,799,897
31052026_ENL312,311826,2026-05-31,ENL312,16291615,799,897
31052026_ENL312,1112262,2026-05-31,ENL312,16291339,799,897
31052026_ENL312,311826,2026-05-31,ENL312,16291339,799,897
31052026_ENL312,1112262,2026-05-31,ENL312,16292527,311,300
31052026_ENL312,311826,2026-05-31,ENL312,16292527,311,300
31052026_ENL312,1112262,2026-05-31,ENL312,16292694,342,343
31052026_ENL312,311826,2026-05-31,ENL312,16292694,342,343
25052026_ENL304,311917,2026-05-25,ENL304,16265176,342,300
29052026_ENL302,511113,2026-05-29,ENL302,16284621,201,440
29052026_ENL302,511112,2026-05-29,ENL302,16284621,201,440
27052026_ENL211,512164,2026-05-27,ENL211,16275899,201,321
27052026_ENL211,512139,2026-05-27,ENL211,16275899,201,321
28052026_ENL211,512164,2026-05-28,ENL211,16282083,301,180
30052026_ENL211,31634,2026-05-30,ENL211,16291337,301,490
02052026_ENL210,51394,2026-05-02,ENL210,16162191,301,490
02052026_ENL210,1112462,2026-05-02,ENL210,16162191,301,490
06052026_ENL210,1112462,2026-05-06,ENL210,16177445,301,490
06052026_ENL210,51394,2026-05-06,ENL210,16177445,301,490
19052026_ENL210,,2026-05-19,ENL210,16239682,201,490
08052026_ENL203,311743,2026-05-08,ENL203,16188577,312,300
08052026_ENL203,311319,2026-05-08,ENL203,16188577,312,300
29052026_ENL202,311736,2026-05-29,ENL202,16285245,342,311
29052026_ENL202,1112587,2026-05-29,ENL202,16285245,342,311
01052026_ENL169,1112479,2026-05-01,ENL169,16160969,799,897
01052026_ENL169,1112478,2026-05-01,ENL169,16160969,799,897
01052026_ENL169,1112479,2026-05-01,ENL169,16161191,342,343
01052026_ENL169,1112478,2026-05-01,ENL169,16161191,342,343
01052026_ENL169,1112479,2026-05-01,ENL169,16161555,301,490
01052026_ENL169,1112478,2026-05-01,ENL169,16161555,301,490
04052026_ENL169,1112479,2026-05-04,ENL169,16171496,129,880
04052026_ENL169,1112478,2026-05-04,ENL169,16171496,129,880
04052026_ENL169,1112479,2026-05-04,ENL169,16171690,311,440
04052026_ENL169,1112478,2026-05-04,ENL169,16171690,311,440
04052026_ENL169,1112479,2026-05-04,ENL169,16171580,311,490
04052026_ENL169,1112478,2026-05-04,ENL169,16171580,311,490
04052026_ENL169,1112479,2026-05-04,ENL169,16171889,311,490
04052026_ENL169,1112478,2026-05-04,ENL169,16171889,311,490
07052026_ENL169,1112479,2026-05-07,ENL169,16183695,311,490
07052026_ENL169,1112343,2026-05-07,ENL169,16183695,311,490
07052026_ENL169,1112479,2026-05-07,ENL169,16184541,331,180
07052026_ENL169,1112343,2026-05-07,ENL169,16184541,331,180
07052026_ENL169,1112479,2026-05-07,ENL169,16186425,331,180
07052026_ENL169,1112343,2026-05-07,ENL169,16186425,331,180
07052026_ENL169,1112479,2026-05-07,ENL169,16184897,341,440
07052026_ENL169,1112343,2026-05-07,ENL169,16184897,341,440
10052026_ENL169,512200,2026-05-10,ENL169,16197962,201,490
10052026_ENL169,1112478,2026-05-10,ENL169,16197962,201,490
10052026_ENL169,512200,2026-05-10,ENL169,16198399,321,311
10052026_ENL169,1112478,2026-05-10,ENL169,16198399,321,311
11052026_ENL169,1112479,2026-05-11,ENL169,16202404,311,180
11052026_ENL169,1112478,2026-05-11,ENL169,16202404,311,180
11052026_ENL169,1112479,2026-05-11,ENL169,16200664,312,325
11052026_ENL169,1112478,2026-05-11,ENL169,16200664,312,325
11052026_ENL169,1112479,2026-05-11,ENL169,16204030,311,490
11052026_ENL169,1112478,2026-05-11,ENL169,16204030,311,490
11052026_ENL169,1112479,2026-05-11,ENL169,16202895,311,490
11052026_ENL169,1112478,2026-05-11,ENL169,16202895,311,490
12052026_ENL169,1112479,2026-05-12,ENL169,16208982,343,490
12052026_ENL169,1112478,2026-05-12,ENL169,16208982,343,490
12052026_ENL169,1112479,2026-05-12,ENL169,16209294,311,490
12052026_ENL169,1112478,2026-05-12,ENL169,16209294,311,490
12052026_ENL169,1112479,2026-05-12,ENL169,16209727,311,180
12052026_ENL169,1112478,2026-05-12,ENL169,16209727,311,180
12052026_ENL169,1112479,2026-05-12,ENL169,16209370,301,180
12052026_ENL169,1112478,2026-05-12,ENL169,16209370,301,180
16052026_ENL169,1112479,2026-05-16,ENL169,16229624,201,490
16052026_ENL169,1112478,2026-05-16,ENL169,16229624,201,490
16052026_ENL169,1112479,2026-05-16,ENL169,16230379,201,10
16052026_ENL169,1112478,2026-05-16,ENL169,16230379,201,10
20052026_ENL169,1112479,2026-05-20,ENL169,16248232,201,180
20052026_ENL169,512084,2026-05-20,ENL169,16248232,201,180
20052026_ENL169,1112478,2026-05-20,ENL169,16248232,201,180
20052026_ENL169,1112479,2026-05-20,ENL169,16248289,311,490
20052026_ENL169,512084,2026-05-20,ENL169,16248289,311,490
20052026_ENL169,1112478,2026-05-20,ENL169,16248289,311,490
20052026_ENL169,1112479,2026-05-20,ENL169,16248386,312,180
20052026_ENL169,512084,2026-05-20,ENL169,16248386,312,180
20052026_ENL169,1112478,2026-05-20,ENL169,16248386,312,180
21052026_ENL169,1112479,2026-05-21,ENL169,16251432,301,311
21052026_ENL169,1112478,2026-05-21,ENL169,16251432,301,311
22052026_ENL169,1112479,2026-05-22,ENL169,16256624,341,440
22052026_ENL169,1112478,2026-05-22,ENL169,16256624,341,440
22052026_ENL169,1112479,2026-05-22,ENL169,16257117,342,343
22052026_ENL169,1112478,2026-05-22,ENL169,16257117,342,343
22052026_ENL169,1112479,2026-05-22,ENL169,16257404,301,490
22052026_ENL169,1112478,2026-05-22,ENL169,16257404,301,490
25052026_ENL169,1112479,2026-05-25,ENL169,16268998,311,490
25052026_ENL169,1112479,2026-05-25,ENL169,16269019,311,620
25052026_ENL169,1112479,2026-05-25,ENL169,16269032,342,343
25052026_ENL169,1112479,2026-05-25,ENL169,16269199,311,490
27052026_ENL169,511134,2026-05-27,ENL169,16277143,312,300
27052026_ENL169,1112479,2026-05-27,ENL169,16277143,312,300
27052026_ENL169,1112478,2026-05-27,ENL169,16277143,312,300
28052026_ENL169,1112479,2026-05-28,ENL169,16283740,341,302
28052026_ENL169,1112478,2026-05-28,ENL169,16283740,341,302
28052026_ENL169,1112479,2026-05-28,ENL169,16283854,341,302
28052026_ENL169,1112478,2026-05-28,ENL169,16283854,341,302
28052026_ENL169,1112479,2026-05-28,ENL169,16284146,126,880
28052026_ENL169,1112478,2026-05-28,ENL169,16284146,126,880
28052026_ENL169,1112479,2026-05-28,ENL169,16284503,799,897
28052026_ENL169,1112478,2026-05-28,ENL169,16284503,799,897
05052026_ENL168,1112343,2026-05-05,ENL168,16175084,312,300
05052026_ENL168,311750,2026-05-05,ENL168,16175084,312,300
05052026_ENL168,512084,2026-05-05,ENL168,16175084,312,300
09052026_ENL168,511125,2026-05-09,ENL168,16194943,799,898
09052026_ENL168,511134,2026-05-09,ENL168,16194943,799,898
09052026_ENL168,1112844,2026-05-09,ENL168,16194943,799,898
09052026_ENL168,511125,2026-05-09,ENL168,16107732,799,898
09052026_ENL168,511134,2026-05-09,ENL168,16107732,799,898
09052026_ENL168,1112844,2026-05-09,ENL168,16107732,799,898
19052026_ENL168,512154,2026-05-19,ENL168,16242592,311,300
19052026_ENL168,512200,2026-05-19,ENL168,16242592,311,300
19052026_ENL168,512154,2026-05-19,ENL168,16243595,341,620
19052026_ENL168,512200,2026-05-19,ENL168,16243595,341,620
27052026_ENL168,512109,2026-05-27,ENL168,16278679,341,440
27052026_ENL168,512154,2026-05-27,ENL168,16278679,341,440
27052026_ENL168,1112844,2026-05-27,ENL168,16278679,341,440
27052026_ENL168,512109,2026-05-27,ENL168,16277831,341,460
27052026_ENL168,512154,2026-05-27,ENL168,16277831,341,460
27052026_ENL168,1112844,2026-05-27,ENL168,16277831,341,460
27052026_ENL168,512109,2026-05-27,ENL168,16279072,129,880
27052026_ENL168,512154,2026-05-27,ENL168,16279072,129,880
27052026_ENL168,1112844,2026-05-27,ENL168,16279072,129,880
27052026_ENL168,512109,2026-05-27,ENL168,16279303,129,880
27052026_ENL168,512154,2026-05-27,ENL168,16279303,129,880
27052026_ENL168,1112844,2026-05-27,ENL168,16279303,129,880
27052026_ENL168,512109,2026-05-27,ENL168,16275899,201,321
27052026_ENL168,512154,2026-05-27,ENL168,16275899,201,321
27052026_ENL168,1112844,2026-05-27,ENL168,16275899,201,321
02052026_ENL167,1112360,2026-05-02,ENL167,16164371,321,490
02052026_ENL167,1112379,2026-05-02,ENL167,16164371,321,490
02052026_ENL167,512084,2026-05-02,ENL167,16164371,321,490
02052026_ENL167,1112360,2026-05-02,ENL167,16164520,341,300
02052026_ENL167,1112379,2026-05-02,ENL167,16164520,341,300
02052026_ENL167,512084,2026-05-02,ENL167,16164520,341,300
08052026_ENL167,1112360,2026-05-08,ENL167,16189382,201,321
08052026_ENL167,1112360,2026-05-08,ENL167,16190444,311,490
08052026_ENL167,1112360,2026-05-08,ENL167,16190444,311,490
08052026_ENL167,1112360,2026-05-08,ENL167,16190960,311,440
08052026_ENL167,1112360,2026-05-08,ENL167,16191087,301,440
09052026_ENL167,1112305,2026-05-09,ENL167,16193959,343,440
09052026_ENL167,1112379,2026-05-09,ENL167,16193959,343,440
09052026_ENL167,1112305,2026-05-09,ENL167,16194621,201,890
09052026_ENL167,1112379,2026-05-09,ENL167,16194621,201,890
10052026_ENL167,1112305,2026-05-10,ENL167,16198095,201,180
10052026_ENL167,1112379,2026-05-10,ENL167,16198095,201,180
18052026_ENL167,1112379,2026-05-18,ENL167,16238260,341,300
18052026_ENL167,1112305,2026-05-18,ENL167,16238260,341,300
20052026_ENL167,1112379,2026-05-20,ENL167,16248155,311,620
20052026_ENL167,512112,2026-05-20,ENL167,16248155,311,620
20052026_ENL167,512154,2026-05-20,ENL167,16248155,311,620
20052026_ENL167,1112379,2026-05-20,ENL167,16248275,311,490
20052026_ENL167,512112,2026-05-20,ENL167,16248275,311,490
20052026_ENL167,512154,2026-05-20,ENL167,16248275,311,490
24052026_ENL167,1112379,2026-05-24,ENL167,16264569,799,897
24052026_ENL167,512112,2026-05-24,ENL167,16264569,799,897
24052026_ENL167,1112305,2026-05-24,ENL167,16264569,799,897
28052026_ENL167,512055,2026-05-28,ENL167,16284036,311,300
28052026_ENL167,511178,2026-05-28,ENL167,16284036,311,300
28052026_ENL167,512203,2026-05-28,ENL167,16284036,311,300
28052026_ENL167,512055,2026-05-28,ENL167,16283836,342,300
28052026_ENL167,511178,2026-05-28,ENL167,16283836,342,300
28052026_ENL167,512203,2026-05-28,ENL167,16283836,342,300
28052026_ENL167,512055,2026-05-28,ENL167,16284295,799,897
28052026_ENL167,511178,2026-05-28,ENL167,16284295,799,897
28052026_ENL167,512203,2026-05-28,ENL167,16284295,799,897
28052026_ENL167,512055,2026-05-28,ENL167,16284129,342,343
28052026_ENL167,511178,2026-05-28,ENL167,16284129,342,343
28052026_ENL167,512203,2026-05-28,ENL167,16284129,342,343
30052026_ENL167,1112379,2026-05-30,ENL167,16291858,799,897
30052026_ENL167,512112,2026-05-30,ENL167,16291858,799,897
30052026_ENL167,1112305,2026-05-30,ENL167,16291858,799,897
01052026_ENL165,311312,2026-05-01,ENL165,16160866,104,300
01052026_ENL165,511157,2026-05-01,ENL165,16160866,104,300
01052026_ENL165,311312,2026-05-01,ENL165,16160976,311,440
01052026_ENL165,511157,2026-05-01,ENL165,16160976,311,440
01052026_ENL165,311312,2026-05-01,ENL165,16161240,799,899
01052026_ENL165,511157,2026-05-01,ENL165,16161240,799,899
01052026_ENL165,311312,2026-05-01,ENL165,16161280,799,899
01052026_ENL165,511157,2026-05-01,ENL165,16161280,799,899
01052026_ENL165,311312,2026-05-01,ENL165,16161502,799,899
01052026_ENL165,511157,2026-05-01,ENL165,16161502,799,899
01052026_ENL165,311312,2026-05-01,ENL165,16161524,799,899
01052026_ENL165,511157,2026-05-01,ENL165,16161524,799,899
04052026_ENL165,311312,2026-05-04,ENL165,16170775,799,897
04052026_ENL165,511157,2026-05-04,ENL165,16170775,799,897
04052026_ENL165,311312,2026-05-04,ENL165,16171353,301,200
04052026_ENL165,511157,2026-05-04,ENL165,16171353,301,200
04052026_ENL165,311312,2026-05-04,ENL165,16171378,312,343
04052026_ENL165,511157,2026-05-04,ENL165,16171378,312,343
04052026_ENL165,311312,2026-05-04,ENL165,16171365,312,343
04052026_ENL165,511157,2026-05-04,ENL165,16171365,312,343
04052026_ENL165,311312,2026-05-04,ENL165,16171567,312,343
04052026_ENL165,511157,2026-05-04,ENL165,16171567,312,343
04052026_ENL165,311312,2026-05-04,ENL165,16171940,342,343
04052026_ENL165,511157,2026-05-04,ENL165,16171940,342,343
04052026_ENL165,311312,2026-05-04,ENL165,16171861,799,897
04052026_ENL165,511157,2026-05-04,ENL165,16171861,799,897
04052026_ENL165,311312,2026-05-04,ENL165,16171896,312,343
04052026_ENL165,511157,2026-05-04,ENL165,16171896,312,343
09052026_ENL165,311312,2026-05-09,ENL165,16193322,381,343
09052026_ENL165,511157,2026-05-09,ENL165,16193322,381,343
09052026_ENL165,311312,2026-05-09,ENL165,16193614,312,343
09052026_ENL165,511157,2026-05-09,ENL165,16193614,312,343
09052026_ENL165,311312,2026-05-09,ENL165,16193874,311,440
09052026_ENL165,511157,2026-05-09,ENL165,16193874,311,440
09052026_ENL165,311312,2026-05-09,ENL165,16194629,799,899
09052026_ENL165,511157,2026-05-09,ENL165,16194629,799,899
09052026_ENL165,311312,2026-05-09,ENL165,16194929,799,899
09052026_ENL165,511157,2026-05-09,ENL165,16194929,799,899
10052026_ENL165,311312,2026-05-10,ENL165,16198070,201,180
10052026_ENL165,511157,2026-05-10,ENL165,16198070,201,180
10052026_ENL165,311312,2026-05-10,ENL165,16197521,312,343
10052026_ENL165,511157,2026-05-10,ENL165,16197521,312,343
10052026_ENL165,311312,2026-05-10,ENL165,16198304,301,10
10052026_ENL165,511157,2026-05-10,ENL165,16198304,301,10
10052026_ENL165,311312,2026-05-10,ENL165,16198410,301,10
10052026_ENL165,511157,2026-05-10,ENL165,16198410,301,10
10052026_ENL165,311312,2026-05-10,ENL165,16198651,201,180
10052026_ENL165,511157,2026-05-10,ENL165,16198651,201,180
11052026_ENL165,311312,2026-05-11,ENL165,16201243,312,343
11052026_ENL165,511157,2026-05-11,ENL165,16201243,312,343
11052026_ENL165,311312,2026-05-11,ENL165,16202804,301,180
11052026_ENL165,511157,2026-05-11,ENL165,16202804,301,180
11052026_ENL165,311312,2026-05-11,ENL165,16202643,301,200
11052026_ENL165,511157,2026-05-11,ENL165,16202643,301,200
11052026_ENL165,311312,2026-05-11,ENL165,16202809,301,490
11052026_ENL165,511157,2026-05-11,ENL165,16202809,301,490
14052026_ENL165,311312,2026-05-14,ENL165,16220015,311,300
14052026_ENL165,511157,2026-05-14,ENL165,16220015,311,300
14052026_ENL165,311312,2026-05-14,ENL165,16221270,201,300
14052026_ENL165,511157,2026-05-14,ENL165,16221270,201,300
15052026_ENL165,311312,2026-05-15,ENL165,16225082,311,490
15052026_ENL165,511157,2026-05-15,ENL165,16225082,311,490
15052026_ENL165,311312,2026-05-15,ENL165,16225317,321,490
15052026_ENL165,511157,2026-05-15,ENL165,16225317,321,490
15052026_ENL165,311312,2026-05-15,ENL165,16225552,341,440
15052026_ENL165,511157,2026-05-15,ENL165,16225552,341,440
15052026_ENL165,311312,2026-05-15,ENL165,16225638,301,300
15052026_ENL165,511157,2026-05-15,ENL165,16225638,301,300
15052026_ENL165,311312,2026-05-15,ENL165,16226344,799,899
15052026_ENL165,511157,2026-05-15,ENL165,16226344,799,899
16052026_ENL165,311312,2026-05-16,ENL165,16229162,341,490
16052026_ENL165,511157,2026-05-16,ENL165,16229162,341,490
16052026_ENL165,311312,2026-05-16,ENL165,16227778,201,490
16052026_ENL165,511157,2026-05-16,ENL165,16227778,201,490
16052026_ENL165,311312,2026-05-16,ENL165,16229459,341,300
16052026_ENL165,511157,2026-05-16,ENL165,16229459,341,300
17052026_ENL165,311312,2026-05-17,ENL165,16232806,341,490
17052026_ENL165,511157,2026-05-17,ENL165,16232806,341,490
17052026_ENL165,311312,2026-05-17,ENL165,16233401,311,490
17052026_ENL165,511157,2026-05-17,ENL165,16233401,311,490
17052026_ENL165,311312,2026-05-17,ENL165,16233503,341,300
17052026_ENL165,511157,2026-05-17,ENL165,16233503,341,300
17052026_ENL165,311312,2026-05-17,ENL165,16233247,301,180
17052026_ENL165,511157,2026-05-17,ENL165,16233247,301,180
17052026_ENL165,311312,2026-05-17,ENL165,16233482,312,300
17052026_ENL165,511157,2026-05-17,ENL165,16233482,312,300
19052026_ENL165,511149,2026-05-19,ENL165,16242295,311,620
19052026_ENL165,511178,2026-05-19,ENL165,16242295,311,620
19052026_ENL165,511149,2026-05-19,ENL165,16242739,341,620
19052026_ENL165,511178,2026-05-19,ENL165,16242739,341,620
19052026_ENL165,511149,2026-05-19,ENL165,16242461,129,880
19052026_ENL165,511178,2026-05-19,ENL165,16242461,129,880
20052026_ENL165,311312,2026-05-20,ENL165,16247055,311,300
20052026_ENL165,511157,2026-05-20,ENL165,16247055,311,300
20052026_ENL165,311312,2026-05-20,ENL165,16248118,311,300
20052026_ENL165,511157,2026-05-20,ENL165,16248118,311,300
20052026_ENL165,311312,2026-05-20,ENL165,16247115,301,180
20052026_ENL165,511157,2026-05-20,ENL165,16247115,301,180
20052026_ENL165,311312,2026-05-20,ENL165,16247215,311,440
20052026_ENL165,511157,2026-05-20,ENL165,16247215,311,440
20052026_ENL165,311312,2026-05-20,ENL165,16247854,311,490
20052026_ENL165,511157,2026-05-20,ENL165,16247854,311,490
21052026_ENL165,311312,2026-05-21,ENL165,16251432,301,311
21052026_ENL165,511157,2026-05-21,ENL165,16251432,301,311
22052026_ENL165,311312,2026-05-22,ENL165,16256204,341,300
22052026_ENL165,511157,2026-05-22,ENL165,16256204,341,300
22052026_ENL165,311312,2026-05-22,ENL165,16256988,341,490
22052026_ENL165,511157,2026-05-22,ENL165,16256988,341,490
22052026_ENL165,311312,2026-05-22,ENL165,16257175,301,490
22052026_ENL165,511157,2026-05-22,ENL165,16257175,301,490
22052026_ENL165,311312,2026-05-22,ENL165,16257529,311,490
22052026_ENL165,511157,2026-05-22,ENL165,16257529,311,490
25052026_ENL165,311312,2026-05-25,ENL165,16268127,341,440
25052026_ENL165,512175,2026-05-25,ENL165,16268127,341,440
25052026_ENL165,511157,2026-05-25,ENL165,16268127,341,440
25052026_ENL165,311312,2026-05-25,ENL165,16268461,341,300
25052026_ENL165,512175,2026-05-25,ENL165,16268461,341,300
25052026_ENL165,511157,2026-05-25,ENL165,16268461,341,300
25052026_ENL165,311312,2026-05-25,ENL165,16268539,311,490
25052026_ENL165,512175,2026-05-25,ENL165,16268539,311,490
25052026_ENL165,511157,2026-05-25,ENL165,16268539,311,490
25052026_ENL165,311312,2026-05-25,ENL165,16269051,311,311
25052026_ENL165,512175,2026-05-25,ENL165,16269051,311,311
25052026_ENL165,511157,2026-05-25,ENL165,16269051,311,311
26052026_ENL165,311312,2026-05-26,ENL165,16273242,311,440
26052026_ENL165,511157,2026-05-26,ENL165,16273242,311,440
26052026_ENL165,512175,2026-05-26,ENL165,16273242,311,440
26052026_ENL165,311312,2026-05-26,ENL165,16078810,799,897
26052026_ENL165,511157,2026-05-26,ENL165,16078810,799,897
26052026_ENL165,512175,2026-05-26,ENL165,16078810,799,897
27052026_ENL165,311312,2026-05-27,ENL165,16278895,341,440
27052026_ENL165,511157,2026-05-27,ENL165,16278895,341,440
27052026_ENL165,311312,2026-05-27,ENL165,16277704,341,440
27052026_ENL165,511157,2026-05-27,ENL165,16277704,341,440
27052026_ENL165,311312,2026-05-27,ENL165,16279003,301,440
27052026_ENL165,511157,2026-05-27,ENL165,16279003,301,440
30052026_ENL165,311312,2026-05-30,ENL165,16291473,341,440
30052026_ENL165,511157,2026-05-30,ENL165,16291473,341,440
30052026_ENL165,311312,2026-05-30,ENL165,16290554,341,300
30052026_ENL165,511157,2026-05-30,ENL165,16290554,341,300
30052026_ENL165,311312,2026-05-30,ENL165,16291622,341,300
30052026_ENL165,511157,2026-05-30,ENL165,16291622,341,300
30052026_ENL165,311312,2026-05-30,ENL165,16291865,343,620
30052026_ENL165,511157,2026-05-30,ENL165,16291865,343,620
30052026_ENL165,311312,2026-05-30,ENL165,16291912,799,899
30052026_ENL165,511157,2026-05-30,ENL165,16291912,799,899
30052026_ENL165,311312,2026-05-30,ENL165,16291963,799,899
30052026_ENL165,511157,2026-05-30,ENL165,16291963,799,899
30052026_ENL165,311312,2026-05-30,ENL165,16292060,799,899
30052026_ENL165,511157,2026-05-30,ENL165,16292060,799,899
30052026_ENL165,311312,2026-05-30,ENL165,16292064,799,899
30052026_ENL165,511157,2026-05-30,ENL165,16292064,799,899
31052026_ENL165,311312,2026-05-31,ENL165,16293427,301,440
31052026_ENL165,511157,2026-05-31,ENL165,16293427,301,440
07052026_ENL158,51627,2026-05-07,ENL158,16184809,311,440
07052026_ENL158,511048,2026-05-07,ENL158,16184809,311,440
07052026_ENL158,51627,2026-05-07,ENL158,16183357,311,440
07052026_ENL158,511048,2026-05-07,ENL158,16183357,311,440
09052026_ENL158,51627,2026-05-09,ENL158,16193368,799,897
09052026_ENL158,51409,2026-05-09,ENL158,16193368,799,897
09052026_ENL158,51627,2026-05-09,ENL158,16193841,311,301
09052026_ENL158,51409,2026-05-09,ENL158,16193841,311,301
09052026_ENL158,51627,2026-05-09,ENL158,16193856,799,899
09052026_ENL158,51409,2026-05-09,ENL158,16193856,799,899
11052026_ENL158,51627,2026-05-11,ENL158,16202374,311,300
11052026_ENL158,51409,2026-05-11,ENL158,16202374,311,300
11052026_ENL158,51627,2026-05-11,ENL158,16203028,311,300
11052026_ENL158,51409,2026-05-11,ENL158,16203028,311,300
11052026_ENL158,51627,2026-05-11,ENL158,16202291,311,490
11052026_ENL158,51409,2026-05-11,ENL158,16202291,311,490
12052026_ENL158,51627,2026-05-12,ENL158,16207112,311,311
12052026_ENL158,51409,2026-05-12,ENL158,16207112,311,311
12052026_ENL158,51627,2026-05-12,ENL158,16207179,342,300
12052026_ENL158,51409,2026-05-12,ENL158,16207179,342,300
17052026_ENL158,51627,2026-05-17,ENL158,16232274,311,10
17052026_ENL158,51409,2026-05-17,ENL158,16232274,311,10
17052026_ENL158,51627,2026-05-17,ENL158,16232290,301,440
17052026_ENL158,51409,2026-05-17,ENL158,16232290,301,440
17052026_ENL158,51627,2026-05-17,ENL158,16232683,301,180
17052026_ENL158,51409,2026-05-17,ENL158,16232683,301,180
20052026_ENL158,51627,2026-05-20,ENL158,16246923,121,343
20052026_ENL158,511051,2026-05-20,ENL158,16246923,121,343
20052026_ENL158,51627,2026-05-20,ENL158,16247269,343,440
20052026_ENL158,511051,2026-05-20,ENL158,16247269,343,440
20052026_ENL158,51627,2026-05-20,ENL158,16247765,341,620
20052026_ENL158,511051,2026-05-20,ENL158,16247765,341,620
21052026_ENL158,51627,2026-05-21,ENL158,16251145,201,880
21052026_ENL158,51409,2026-05-21,ENL158,16251145,201,880
21052026_ENL158,51627,2026-05-21,ENL158,16250430,311,300
21052026_ENL158,51409,2026-05-21,ENL158,16250430,311,300
22052026_ENL158,51627,2026-05-22,ENL158,16254721,201,920
22052026_ENL158,51409,2026-05-22,ENL158,16254721,201,920
22052026_ENL158,51627,2026-05-22,ENL158,16256665,799,898
22052026_ENL158,51409,2026-05-22,ENL158,16256665,799,898
25052026_ENL158,51627,2026-05-25,ENL158,16263644,799,897
25052026_ENL158,51409,2026-05-25,ENL158,16263644,799,897
25052026_ENL158,51627,2026-05-25,ENL158,16267853,311,300
25052026_ENL158,51409,2026-05-25,ENL158,16267853,311,300
27052026_ENL158,51627,2026-05-27,ENL158,16276636,341,302
27052026_ENL158,51409,2026-05-27,ENL158,16276636,341,302
27052026_ENL158,51627,2026-05-27,ENL158,16276782,301,180
27052026_ENL158,51409,2026-05-27,ENL158,16276782,301,180
28052026_ENL158,51627,2026-05-28,ENL158,16281209,311,300
28052026_ENL158,51409,2026-05-28,ENL158,16281209,311,300
30052026_ENL158,51627,2026-05-30,ENL158,16290787,799,897
30052026_ENL158,1112520,2026-05-30,ENL158,16290787,799,897
30052026_ENL158,51409,2026-05-30,ENL158,16290787,799,897
20052026_ENL157,31935,2026-05-20,ENL157,16246211,311,490
20052026_ENL157,1112650,2026-05-20,ENL157,16246211,311,490
20052026_ENL157,31935,2026-05-20,ENL157,16246729,341,440
20052026_ENL157,1112650,2026-05-20,ENL157,16246729,341,440
20052026_ENL157,31935,2026-05-20,ENL157,16247116,341,620
20052026_ENL157,1112650,2026-05-20,ENL157,16247116,341,620
20052026_ENL157,31935,2026-05-20,ENL157,16247820,799,897
20052026_ENL157,1112650,2026-05-20,ENL157,16247820,799,897
21052026_ENL157,31935,2026-05-21,ENL157,16250467,341,620
21052026_ENL157,1112650,2026-05-21,ENL157,16250467,341,620
21052026_ENL157,31935,2026-05-21,ENL157,16251145,201,880
21052026_ENL157,1112650,2026-05-21,ENL157,16251145,201,880
21052026_ENL157,31935,2026-05-21,ENL157,16251489,311,440
21052026_ENL157,1112650,2026-05-21,ENL157,16251489,311,440
21052026_ENL157,31935,2026-05-21,ENL157,16251957,311,490
21052026_ENL157,1112650,2026-05-21,ENL157,16251957,311,490
25052026_ENL157,31935,2026-05-25,ENL157,16266890,301,490
25052026_ENL157,1112650,2026-05-25,ENL157,16266890,301,490
25052026_ENL157,31935,2026-05-25,ENL157,16268198,799,897
25052026_ENL157,1112650,2026-05-25,ENL157,16268198,799,897
25052026_ENL157,31935,2026-05-25,ENL157,16268593,341,620
25052026_ENL157,1112650,2026-05-25,ENL157,16268593,341,620
26052026_ENL157,31935,2026-05-26,ENL157,16271614,311,200
26052026_ENL157,1112650,2026-05-26,ENL157,16271614,311,200
26052026_ENL157,31935,2026-05-26,ENL157,16272606,331,180
26052026_ENL157,1112650,2026-05-26,ENL157,16272606,331,180
26052026_ENL157,31935,2026-05-26,ENL157,16273361,799,897
26052026_ENL157,1112650,2026-05-26,ENL157,16273361,799,897
26052026_ENL157,31935,2026-05-26,ENL157,16273483,126,880
26052026_ENL157,1112650,2026-05-26,ENL157,16273483,126,880
29052026_ENL157,31935,2026-05-29,ENL157,16287188,341,620
29052026_ENL157,1112650,2026-05-29,ENL157,16287188,341,620
29052026_ENL157,31935,2026-05-29,ENL157,16287999,341,620
29052026_ENL157,1112650,2026-05-29,ENL157,16287999,341,620
29052026_ENL157,31935,2026-05-29,ENL157,16287796,301,440
29052026_ENL157,1112650,2026-05-29,ENL157,16287796,301,440
30052026_ENL157,31935,2026-05-30,ENL157,16290517,342,343
30052026_ENL157,1112650,2026-05-30,ENL157,16290517,342,343
30052026_ENL157,31935,2026-05-30,ENL157,16290658,799,897
30052026_ENL157,1112650,2026-05-30,ENL157,16290658,799,897
30052026_ENL157,31935,2026-05-30,ENL157,16291416,341,440
30052026_ENL157,1112650,2026-05-30,ENL157,16291416,341,440
30052026_ENL157,31935,2026-05-30,ENL157,16291546,341,620
30052026_ENL157,1112650,2026-05-30,ENL157,16291546,341,620
31052026_ENL157,31935,2026-05-31,ENL157,16293301,799,897
31052026_ENL157,1112650,2026-05-31,ENL157,16293301,799,897
31052026_ENL157,31935,2026-05-31,ENL157,16293355,799,897
31052026_ENL157,1112650,2026-05-31,ENL157,16293355,799,897
31052026_ENL157,31935,2026-05-31,ENL157,16293688,201,300
31052026_ENL157,1112650,2026-05-31,ENL157,16293688,201,300
31052026_ENL157,31935,2026-05-31,ENL157,16293940,311,490
31052026_ENL157,1112650,2026-05-31,ENL157,16293940,311,490
31052026_ENL157,31935,2026-05-31,ENL157,16294278,311,490
31052026_ENL157,1112650,2026-05-31,ENL157,16294278,311,490
14052026_ENL156,,2026-05-14,ENL156,16219655,312,300
14052026_ENL156,,2026-05-14,ENL156,16219718,312,300
25052026_ENL156,311394,2026-05-25,ENL156,16263682,799,899
25052026_ENL156,1112732,2026-05-25,ENL156,16263682,799,899
25052026_ENL156,311394,2026-05-25,ENL156,16267381,311,301
25052026_ENL156,1112732,2026-05-25,ENL156,16267381,311,301
25052026_ENL156,311394,2026-05-25,ENL156,16266457,312,10
25052026_ENL156,1112732,2026-05-25,ENL156,16266457,312,10
25052026_ENL156,311394,2026-05-25,ENL156,16265949,343,620
25052026_ENL156,1112732,2026-05-25,ENL156,16265949,343,620
29052026_ENL156,311394,2026-05-29,ENL156,16286828,799,898
29052026_ENL156,1112732,2026-05-29,ENL156,16286828,799,898
07052026_ENL155,311891,2026-05-07,ENL155,16184446,201,490
07052026_ENL155,51612,2026-05-07,ENL155,16184446,201,490
07052026_ENL155,311891,2026-05-07,ENL155,16184492,121,343
07052026_ENL155,51612,2026-05-07,ENL155,16184492,121,343
12052026_ENL155,311891,2026-05-12,ENL155,16208389,342,300
12052026_ENL155,51612,2026-05-12,ENL155,16208389,342,300
12052026_ENL155,311891,2026-05-12,ENL155,16208270,342,300
12052026_ENL155,51612,2026-05-12,ENL155,16208270,342,300
13052026_ENL155,311891,2026-05-13,ENL155,16212058,129,880
13052026_ENL155,51612,2026-05-13,ENL155,16212058,129,880
16052026_ENL155,311891,2026-05-16,ENL155,16224410,799,897
16052026_ENL155,51612,2026-05-16,ENL155,16224410,799,897
16052026_ENL155,311891,2026-05-16,ENL155,16228271,341,300
16052026_ENL155,51612,2026-05-16,ENL155,16228271,341,300
16052026_ENL155,311891,2026-05-16,ENL155,16228929,342,300
16052026_ENL155,51612,2026-05-16,ENL155,16228929,342,300
18052026_ENL155,311891,2026-05-18,ENL155,16233756,126,880
18052026_ENL155,51612,2026-05-18,ENL155,16233756,126,880
18052026_ENL155,311891,2026-05-18,ENL155,16237280,104,890
18052026_ENL155,51612,2026-05-18,ENL155,16237280,104,890
18052026_ENL155,311891,2026-05-18,ENL155,16237049,311,300
18052026_ENL155,51612,2026-05-18,ENL155,16237049,311,300
19052026_ENL155,311891,2026-05-19,ENL155,16242119,104,300
19052026_ENL155,51612,2026-05-19,ENL155,16242119,104,300
21052026_ENL155,511091,2026-05-21,ENL155,16248657,201,920
21052026_ENL155,311619,2026-05-21,ENL155,16248657,201,920
21052026_ENL155,511047,2026-05-21,ENL155,16248657,201,920
22052026_ENL155,311891,2026-05-22,ENL155,16254320,311,300
22052026_ENL155,51612,2026-05-22,ENL155,16254320,311,300
22052026_ENL155,311891,2026-05-22,ENL155,16255619,311,620
22052026_ENL155,51612,2026-05-22,ENL155,16255619,311,620
23052026_ENL155,51612,2026-05-23,ENL155,16259386,341,300
23052026_ENL155,311891,2026-05-23,ENL155,16259386,341,300
23052026_ENL155,51612,2026-05-23,ENL155,16259566,201,10
23052026_ENL155,311891,2026-05-23,ENL155,16259566,201,10
24052026_ENL155,311891,2026-05-24,ENL155,16262825,342,300
24052026_ENL155,51612,2026-05-24,ENL155,16262825,342,300
24052026_ENL155,311891,2026-05-24,ENL155,16263307,126,880
24052026_ENL155,51612,2026-05-24,ENL155,16263307,126,880
24052026_ENL155,311891,2026-05-24,ENL155,16263425,342,300
24052026_ENL155,51612,2026-05-24,ENL155,16263425,342,300
24052026_ENL155,311891,2026-05-24,ENL155,16263487,127,880
24052026_ENL155,51612,2026-05-24,ENL155,16263487,127,880
27052026_ENL155,311891,2026-05-27,ENL155,16276343,342,300
27052026_ENL155,51612,2026-05-27,ENL155,16276343,342,300
27052026_ENL155,311891,2026-05-27,ENL155,16276817,312,300
27052026_ENL155,51612,2026-05-27,ENL155,16276817,312,300
27052026_ENL155,311891,2026-05-27,ENL155,16276236,312,300
27052026_ENL155,51612,2026-05-27,ENL155,16276236,312,300
28052026_ENL155,311891,2026-05-28,ENL155,16281429,311,300
28052026_ENL155,51612,2026-05-28,ENL155,16281429,311,300
28052026_ENL155,311891,2026-05-28,ENL155,16282341,312,300
28052026_ENL155,51612,2026-05-28,ENL155,16282341,312,300
28052026_ENL155,311891,2026-05-28,ENL155,16282682,311,440
28052026_ENL155,51612,2026-05-28,ENL155,16282682,311,440
28052026_ENL155,311891,2026-05-28,ENL155,16282974,126,880
28052026_ENL155,51612,2026-05-28,ENL155,16282974,126,880
29052026_ENL155,311891,2026-05-29,ENL155,16286750,799,898
29052026_ENL155,51612,2026-05-29,ENL155,16286750,799,898
29052026_ENL155,311891,2026-05-29,ENL155,16287326,127,880
29052026_ENL155,51612,2026-05-29,ENL155,16287326,127,880
29052026_ENL155,311891,2026-05-29,ENL155,16287323,341,300
29052026_ENL155,51612,2026-05-29,ENL155,16287323,341,300
04052026_ENL154,,2026-05-04,ENL154,16170142,342,343
04052026_ENL154,,2026-05-04,ENL154,16170018,341,620
04052026_ENL154,,2026-05-04,ENL154,16170834,343,620
04052026_ENL154,,2026-05-04,ENL154,16171132,301,311
21052026_ENL154,1112309,2026-05-21,ENL154,16250990,341,300
21052026_ENL154,1112309,2026-05-21,ENL154,16250560,799,897
28052026_ENL154,1112828,2026-05-28,ENL154,16078810,799,897
28052026_ENL154,51413,2026-05-28,ENL154,16078810,799,897
18052026_ENL153,51404,2026-05-18,ENL153,16237167,331,300
18052026_ENL153,511151,2026-05-18,ENL153,16237167,331,300
18052026_ENL153,512136,2026-05-18,ENL153,16237167,331,300
18052026_ENL153,51404,2026-05-18,ENL153,16237850,331,180
18052026_ENL153,511151,2026-05-18,ENL153,16237850,331,180
18052026_ENL153,512136,2026-05-18,ENL153,16237850,331,180
23052026_ENL153,51404,2026-05-23,ENL153,16230300,799,897
23052026_ENL153,511151,2026-05-23,ENL153,16230300,799,897
23052026_ENL153,512136,2026-05-23,ENL153,16230300,799,897
23052026_ENL153,51404,2026-05-23,ENL153,16259603,331,300
23052026_ENL153,511151,2026-05-23,ENL153,16259603,331,300
23052026_ENL153,512136,2026-05-23,ENL153,16259603,331,300
23052026_ENL153,51404,2026-05-23,ENL153,16259760,331,300
23052026_ENL153,511151,2026-05-23,ENL153,16259760,331,300
23052026_ENL153,512136,2026-05-23,ENL153,16259760,331,300
23052026_ENL153,51404,2026-05-23,ENL153,16260127,331,300
23052026_ENL153,511151,2026-05-23,ENL153,16260127,331,300
23052026_ENL153,512136,2026-05-23,ENL153,16260127,331,300
24052026_ENL153,51404,2026-05-24,ENL153,16262465,342,300
24052026_ENL153,511151,2026-05-24,ENL153,16262465,342,300
24052026_ENL153,512136,2026-05-24,ENL153,16262465,342,300
24052026_ENL153,51404,2026-05-24,ENL153,16263130,342,300
24052026_ENL153,511151,2026-05-24,ENL153,16263130,342,300
24052026_ENL153,512136,2026-05-24,ENL153,16263130,342,300
24052026_ENL153,51404,2026-05-24,ENL153,16263302,331,300
24052026_ENL153,511151,2026-05-24,ENL153,16263302,331,300
24052026_ENL153,512136,2026-05-24,ENL153,16263302,331,300
24052026_ENL153,51404,2026-05-24,ENL153,16263454,331,171
24052026_ENL153,511151,2026-05-24,ENL153,16263454,331,171
24052026_ENL153,512136,2026-05-24,ENL153,16263454,331,171
28052026_ENL153,51404,2026-05-28,ENL153,16281054,121,343
28052026_ENL153,511151,2026-05-28,ENL153,16281054,121,343
28052026_ENL153,512136,2026-05-28,ENL153,16281054,121,343
28052026_ENL153,51404,2026-05-28,ENL153,16282461,343,440
28052026_ENL153,511151,2026-05-28,ENL153,16282461,343,440
28052026_ENL153,512136,2026-05-28,ENL153,16282461,343,440
28052026_ENL153,51404,2026-05-28,ENL153,16282773,331,300
28052026_ENL153,511151,2026-05-28,ENL153,16282773,331,300
28052026_ENL153,512136,2026-05-28,ENL153,16282773,331,300
29052026_ENL153,51404,2026-05-29,ENL153,16287210,301,440
29052026_ENL153,511151,2026-05-29,ENL153,16287210,301,440
29052026_ENL153,512136,2026-05-29,ENL153,16287210,301,440
29052026_ENL153,51404,2026-05-29,ENL153,16288109,311,300
29052026_ENL153,511151,2026-05-29,ENL153,16288109,311,300
29052026_ENL153,512136,2026-05-29,ENL153,16288109,311,300
06052026_ENL152,311665,2026-05-06,ENL152,16178299,343,440
06052026_ENL152,1112392,2026-05-06,ENL152,16178299,343,440
06052026_ENL152,311665,2026-05-06,ENL152,16179396,341,490
06052026_ENL152,1112392,2026-05-06,ENL152,16179396,341,490
06052026_ENL152,311665,2026-05-06,ENL152,16180457,311,620
06052026_ENL152,1112392,2026-05-06,ENL152,16180457,311,620
07052026_ENL152,311665,2026-05-07,ENL152,16182231,201,180
07052026_ENL152,1112392,2026-05-07,ENL152,16182231,201,180
22052026_ENL152,311665,2026-05-22,ENL152,16255362,311,490
22052026_ENL152,311619,2026-05-22,ENL152,16255362,311,490
22052026_ENL152,311665,2026-05-22,ENL152,16255437,311,620
22052026_ENL152,311619,2026-05-22,ENL152,16255437,311,620
23052026_ENL152,311665,2026-05-23,ENL152,16258975,311,620
23052026_ENL152,311665,2026-05-23,ENL152,16259465,311,490
23052026_ENL152,311665,2026-05-23,ENL152,16259653,341,620
24052026_ENL152,,2026-05-24,ENL152,16230021,799,897
24052026_ENL152,,2026-05-24,ENL152,16262560,311,490
24052026_ENL152,,2026-05-24,ENL152,16262852,311,490
24052026_ENL152,,2026-05-24,ENL152,16263214,311,490
24052026_ENL152,,2026-05-24,ENL152,16263636,341,490
27052026_ENL152,311665,2026-05-27,ENL152,16276691,311,490
27052026_ENL152,311665,2026-05-27,ENL152,16276860,341,620
27052026_ENL152,311665,2026-05-27,ENL152,16278143,311,490
28052026_ENL152,311665,2026-05-28,ENL152,16281512,311,620
28052026_ENL152,311665,2026-05-28,ENL152,16280904,311,490
28052026_ENL152,311665,2026-05-28,ENL152,16281718,341,490
28052026_ENL152,311665,2026-05-28,ENL152,16282436,341,440
28052026_ENL152,311665,2026-05-28,ENL152,16283217,301,620
29052026_ENL152,311665,2026-05-29,ENL152,16286229,341,490
29052026_ENL152,311648,2026-05-29,ENL152,16286229,341,490
29052026_ENL152,311665,2026-05-29,ENL152,16286641,311,490
29052026_ENL152,311648,2026-05-29,ENL152,16286641,311,490
29052026_ENL152,311665,2026-05-29,ENL152,16287649,312,300
29052026_ENL152,311648,2026-05-29,ENL152,16287649,312,300
01052026_ENL151,311612,2026-05-01,ENL151,16159595,341,490
01052026_ENL151,311612,2026-05-01,ENL151,16160024,201,490
02052026_ENL151,311665,2026-05-02,ENL151,16162893,341,440
02052026_ENL151,311432,2026-05-02,ENL151,16162893,341,440
02052026_ENL151,311665,2026-05-02,ENL151,16163224,311,490
02052026_ENL151,311432,2026-05-02,ENL151,16163224,311,490
02052026_ENL151,311665,2026-05-02,ENL151,16162578,799,897
02052026_ENL151,311432,2026-05-02,ENL151,16162578,799,897
02052026_ENL151,311665,2026-05-02,ENL151,16163834,311,440
02052026_ENL151,311432,2026-05-02,ENL151,16163834,311,440
03052026_ENL151,311665,2026-05-03,ENL151,16166011,799,897
03052026_ENL151,311432,2026-05-03,ENL151,16166011,799,897
03052026_ENL151,311665,2026-05-03,ENL151,16165699,311,490
03052026_ENL151,311432,2026-05-03,ENL151,16165699,311,490
03052026_ENL151,311665,2026-05-03,ENL151,16166562,799,897
03052026_ENL151,311432,2026-05-03,ENL151,16166562,799,897
03052026_ENL151,311665,2026-05-03,ENL151,16165975,799,897
03052026_ENL151,311432,2026-05-03,ENL151,16165975,799,897
04052026_ENL151,311612,2026-05-04,ENL151,16169923,201,890
04052026_ENL151,311612,2026-05-04,ENL151,16170086,341,490
04052026_ENL151,311612,2026-05-04,ENL151,16170052,129,880
06052026_ENL151,511093,2026-05-06,ENL151,16178633,311,300
06052026_ENL151,311612,2026-05-06,ENL151,16178633,311,300
06052026_ENL151,511093,2026-05-06,ENL151,16180612,342,300
06052026_ENL151,311612,2026-05-06,ENL151,16180612,342,300
08052026_ENL151,1112392,2026-05-08,ENL151,16189849,311,490
11052026_ENL151,1112392,2026-05-11,ENL151,16201028,311,180
11052026_ENL151,311665,2026-05-11,ENL151,16201028,311,180
11052026_ENL151,1112392,2026-05-11,ENL151,16200807,311,490
11052026_ENL151,311665,2026-05-11,ENL151,16200807,311,490
11052026_ENL151,1112392,2026-05-11,ENL151,16201144,311,490
11052026_ENL151,311665,2026-05-11,ENL151,16201144,311,490
11052026_ENL151,1112392,2026-05-11,ENL151,16203443,201,20
11052026_ENL151,311665,2026-05-11,ENL151,16203443,201,20
12052026_ENL151,311665,2026-05-12,ENL151,16206356,129,880
12052026_ENL151,1112392,2026-05-12,ENL151,16206356,129,880
12052026_ENL151,311665,2026-05-12,ENL151,16207635,104,890
12052026_ENL151,1112392,2026-05-12,ENL151,16207635,104,890
12052026_ENL151,311665,2026-05-12,ENL151,16208103,311,490
12052026_ENL151,1112392,2026-05-12,ENL151,16208103,311,490
12052026_ENL151,311665,2026-05-12,ENL151,16208326,104,890
12052026_ENL151,1112392,2026-05-12,ENL151,16208326,104,890
13052026_ENL151,311665,2026-05-13,ENL151,16212331,341,490
13052026_ENL151,1112392,2026-05-13,ENL151,16212331,341,490
13052026_ENL151,311665,2026-05-13,ENL151,16213124,311,620
13052026_ENL151,1112392,2026-05-13,ENL151,16213124,311,620
13052026_ENL151,311665,2026-05-13,ENL151,16214567,341,302
13052026_ENL151,1112392,2026-05-13,ENL151,16214567,341,302
14052026_ENL151,311665,2026-05-14,ENL151,16218456,311,490
14052026_ENL151,1112392,2026-05-14,ENL151,16218456,311,490
14052026_ENL151,311665,2026-05-14,ENL151,16219172,311,440
14052026_ENL151,1112392,2026-05-14,ENL151,16219172,311,440
14052026_ENL151,311665,2026-05-14,ENL151,16219846,343,620
14052026_ENL151,1112392,2026-05-14,ENL151,16219846,343,620
16052026_ENL151,311665,2026-05-16,ENL151,16227999,311,620
16052026_ENL151,1112392,2026-05-16,ENL151,16227999,311,620
16052026_ENL151,311665,2026-05-16,ENL151,16228021,301,880
16052026_ENL151,1112392,2026-05-16,ENL151,16228021,301,880
16052026_ENL151,311665,2026-05-16,ENL151,16228347,201,325
16052026_ENL151,1112392,2026-05-16,ENL151,16228347,201,325
16052026_ENL151,311665,2026-05-16,ENL151,16228646,311,490
16052026_ENL151,1112392,2026-05-16,ENL151,16228646,311,490
22052026_ENL151,1112392,2026-05-22,ENL151,16255121,343,620
22052026_ENL151,51623,2026-05-22,ENL151,16255121,343,620
22052026_ENL151,1112392,2026-05-22,ENL151,16255363,311,620
22052026_ENL151,51623,2026-05-22,ENL151,16255363,311,620
22052026_ENL151,1112392,2026-05-22,ENL151,16255004,341,620
22052026_ENL151,51623,2026-05-22,ENL151,16255004,341,620
22052026_ENL151,1112392,2026-05-22,ENL151,16256292,343,620
22052026_ENL151,51623,2026-05-22,ENL151,16256292,343,620
23052026_ENL151,1112392,2026-05-23,ENL151,16258744,311,620
23052026_ENL151,51623,2026-05-23,ENL151,16258744,311,620
23052026_ENL151,1112392,2026-05-23,ENL151,16256455,311,620
23052026_ENL151,51623,2026-05-23,ENL151,16256455,311,620
23052026_ENL151,1112392,2026-05-23,ENL151,16259713,341,620
23052026_ENL151,51623,2026-05-23,ENL151,16259713,341,620
24052026_ENL151,1112392,2026-05-24,ENL151,16262436,311,620
24052026_ENL151,51623,2026-05-24,ENL151,16262436,311,620
24052026_ENL151,1112392,2026-05-24,ENL151,16263059,311,620
24052026_ENL151,51623,2026-05-24,ENL151,16263059,311,620
20052026_ENL150,511093,2026-05-20,ENL150,16245630,311,300
20052026_ENL150,311612,2026-05-20,ENL150,16245630,311,300
20052026_ENL150,511093,2026-05-20,ENL150,16246091,311,620
20052026_ENL150,311612,2026-05-20,ENL150,16246091,311,620
21052026_ENL150,511093,2026-05-21,ENL150,16250379,341,490
21052026_ENL150,311612,2026-05-21,ENL150,16250379,341,490
21052026_ENL150,511093,2026-05-21,ENL150,16250757,341,620
21052026_ENL150,311612,2026-05-21,ENL150,16250757,341,620
21052026_ENL150,511093,2026-05-21,ENL150,16251578,342,343
21052026_ENL150,311612,2026-05-21,ENL150,16251578,342,343
25052026_ENL150,511093,2026-05-25,ENL150,16266434,341,620
25052026_ENL150,311612,2026-05-25,ENL150,16266434,341,620
25052026_ENL150,511093,2026-05-25,ENL150,16267012,341,301
25052026_ENL150,311612,2026-05-25,ENL150,16267012,341,301
25052026_ENL150,511093,2026-05-25,ENL150,16267605,125,880
25052026_ENL150,311612,2026-05-25,ENL150,16267605,125,880
25052026_ENL150,511093,2026-05-25,ENL150,16268222,341,620
25052026_ENL150,311612,2026-05-25,ENL150,16268222,341,620
26052026_ENL150,511093,2026-05-26,ENL150,16270291,343,620
26052026_ENL150,311612,2026-05-26,ENL150,16270291,343,620
26052026_ENL150,511093,2026-05-26,ENL150,16271887,201,490
26052026_ENL150,311612,2026-05-26,ENL150,16271887,201,490
27052026_ENL150,311612,2026-05-27,ENL150,16276085,341,620
27052026_ENL150,511093,2026-05-27,ENL150,16276085,341,620
27052026_ENL150,311612,2026-05-27,ENL150,16276535,129,880
27052026_ENL150,511093,2026-05-27,ENL150,16276535,129,880
27052026_ENL150,311612,2026-05-27,ENL150,16277631,311,620
27052026_ENL150,511093,2026-05-27,ENL150,16277631,311,620
28052026_ENL150,311612,2026-05-28,ENL150,16280562,341,490
28052026_ENL150,511093,2026-05-28,ENL150,16280562,341,490
28052026_ENL150,512132,2026-05-28,ENL150,16280562,341,490
28052026_ENL150,311612,2026-05-28,ENL150,16281376,341,620
28052026_ENL150,511093,2026-05-28,ENL150,16281376,341,620
28052026_ENL150,512132,2026-05-28,ENL150,16281376,341,620
28052026_ENL150,311612,2026-05-28,ENL150,16282199,127,880
28052026_ENL150,511093,2026-05-28,ENL150,16282199,127,880
28052026_ENL150,512132,2026-05-28,ENL150,16282199,127,880
28052026_ENL150,311612,2026-05-28,ENL150,16282787,342,343
28052026_ENL150,511093,2026-05-28,ENL150,16282787,342,343
28052026_ENL150,512132,2026-05-28,ENL150,16282787,342,343
30052026_ENL150,511093,2026-05-30,ENL150,16290241,342,300
30052026_ENL150,311612,2026-05-30,ENL150,16290241,342,300
30052026_ENL150,511093,2026-05-30,ENL150,16280203,799,897
30052026_ENL150,311612,2026-05-30,ENL150,16280203,799,897
30052026_ENL150,511093,2026-05-30,ENL150,16291005,312,300
30052026_ENL150,311612,2026-05-30,ENL150,16291005,312,300
31052026_ENL150,511093,2026-05-31,ENL150,16282069,799,897
31052026_ENL150,311612,2026-05-31,ENL150,16282069,799,897
31052026_ENL150,511093,2026-05-31,ENL150,16293324,799,897
31052026_ENL150,311612,2026-05-31,ENL150,16293324,799,897
31052026_ENL150,511093,2026-05-31,ENL150,16293872,104,890
31052026_ENL150,311612,2026-05-31,ENL150,16293872,104,890
06052026_ENL149,311648,2026-05-06,ENL149,16179338,341,300
06052026_ENL149,1112623,2026-05-06,ENL149,16179338,341,300
01052026_ENL148,512009,2026-05-01,ENL148,16156936,129,880
01052026_ENL148,512003,2026-05-01,ENL148,16156936,129,880
01052026_ENL148,511051,2026-05-01,ENL148,16156936,129,880
06052026_ENL148,512009,2026-05-06,ENL148,16179099,301,180
06052026_ENL148,512003,2026-05-06,ENL148,16179099,301,180
06052026_ENL148,511051,2026-05-06,ENL148,16179099,301,180
06052026_ENL148,512009,2026-05-06,ENL148,16178844,343,300
06052026_ENL148,512003,2026-05-06,ENL148,16178844,343,300
06052026_ENL148,511051,2026-05-06,ENL148,16178844,343,300
06052026_ENL148,512009,2026-05-06,ENL148,16178445,311,440
06052026_ENL148,512003,2026-05-06,ENL148,16178445,311,440
06052026_ENL148,511051,2026-05-06,ENL148,16178445,311,440
07052026_ENL148,512009,2026-05-07,ENL148,16183140,342,300
07052026_ENL148,512003,2026-05-07,ENL148,16183140,342,300
07052026_ENL148,511051,2026-05-07,ENL148,16183140,342,300
07052026_ENL148,512009,2026-05-07,ENL148,16182775,341,300
07052026_ENL148,512003,2026-05-07,ENL148,16182775,341,300
07052026_ENL148,511051,2026-05-07,ENL148,16182775,341,300
09052026_ENL148,512009,2026-05-09,ENL148,16192736,301,490
09052026_ENL148,512003,2026-05-09,ENL148,16192736,301,490
09052026_ENL148,511051,2026-05-09,ENL148,16192736,301,490
09052026_ENL148,512009,2026-05-09,ENL148,16193345,341,300
09052026_ENL148,512003,2026-05-09,ENL148,16193345,341,300
09052026_ENL148,511051,2026-05-09,ENL148,16193345,341,300
10052026_ENL148,512009,2026-05-10,ENL148,16196860,201,180
10052026_ENL148,512003,2026-05-10,ENL148,16196860,201,180
10052026_ENL148,511051,2026-05-10,ENL148,16196860,201,180
11052026_ENL148,512009,2026-05-11,ENL148,16201068,799,897
11052026_ENL148,512003,2026-05-11,ENL148,16201068,799,897
11052026_ENL148,511051,2026-05-11,ENL148,16201068,799,897
11052026_ENL148,512009,2026-05-11,ENL148,16201047,311,440
11052026_ENL148,512003,2026-05-11,ENL148,16201047,311,440
11052026_ENL148,511051,2026-05-11,ENL148,16201047,311,440
11052026_ENL148,512009,2026-05-11,ENL148,16200631,311,440
11052026_ENL148,512003,2026-05-11,ENL148,16200631,311,440
11052026_ENL148,511051,2026-05-11,ENL148,16200631,311,440
11052026_ENL148,512009,2026-05-11,ENL148,16202651,311,490
11052026_ENL148,512003,2026-05-11,ENL148,16202651,311,490
11052026_ENL148,511051,2026-05-11,ENL148,16202651,311,490
12052026_ENL148,512009,2026-05-12,ENL148,16206418,311,490
12052026_ENL148,512003,2026-05-12,ENL148,16206418,311,490
12052026_ENL148,511051,2026-05-12,ENL148,16206418,311,490
12052026_ENL148,512009,2026-05-12,ENL148,16206319,343,490
12052026_ENL148,512003,2026-05-12,ENL148,16206319,343,490
12052026_ENL148,511051,2026-05-12,ENL148,16206319,343,490
15052026_ENL148,512009,2026-05-15,ENL148,16224017,341,490
15052026_ENL148,512003,2026-05-15,ENL148,16224017,341,490
15052026_ENL148,511051,2026-05-15,ENL148,16224017,341,490
15052026_ENL148,512009,2026-05-15,ENL148,16224474,311,440
15052026_ENL148,512003,2026-05-15,ENL148,16224474,311,440
15052026_ENL148,511051,2026-05-15,ENL148,16224474,311,440
15052026_ENL148,512009,2026-05-15,ENL148,16224869,341,490
15052026_ENL148,512003,2026-05-15,ENL148,16224869,341,490
15052026_ENL148,511051,2026-05-15,ENL148,16224869,341,490
16052026_ENL148,512009,2026-05-16,ENL148,16227948,799,897
16052026_ENL148,512003,2026-05-16,ENL148,16227948,799,897
16052026_ENL148,511051,2026-05-16,ENL148,16227948,799,897
16052026_ENL148,512009,2026-05-16,ENL148,16227778,201,490
16052026_ENL148,512003,2026-05-16,ENL148,16227778,201,490
16052026_ENL148,511051,2026-05-16,ENL148,16227778,201,490
17052026_ENL148,512009,2026-05-17,ENL148,16231516,129,880
17052026_ENL148,512003,2026-05-17,ENL148,16231516,129,880
17052026_ENL148,511051,2026-05-17,ENL148,16231516,129,880
17052026_ENL148,512009,2026-05-17,ENL148,16231557,341,490
17052026_ENL148,512003,2026-05-17,ENL148,16231557,341,490
17052026_ENL148,511051,2026-05-17,ENL148,16231557,341,490
17052026_ENL148,512009,2026-05-17,ENL148,16231794,341,490
17052026_ENL148,512003,2026-05-17,ENL148,16231794,341,490
17052026_ENL148,511051,2026-05-17,ENL148,16231794,341,490
17052026_ENL148,512009,2026-05-17,ENL148,16230485,301,440
17052026_ENL148,512003,2026-05-17,ENL148,16230485,301,440
17052026_ENL148,511051,2026-05-17,ENL148,16230485,301,440
22052026_ENL148,512003,2026-05-22,ENL148,16255360,311,490
22052026_ENL148,511051,2026-05-22,ENL148,16255360,311,490
22052026_ENL148,512009,2026-05-22,ENL148,16255360,311,490
22052026_ENL148,512003,2026-05-22,ENL148,16256145,341,490
22052026_ENL148,511051,2026-05-22,ENL148,16256145,341,490
22052026_ENL148,512009,2026-05-22,ENL148,16256145,341,490
25052026_ENL148,512003,2026-05-25,ENL148,16267026,129,880
25052026_ENL148,511051,2026-05-25,ENL148,16267026,129,880
25052026_ENL148,512009,2026-05-25,ENL148,16267026,129,880
25052026_ENL148,512003,2026-05-25,ENL148,16267666,311,490
25052026_ENL148,511051,2026-05-25,ENL148,16267666,311,490
25052026_ENL148,512009,2026-05-25,ENL148,16267666,311,490
25052026_ENL148,512003,2026-05-25,ENL148,16268085,311,300
25052026_ENL148,511051,2026-05-25,ENL148,16268085,311,300
25052026_ENL148,512009,2026-05-25,ENL148,16268085,311,300
26052026_ENL148,512003,2026-05-26,ENL148,16271745,341,490
26052026_ENL148,511051,2026-05-26,ENL148,16271745,341,490
26052026_ENL148,512003,2026-05-26,ENL148,16272273,341,490
26052026_ENL148,511051,2026-05-26,ENL148,16272273,341,490
26052026_ENL148,512003,2026-05-26,ENL148,16272703,341,440
26052026_ENL148,511051,2026-05-26,ENL148,16272703,341,440
27052026_ENL148,512003,2026-05-27,ENL148,16277022,311,300
27052026_ENL148,512009,2026-05-27,ENL148,16277022,311,300
27052026_ENL148,511051,2026-05-27,ENL148,16277022,311,300
27052026_ENL148,512003,2026-05-27,ENL148,16277971,799,897
27052026_ENL148,512009,2026-05-27,ENL148,16277971,799,897
27052026_ENL148,511051,2026-05-27,ENL148,16277971,799,897
28052026_ENL148,512003,2026-05-28,ENL148,16281733,311,300
28052026_ENL148,512009,2026-05-28,ENL148,16281733,311,300
28052026_ENL148,511051,2026-05-28,ENL148,16281733,311,300
28052026_ENL148,512003,2026-05-28,ENL148,16281834,311,300
28052026_ENL148,512009,2026-05-28,ENL148,16281834,311,300
28052026_ENL148,511051,2026-05-28,ENL148,16281834,311,300
28052026_ENL148,512003,2026-05-28,ENL148,16282506,341,300
28052026_ENL148,512009,2026-05-28,ENL148,16282506,341,300
28052026_ENL148,511051,2026-05-28,ENL148,16282506,341,300
04052026_ENL147,311658,2026-05-04,ENL147,16170675,311,620
04052026_ENL147,512000,2026-05-04,ENL147,16170675,311,620
04052026_ENL147,1112714,2026-05-04,ENL147,16170675,311,620
07052026_ENL147,311658,2026-05-07,ENL147,16184090,311,180
07052026_ENL147,512000,2026-05-07,ENL147,16184090,311,180
07052026_ENL147,1112714,2026-05-07,ENL147,16184090,311,180
09052026_ENL147,311658,2026-05-09,ENL147,16192938,301,300
09052026_ENL147,512000,2026-05-09,ENL147,16192938,301,300
09052026_ENL147,1112714,2026-05-09,ENL147,16192938,301,300
11052026_ENL147,311658,2026-05-11,ENL147,16201591,311,311
11052026_ENL147,512000,2026-05-11,ENL147,16201591,311,311
11052026_ENL147,1112714,2026-05-11,ENL147,16201591,311,311
11052026_ENL147,311658,2026-05-11,ENL147,16202002,311,490
11052026_ENL147,512000,2026-05-11,ENL147,16202002,311,490
11052026_ENL147,1112714,2026-05-11,ENL147,16202002,311,490
14052026_ENL147,311658,2026-05-14,ENL147,16218641,341,440
14052026_ENL147,512000,2026-05-14,ENL147,16218641,341,440
14052026_ENL147,311658,2026-05-14,ENL147,16218818,311,440
14052026_ENL147,512000,2026-05-14,ENL147,16218818,311,440
14052026_ENL147,311658,2026-05-14,ENL147,16219296,341,300
14052026_ENL147,512000,2026-05-14,ENL147,16219296,341,300
14052026_ENL147,311658,2026-05-14,ENL147,16219926,201,200
14052026_ENL147,512000,2026-05-14,ENL147,16219926,201,200
16052026_ENL147,311658,2026-05-16,ENL147,16228197,341,300
16052026_ENL147,512000,2026-05-16,ENL147,16228197,341,300
16052026_ENL147,1112714,2026-05-16,ENL147,16228197,341,300
22052026_ENL147,311658,2026-05-22,ENL147,16255567,201,20
22052026_ENL147,1112714,2026-05-22,ENL147,16255567,201,20
22052026_ENL147,512000,2026-05-22,ENL147,16255567,201,20
27052026_ENL147,311658,2026-05-27,ENL147,16276263,311,20
27052026_ENL147,512000,2026-05-27,ENL147,16276263,311,20
27052026_ENL147,1112714,2026-05-27,ENL147,16276263,311,20
27052026_ENL147,311658,2026-05-27,ENL147,16275585,129,880
27052026_ENL147,512000,2026-05-27,ENL147,16275585,129,880
27052026_ENL147,1112714,2026-05-27,ENL147,16275585,129,880
27052026_ENL147,311658,2026-05-27,ENL147,16277641,311,180
27052026_ENL147,512000,2026-05-27,ENL147,16277641,311,180
27052026_ENL147,1112714,2026-05-27,ENL147,16277641,311,180
28052026_ENL147,311658,2026-05-28,ENL147,16275899,201,321
28052026_ENL147,512000,2026-05-28,ENL147,16275899,201,321
28052026_ENL147,1112714,2026-05-28,ENL147,16275899,201,321
28052026_ENL147,311658,2026-05-28,ENL147,16280335,126,880
28052026_ENL147,512000,2026-05-28,ENL147,16280335,126,880
28052026_ENL147,1112714,2026-05-28,ENL147,16280335,126,880
28052026_ENL147,311658,2026-05-28,ENL147,16282083,301,180
28052026_ENL147,512000,2026-05-28,ENL147,16282083,301,180
28052026_ENL147,1112714,2026-05-28,ENL147,16282083,301,180
30052026_ENL147,311658,2026-05-30,ENL147,16289314,104,321
30052026_ENL147,512000,2026-05-30,ENL147,16289314,104,321
30052026_ENL147,1112714,2026-05-30,ENL147,16289314,104,321
30052026_ENL147,311658,2026-05-30,ENL147,16290640,311,311
30052026_ENL147,512000,2026-05-30,ENL147,16290640,311,311
30052026_ENL147,1112714,2026-05-30,ENL147,16290640,311,311
30052026_ENL147,311658,2026-05-30,ENL147,16290986,311,620
30052026_ENL147,512000,2026-05-30,ENL147,16290986,311,620
30052026_ENL147,1112714,2026-05-30,ENL147,16290986,311,620
31052026_ENL147,311658,2026-05-31,ENL147,16293189,799,899
31052026_ENL147,512000,2026-05-31,ENL147,16293189,799,899
31052026_ENL147,1112714,2026-05-31,ENL147,16293189,799,899
31052026_ENL147,311658,2026-05-31,ENL147,16293258,301,20
31052026_ENL147,512000,2026-05-31,ENL147,16293258,301,20
31052026_ENL147,1112714,2026-05-31,ENL147,16293258,301,20
31052026_ENL147,311658,2026-05-31,ENL147,16293600,341,620
31052026_ENL147,512000,2026-05-31,ENL147,16293600,341,620
31052026_ENL147,1112714,2026-05-31,ENL147,16293600,341,620
10052026_ENL145,1112447,2026-05-10,ENL145,16196592,342,300
10052026_ENL145,1112799,2026-05-10,ENL145,16196592,342,300
10052026_ENL145,1112447,2026-05-10,ENL145,16197086,312,300
10052026_ENL145,1112799,2026-05-10,ENL145,16197086,312,300
10052026_ENL145,1112447,2026-05-10,ENL145,16197404,312,300
10052026_ENL145,1112799,2026-05-10,ENL145,16197404,312,300
10052026_ENL145,1112447,2026-05-10,ENL145,16196883,301,460
10052026_ENL145,1112799,2026-05-10,ENL145,16196883,301,460
11052026_ENL145,1112799,2026-05-11,ENL145,16203190,201,300
11052026_ENL145,51402,2026-05-11,ENL145,16203190,201,300
12052026_ENL145,1112447,2026-05-12,ENL145,16205970,301,150
12052026_ENL145,51402,2026-05-12,ENL145,16205970,301,150
12052026_ENL145,1112799,2026-05-12,ENL145,16205970,301,150
15052026_ENL145,1112447,2026-05-15,ENL145,16223590,331,180
15052026_ENL145,51402,2026-05-15,ENL145,16223590,331,180
15052026_ENL145,1112799,2026-05-15,ENL145,16223590,331,180
15052026_ENL145,1112447,2026-05-15,ENL145,16224661,343,620
15052026_ENL145,51402,2026-05-15,ENL145,16224661,343,620
15052026_ENL145,1112799,2026-05-15,ENL145,16224661,343,620
17052026_ENL145,1112447,2026-05-17,ENL145,16231761,342,300
17052026_ENL145,51402,2026-05-17,ENL145,16231761,342,300
17052026_ENL145,1112799,2026-05-17,ENL145,16231761,342,300
17052026_ENL145,1112447,2026-05-17,ENL145,16232021,342,300
17052026_ENL145,51402,2026-05-17,ENL145,16232021,342,300
17052026_ENL145,1112799,2026-05-17,ENL145,16232021,342,300
17052026_ENL145,1112447,2026-05-17,ENL145,16232467,343,180
17052026_ENL145,51402,2026-05-17,ENL145,16232467,343,180
17052026_ENL145,1112799,2026-05-17,ENL145,16232467,343,180
17052026_ENL145,1112447,2026-05-17,ENL145,16231630,342,300
17052026_ENL145,51402,2026-05-17,ENL145,16231630,342,300
17052026_ENL145,1112799,2026-05-17,ENL145,16231630,342,300
17052026_ENL145,1112447,2026-05-17,ENL145,16233116,342,300
17052026_ENL145,51402,2026-05-17,ENL145,16233116,342,300
17052026_ENL145,1112799,2026-05-17,ENL145,16233116,342,300
20052026_ENL145,1112447,2026-05-20,ENL145,16246163,342,343
20052026_ENL145,51402,2026-05-20,ENL145,16246163,342,343
20052026_ENL145,1112799,2026-05-20,ENL145,16246163,342,343
20052026_ENL145,1112447,2026-05-20,ENL145,16245949,342,300
20052026_ENL145,51402,2026-05-20,ENL145,16245949,342,300
20052026_ENL145,1112799,2026-05-20,ENL145,16245949,342,300
20052026_ENL145,1112447,2026-05-20,ENL145,16246310,311,460
20052026_ENL145,51402,2026-05-20,ENL145,16246310,311,460
20052026_ENL145,1112799,2026-05-20,ENL145,16246310,311,460
20052026_ENL145,1112447,2026-05-20,ENL145,16247314,312,300
20052026_ENL145,51402,2026-05-20,ENL145,16247314,312,300
20052026_ENL145,1112799,2026-05-20,ENL145,16247314,312,300
21052026_ENL145,1112447,2026-05-21,ENL145,16251994,343,620
21052026_ENL145,51402,2026-05-21,ENL145,16251994,343,620
21052026_ENL145,1112799,2026-05-21,ENL145,16251994,343,620
22052026_ENL145,1112447,2026-05-22,ENL145,16255433,126,880
22052026_ENL145,51402,2026-05-22,ENL145,16255433,126,880
22052026_ENL145,1112447,2026-05-22,ENL145,16255470,341,300
22052026_ENL145,51402,2026-05-22,ENL145,16255470,341,300
22052026_ENL145,1112447,2026-05-22,ENL145,16255950,341,300
22052026_ENL145,51402,2026-05-22,ENL145,16255950,341,300
22052026_ENL145,1112447,2026-05-22,ENL145,16255162,312,300
22052026_ENL145,51402,2026-05-22,ENL145,16255162,312,300
22052026_ENL145,1112447,2026-05-22,ENL145,16256553,311,311
22052026_ENL145,51402,2026-05-22,ENL145,16256553,311,311
25052026_ENL145,1112447,2026-05-25,ENL145,16264106,799,897
25052026_ENL145,51402,2026-05-25,ENL145,16264106,799,897
25052026_ENL145,1112799,2026-05-25,ENL145,16264106,799,897
25052026_ENL145,1112447,2026-05-25,ENL145,16267393,342,300
25052026_ENL145,51402,2026-05-25,ENL145,16267393,342,300
25052026_ENL145,1112799,2026-05-25,ENL145,16267393,342,300
25052026_ENL145,1112447,2026-05-25,ENL145,16267439,301,440
25052026_ENL145,51402,2026-05-25,ENL145,16267439,301,440
25052026_ENL145,1112799,2026-05-25,ENL145,16267439,301,440
26052026_ENL145,1112447,2026-05-26,ENL145,16271534,342,300
26052026_ENL145,51402,2026-05-26,ENL145,16271534,342,300
26052026_ENL145,1112799,2026-05-26,ENL145,16271534,342,300
26052026_ENL145,1112447,2026-05-26,ENL145,16272320,311,300
26052026_ENL145,51402,2026-05-26,ENL145,16272320,311,300
26052026_ENL145,1112799,2026-05-26,ENL145,16272320,311,300
26052026_ENL145,1112447,2026-05-26,ENL145,16273057,126,880
26052026_ENL145,51402,2026-05-26,ENL145,16273057,126,880
26052026_ENL145,1112799,2026-05-26,ENL145,16273057,126,880
27052026_ENL145,1112447,2026-05-27,ENL145,16277810,129,880
27052026_ENL145,51402,2026-05-27,ENL145,16277810,129,880
27052026_ENL145,1112447,2026-05-27,ENL145,16277296,331,180
27052026_ENL145,51402,2026-05-27,ENL145,16277296,331,180
28052026_ENL145,1112447,2026-05-28,ENL145,16280705,341,311
28052026_ENL145,51402,2026-05-28,ENL145,16280705,341,311
28052026_ENL145,1112447,2026-05-28,ENL145,16281909,311,490
28052026_ENL145,51402,2026-05-28,ENL145,16281909,311,490
28052026_ENL145,1112447,2026-05-28,ENL145,16282863,312,300
28052026_ENL145,51402,2026-05-28,ENL145,16282863,312,300
28052026_ENL145,1112447,2026-05-28,ENL145,16282730,342,343
28052026_ENL145,51402,2026-05-28,ENL145,16282730,342,343
30052026_ENL145,1112447,2026-05-30,ENL145,16287494,799,897
30052026_ENL145,1112799,2026-05-30,ENL145,16287494,799,897
30052026_ENL145,1112447,2026-05-30,ENL145,16290778,799,897
30052026_ENL145,1112799,2026-05-30,ENL145,16290778,799,897
30052026_ENL145,1112447,2026-05-30,ENL145,16291034,342,343
30052026_ENL145,1112799,2026-05-30,ENL145,16291034,342,343
30052026_ENL145,1112447,2026-05-30,ENL145,16291437,342,300
30052026_ENL145,1112799,2026-05-30,ENL145,16291437,342,300
31052026_ENL145,1112447,2026-05-31,ENL145,16293311,799,897
31052026_ENL145,1112799,2026-05-31,ENL145,16293311,799,897
31052026_ENL145,51402,2026-05-31,ENL145,16293311,799,897
31052026_ENL145,1112447,2026-05-31,ENL145,16293357,799,899
31052026_ENL145,1112799,2026-05-31,ENL145,16293357,799,899
31052026_ENL145,51402,2026-05-31,ENL145,16293357,799,899
31052026_ENL145,1112447,2026-05-31,ENL145,16293603,311,490
31052026_ENL145,1112799,2026-05-31,ENL145,16293603,311,490
31052026_ENL145,51402,2026-05-31,ENL145,16293603,311,490
31052026_ENL145,1112447,2026-05-31,ENL145,16294115,343,440
31052026_ENL145,1112799,2026-05-31,ENL145,16294115,343,440
31052026_ENL145,51402,2026-05-31,ENL145,16294115,343,440
29052026_ENL144,1112605,2026-05-29,ENL144,16286973,311,490
29052026_ENL144,1112605,2026-05-29,ENL144,16287957,341,490
29052026_ENL144,1112605,2026-05-29,ENL144,16288093,341,460
30052026_ENL144,51410,2026-05-30,ENL144,16077535,799,897
30052026_ENL144,311394,2026-05-30,ENL144,16077535,799,897
30052026_ENL144,51410,2026-05-30,ENL144,16290807,799,897
30052026_ENL144,311394,2026-05-30,ENL144,16290807,799,897
30052026_ENL144,51410,2026-05-30,ENL144,16291099,342,300
30052026_ENL144,311394,2026-05-30,ENL144,16291099,342,300
30052026_ENL144,51410,2026-05-30,ENL144,16291514,799,897
30052026_ENL144,311394,2026-05-30,ENL144,16291514,799,897
31052026_ENL144,51410,2026-05-31,ENL144,16293260,799,897
31052026_ENL144,1112605,2026-05-31,ENL144,16293260,799,897
31052026_ENL144,51410,2026-05-31,ENL144,16293413,312,300
31052026_ENL144,1112605,2026-05-31,ENL144,16293413,312,300
31052026_ENL144,51410,2026-05-31,ENL144,16293838,341,490
31052026_ENL144,1112605,2026-05-31,ENL144,16293838,341,490
31052026_ENL144,51410,2026-05-31,ENL144,16294099,301,490
31052026_ENL144,1112605,2026-05-31,ENL144,16294099,301,490
29052026_ENL143,31895,2026-05-29,ENL143,16078810,799,897
29052026_ENL143,511100,2026-05-29,ENL143,16078810,799,897
30052026_ENL141,1112542,2026-05-30,ENL141,16289933,341,311
30052026_ENL141,311903,2026-05-30,ENL141,16289933,341,311
30052026_ENL141,1112542,2026-05-30,ENL141,16290443,312,300
30052026_ENL141,311903,2026-05-30,ENL141,16290443,312,300
30052026_ENL141,1112542,2026-05-30,ENL141,16290626,311,490
30052026_ENL141,311903,2026-05-30,ENL141,16290626,311,490
30052026_ENL141,1112542,2026-05-30,ENL141,16290956,343,490
30052026_ENL141,311903,2026-05-30,ENL141,16290956,343,490
31052026_ENL141,1112542,2026-05-31,ENL141,16290700,799,897
31052026_ENL141,311903,2026-05-31,ENL141,16290700,799,897
31052026_ENL141,1112542,2026-05-31,ENL141,16293278,799,897
31052026_ENL141,311903,2026-05-31,ENL141,16293278,799,897
31052026_ENL141,1112542,2026-05-31,ENL141,16293402,311,311
31052026_ENL141,311903,2026-05-31,ENL141,16293402,311,311
14052026_ENL140,31107,2026-05-14,ENL140,16219932,343,440
14052026_ENL140,51400,2026-05-14,ENL140,16219932,343,440
26052026_ENL140,31107,2026-05-26,ENL140,16269981,343,440
26052026_ENL140,51400,2026-05-26,ENL140,16269981,343,440
27052026_ENL140,31895,2026-05-27,ENL140,16277161,104,300
27052026_ENL140,511100,2026-05-27,ENL140,16277161,104,300
27052026_ENL140,31895,2026-05-27,ENL140,16276607,342,300
27052026_ENL140,511100,2026-05-27,ENL140,16276607,342,300
27052026_ENL140,31895,2026-05-27,ENL140,16276850,311,440
27052026_ENL140,511100,2026-05-27,ENL140,16276850,311,440
27052026_ENL140,31895,2026-05-27,ENL140,16278435,381,490
27052026_ENL140,511100,2026-05-27,ENL140,16278435,381,490
28052026_ENL137,1112764,2026-05-28,ENL137,16078810,799,897
28052026_ENL137,1112316,2026-05-28,ENL137,16078810,799,897
29052026_ENL137,1112764,2026-05-29,ENL137,16285383,343,490
29052026_ENL137,1112316,2026-05-29,ENL137,16285383,343,490
29052026_ENL137,51410,2026-05-29,ENL137,16285383,343,490
29052026_ENL137,1112764,2026-05-29,ENL137,16286822,799,899
29052026_ENL137,1112316,2026-05-29,ENL137,16286822,799,899
29052026_ENL137,51410,2026-05-29,ENL137,16286822,799,899
29052026_ENL137,1112764,2026-05-29,ENL137,16286906,311,490
29052026_ENL137,1112316,2026-05-29,ENL137,16286906,311,490
29052026_ENL137,51410,2026-05-29,ENL137,16286906,311,490
08052026_ENL115,,2026-05-08,ENL115,16189190,799,897
08052026_ENL115,,2026-05-08,ENL115,16189415,341,300
08052026_ENL115,,2026-05-08,ENL115,16189865,301,490
26052026_ENL115,51682,2026-05-26,ENL115,16271479,343,620
26052026_ENL115,511072,2026-05-26,ENL115,16271479,343,620
29052026_ENL115,51682,2026-05-29,ENL115,16284794,301,490
29052026_ENL115,511072,2026-05-29,ENL115,16284794,301,490
03052026_ENL114,31122,2026-05-03,ENL114,16165437,201,490
03052026_ENL114,311114,2026-05-03,ENL114,16165437,201,490
19052026_ENL114,31122,2026-05-19,ENL114,16240483,301,440
19052026_ENL114,311114,2026-05-19,ENL114,16240483,301,440
19052026_ENL114,311556,2026-05-19,ENL114,16240483,301,440
27052026_ENL113,311483,2026-05-27,ENL113,16274760,341,620
27052026_ENL113,511045,2026-05-27,ENL113,16274760,341,620
18052026_ENL112,311556,2026-05-18,ENL112,16225823,799,897
18052026_ENL112,311944,2026-05-18,ENL112,16225823,799,897
18052026_ENL112,311556,2026-05-18,ENL112,16234662,311,440
18052026_ENL112,311944,2026-05-18,ENL112,16234662,311,440
18052026_ENL112,311556,2026-05-18,ENL112,16235160,311,490
18052026_ENL112,311944,2026-05-18,ENL112,16235160,311,490
18052026_ENL112,311556,2026-05-18,ENL112,16235698,311,490
18052026_ENL112,311944,2026-05-18,ENL112,16235698,311,490
18052026_ENL112,311556,2026-05-18,ENL112,16235456,342,300
18052026_ENL112,311944,2026-05-18,ENL112,16235456,342,300
21052026_ENL111,31920,2026-05-21,ENL111,16248958,343,311
30052026_ENL110,1112425,2026-05-30,ENL110,16289262,126,880
30052026_ENL110,51614,2026-05-30,ENL110,16289262,126,880
30052026_ENL110,1112425,2026-05-30,ENL110,16289431,343,440
30052026_ENL110,51614,2026-05-30,ENL110,16289431,343,440
30052026_ENL110,1112425,2026-05-30,ENL110,16289653,341,300
30052026_ENL110,51614,2026-05-30,ENL110,16289653,341,300
30052026_ENL110,1112425,2026-05-30,ENL110,16289898,311,490
30052026_ENL110,51614,2026-05-30,ENL110,16289898,311,490
30052026_ENL110,1112425,2026-05-30,ENL110,16289980,341,301
30052026_ENL110,51614,2026-05-30,ENL110,16289980,341,301
28052026_ENL109,311556,2026-05-28,ENL109,16280122,311,440
28052026_ENL109,311944,2026-05-28,ENL109,16280122,311,440
28052026_ENL109,311556,2026-05-28,ENL109,16279716,311,311
28052026_ENL109,311944,2026-05-28,ENL109,16279716,311,311
26052026_ENL108,,2026-05-26,ENL108,16271085,311,300
22052026_ENL106,311556,2026-05-22,ENL106,16253142,201,20
22052026_ENL106,51615,2026-05-22,ENL106,16253142,201,20
22052026_ENL106,311556,2026-05-22,ENL106,16254348,342,300
22052026_ENL106,51615,2026-05-22,ENL106,16254348,342,300
22052026_ENL106,311556,2026-05-22,ENL106,16254812,311,490
22052026_ENL106,51615,2026-05-22,ENL106,16254812,311,490
22052026_ENL106,311556,2026-05-22,ENL106,16254893,342,300
22052026_ENL106,51615,2026-05-22,ENL106,16254893,342,300
22052026_ENL106,311556,2026-05-22,ENL106,16255134,341,300
22052026_ENL106,51615,2026-05-22,ENL106,16255134,341,300
24052026_ENL106,311556,2026-05-24,ENL106,16261286,342,343
24052026_ENL106,311944,2026-05-24,ENL106,16261286,342,343
24052026_ENL106,311556,2026-05-24,ENL106,16261644,106,944
24052026_ENL106,311944,2026-05-24,ENL106,16261644,106,944
24052026_ENL106,311556,2026-05-24,ENL106,16261957,799,897
24052026_ENL106,311944,2026-05-24,ENL106,16261957,799,897
24052026_ENL106,311556,2026-05-24,ENL106,16262284,311,490
24052026_ENL106,311944,2026-05-24,ENL106,16262284,311,490
24052026_ENL106,311556,2026-05-24,ENL106,16262929,311,180
24052026_ENL106,311944,2026-05-24,ENL106,16262929,311,180
25052026_ENL106,311556,2026-05-25,ENL106,16263722,799,899
25052026_ENL106,51596,2026-05-25,ENL106,16263722,799,899
25052026_ENL106,311556,2026-05-25,ENL106,16263963,799,899
25052026_ENL106,51596,2026-05-25,ENL106,16263963,799,899
25052026_ENL106,311556,2026-05-25,ENL106,16264195,799,899
25052026_ENL106,51596,2026-05-25,ENL106,16264195,799,899
25052026_ENL106,311556,2026-05-25,ENL106,16265078,342,300
25052026_ENL106,51596,2026-05-25,ENL106,16265078,342,300
25052026_ENL106,311556,2026-05-25,ENL106,16265659,341,620
25052026_ENL106,51596,2026-05-25,ENL106,16265659,341,620
25052026_ENL106,311556,2026-05-25,ENL106,16266200,311,440
25052026_ENL106,51596,2026-05-25,ENL106,16266200,311,440
27052026_ENL105,311331,2026-05-27,ENL105,16273790,341,440
27052026_ENL105,51415,2026-05-27,ENL105,16273790,341,440
27052026_ENL105,1112576,2026-05-27,ENL105,16273790,341,440
27052026_ENL105,311331,2026-05-27,ENL105,16078810,799,897
27052026_ENL105,51415,2026-05-27,ENL105,16078810,799,897
27052026_ENL105,1112576,2026-05-27,ENL105,16078810,799,897
28052026_ENL105,311331,2026-05-28,ENL105,16280027,312,325
28052026_ENL105,1112576,2026-05-28,ENL105,16280027,312,325
28052026_ENL105,311331,2026-05-28,ENL105,16280168,201,490
28052026_ENL105,1112576,2026-05-28,ENL105,16280168,201,490
04052026_EML700,1112454,2026-05-04,EML700,16245778,311,490
04052026_EML700,1112659,2026-05-04,EML700,16245778,311,490
21052026_EML700,1112659,2026-05-21,EML700,16251052,342,316
21052026_EML700,1112454,2026-05-21,EML700,16251052,342,316
26052026_EML700,,2026-05-26,EML700,16270678,343,620
26052026_EML700,,2026-05-26,EML700,16271453,341,443
26052026_EML700,,2026-05-26,EML700,16271732,341,443
26052026_EML700,,2026-05-26,EML700,16271818,341,443
09052026_EML332,,2026-05-09,EML332,16193449,341,301
09052026_EML332,,2026-05-09,EML332,16193644,312,348
09052026_EML332,,2026-05-09,EML332,16193790,341,300
09052026_EML332,,2026-05-09,EML332,16194089,312,10
09052026_EML332,,2026-05-09,EML332,16194234,126,880
09052026_EML332,,2026-05-09,EML332,16194663,311,311
10052026_EML332,,2026-05-10,EML332,16197836,312,348
10052026_EML332,,2026-05-10,EML332,16197804,312,343
10052026_EML332,,2026-05-10,EML332,16198858,104,180
11052026_EML332,,2026-05-11,EML332,16202792,312,300
11052026_EML332,,2026-05-11,EML332,16202845,312,300
11052026_EML332,,2026-05-11,EML332,16203000,312,300
11052026_EML332,,2026-05-11,EML332,16203093,312,300
11052026_EML332,,2026-05-11,EML332,16203098,312,180
11052026_EML332,,2026-05-11,EML332,16203201,312,301
11052026_EML332,,2026-05-11,EML332,16203236,311,490
12052026_EML332,,2026-05-12,EML332,16208831,129,880
12052026_EML332,,2026-05-12,EML332,16209355,301,300
12052026_EML332,,2026-05-12,EML332,16208356,129,880
12052026_EML332,,2026-05-12,EML332,16208749,342,300
12052026_EML332,,2026-05-12,EML332,16209131,341,490
12052026_EML332,,2026-05-12,EML332,16208079,128,300
13052026_EML332,,2026-05-13,EML332,16213564,312,300
13052026_EML332,,2026-05-13,EML332,16214646,312,348
13052026_EML332,,2026-05-13,EML332,16213760,312,301
13052026_EML332,,2026-05-13,EML332,16214073,312,301
13052026_EML332,,2026-05-13,EML332,16214516,312,301
13052026_EML332,,2026-05-13,EML332,16214607,342,343
13052026_EML332,,2026-05-13,EML332,16214657,342,343
14052026_EML332,,2026-05-14,EML332,16218382,311,311
14052026_EML332,,2026-05-14,EML332,16220899,342,300
14052026_EML332,,2026-05-14,EML332,16220594,311,620
14052026_EML332,,2026-05-14,EML332,16220648,129,880
14052026_EML332,,2026-05-14,EML332,16220819,129,880
15052026_EML332,,2026-05-15,EML332,16222678,312,300
15052026_EML332,,2026-05-15,EML332,16224581,312,300
15052026_EML332,,2026-05-15,EML332,16224943,312,300
15052026_EML332,,2026-05-15,EML332,16224641,342,302
15052026_EML332,,2026-05-15,EML332,16226184,312,346
15052026_EML332,,2026-05-15,EML332,16226209,129,880
15052026_EML332,,2026-05-15,EML332,16225135,342,302
15052026_EML332,,2026-05-15,EML332,16225390,342,302
16052026_EML332,,2026-05-16,EML332,16228821,342,302
16052026_EML332,,2026-05-16,EML332,16228993,311,300
16052026_EML332,,2026-05-16,EML332,16229118,312,348
16052026_EML332,,2026-05-16,EML332,16229376,312,300
16052026_EML332,,2026-05-16,EML332,16229253,312,348
16052026_EML332,,2026-05-16,EML332,16229476,342,343
16052026_EML332,,2026-05-16,EML332,16229488,342,343
16052026_EML332,,2026-05-16,EML332,16229544,342,343
16052026_EML332,,2026-05-16,EML332,16229454,312,300
17052026_EML332,,2026-05-17,EML332,16232790,331,300
17052026_EML332,,2026-05-17,EML332,16232939,342,300
17052026_EML332,,2026-05-17,EML332,16233428,342,316
17052026_EML332,,2026-05-17,EML332,16233451,311,490
17052026_EML332,,2026-05-17,EML332,16233664,312,300
17052026_EML332,,2026-05-17,EML332,16233619,331,300
17052026_EML332,,2026-05-17,EML332,16234024,799,146
18052026_EML332,,2026-05-18,EML332,16237415,311,620
18052026_EML332,,2026-05-18,EML332,16237665,311,490
20052026_EML332,,2026-05-20,EML332,16247905,301,440
20052026_EML332,,2026-05-20,EML332,16247102,312,348
20052026_EML332,,2026-05-20,EML332,16247415,342,300
20052026_EML332,,2026-05-20,EML332,16247436,342,300
20052026_EML332,,2026-05-20,EML332,16247739,312,325
20052026_EML332,,2026-05-20,EML332,16247440,343,440
20052026_EML332,,2026-05-20,EML332,16247865,311,440
20052026_EML332,,2026-05-20,EML332,16248067,311,620
21052026_EML332,,2026-05-21,EML332,16251977,341,440
21052026_EML332,,2026-05-21,EML332,16251954,312,300
21052026_EML332,,2026-05-21,EML332,16252445,312,300
21052026_EML332,,2026-05-21,EML332,16252663,342,343
21052026_EML332,,2026-05-21,EML332,16253015,129,880
21052026_EML332,,2026-05-21,EML332,16252377,341,440
22052026_EML332,,2026-05-22,EML332,16256112,312,300
22052026_EML332,,2026-05-22,EML332,16256100,341,490
22052026_EML332,,2026-05-22,EML332,16256829,311,490
22052026_EML332,,2026-05-22,EML332,16256603,342,343
23052026_EML332,,2026-05-23,EML332,16260164,312,300
23052026_EML332,,2026-05-23,EML332,16260697,311,490
23052026_EML332,,2026-05-23,EML332,16260558,129,880
23052026_EML332,,2026-05-23,EML332,16261116,799,897
25052026_EML332,,2026-05-25,EML332,16268179,342,343
25052026_EML332,,2026-05-25,EML332,16267892,342,300
25052026_EML332,,2026-05-25,EML332,16268621,311,490
25052026_EML332,,2026-05-25,EML332,16268892,311,490
26052026_EML332,,2026-05-26,EML332,16272434,341,620
26052026_EML332,,2026-05-26,EML332,16272620,341,490
26052026_EML332,,2026-05-26,EML332,16270431,104,440
27052026_EML332,,2026-05-27,EML332,16279051,311,490
27052026_EML332,,2026-05-27,EML332,16278238,311,460
27052026_EML332,,2026-05-27,EML332,16278796,129,880
27052026_EML332,,2026-05-27,EML332,16279124,342,300
27052026_EML332,,2026-05-27,EML332,16279501,128,300
27052026_EML332,,2026-05-27,EML332,16279032,311,490
28052026_EML332,,2026-05-28,EML332,16282758,312,300
28052026_EML332,,2026-05-28,EML332,16282801,311,620
28052026_EML332,,2026-05-28,EML332,16283173,342,343
28052026_EML332,,2026-05-28,EML332,16283933,341,620
28052026_EML332,,2026-05-28,EML332,16284228,311,440
28052026_EML332,,2026-05-28,EML332,16284444,121,343
29052026_EML332,,2026-05-29,EML332,16288536,342,343
29052026_EML332,,2026-05-29,EML332,16288256,342,343
29052026_EML332,,2026-05-29,EML332,16288055,311,620
29052026_EML332,,2026-05-29,EML332,16288809,311,490
30052026_EML332,,2026-05-30,EML332,16291023,312,301
30052026_EML332,,2026-05-30,EML332,16291167,301,440
31052026_EML332,512202,2026-05-31,EML332,16294236,341,300
31052026_EML332,512202,2026-05-31,EML332,16293832,311,490
31052026_EML332,512202,2026-05-31,EML332,16294567,311,490
31052026_EML332,512202,2026-05-31,EML332,16294303,341,300
08052026_EML331,,2026-05-08,EML331,16190737,311,10
09052026_EML331,,2026-05-09,EML331,16193485,341,300
09052026_EML331,,2026-05-09,EML331,16193804,311,20
10052026_EML331,,2026-05-10,EML331,16197442,311,10
13052026_EML331,,2026-05-13,EML331,16213099,128,300
13052026_EML331,,2026-05-13,EML331,16213973,381,343
13052026_EML331,,2026-05-13,EML331,16214062,381,343
13052026_EML331,,2026-05-13,EML331,16214572,129,880
13052026_EML331,,2026-05-13,EML331,16214973,129,880
14052026_EML331,,2026-05-14,EML331,16217934,311,490
14052026_EML331,,2026-05-14,EML331,16217699,381,890
14052026_EML331,,2026-05-14,EML331,16220475,311,10
14052026_EML331,,2026-05-14,EML331,16219034,311,10
14052026_EML331,,2026-05-14,EML331,16221054,129,880
14052026_EML331,,2026-05-14,EML331,16221605,381,343
15052026_EML331,,2026-05-15,EML331,16224606,311,10
15052026_EML331,,2026-05-15,EML331,16225964,311,10
15052026_EML331,,2026-05-15,EML331,16226269,311,10
15052026_EML331,,2026-05-15,EML331,16226306,311,10
18052026_EML331,,2026-05-18,EML331,16237487,312,300
18052026_EML331,,2026-05-18,EML331,16237264,127,880
18052026_EML331,,2026-05-18,EML331,16237893,311,20
18052026_EML331,,2026-05-18,EML331,16238641,129,880
19052026_EML331,,2026-05-19,EML331,16242184,311,440
19052026_EML331,,2026-05-19,EML331,16242288,311,180
19052026_EML331,,2026-05-19,EML331,16242922,311,10
20052026_EML331,,2026-05-20,EML331,16247852,129,880
20052026_EML331,,2026-05-20,EML331,16246116,301,300
20052026_EML331,,2026-05-20,EML331,16247922,311,490
20052026_EML331,,2026-05-20,EML331,16247714,311,10
20052026_EML331,,2026-05-20,EML331,16247834,311,10
20052026_EML331,,2026-05-20,EML331,16248409,311,10
21052026_EML331,,2026-05-21,EML331,16251943,311,10
21052026_EML331,,2026-05-21,EML331,16252082,311,490
21052026_EML331,,2026-05-21,EML331,16251894,127,880
21052026_EML331,,2026-05-21,EML331,16252361,311,10
21052026_EML331,,2026-05-21,EML331,16252401,129,880
23052026_EML331,,2026-05-23,EML331,16260526,311,10
23052026_EML331,,2026-05-23,EML331,16260209,129,880
23052026_EML331,,2026-05-23,EML331,16260508,311,10
23052026_EML331,,2026-05-23,EML331,16260198,129,880
24052026_EML331,,2026-05-24,EML331,16263313,312,343
24052026_EML331,,2026-05-24,EML331,16263983,311,321
24052026_EML331,,2026-05-24,EML331,16263983,311,321
24052026_EML331,,2026-05-24,EML331,16264182,312,300
25052026_EML331,,2026-05-25,EML331,16268321,331,300
25052026_EML331,,2026-05-25,EML331,16268107,341,620
25052026_EML331,,2026-05-25,EML331,16268319,343,300
25052026_EML331,,2026-05-25,EML331,16268465,341,490
25052026_EML331,,2026-05-25,EML331,16268731,311,20
25052026_EML331,,2026-05-25,EML331,16268988,126,880
26052026_EML331,,2026-05-26,EML331,16272379,311,10
26052026_EML331,,2026-05-26,EML331,16273636,301,440
26052026_EML331,,2026-05-26,EML331,16274002,311,490
26052026_EML331,,2026-05-26,EML331,16272468,311,20
26052026_EML331,,2026-05-26,EML331,16272861,311,10
29052026_EML331,,2026-05-29,EML331,16288603,311,10
29052026_EML331,,2026-05-29,EML331,16288225,311,10
29052026_EML331,,2026-05-29,EML331,16288577,129,880
30052026_EML331,,2026-05-30,EML331,16291469,311,10
30052026_EML331,,2026-05-30,EML331,16291211,343,10
30052026_EML331,,2026-05-30,EML331,16291479,311,10
30052026_EML331,,2026-05-30,EML331,16291823,331,300
31052026_EML331,512198,2026-05-31,EML331,16293699,311,490
31052026_EML331,512198,2026-05-31,EML331,16293913,311,300
31052026_EML331,512198,2026-05-31,EML331,16294145,301,300
08052026_EML330,,2026-05-08,EML330,16190741,342,343
08052026_EML330,,2026-05-08,EML330,16189983,342,300
08052026_EML330,,2026-05-08,EML330,16189997,127,880
11052026_EML330,,2026-05-11,EML330,16203018,126,880
11052026_EML330,,2026-05-11,EML330,16202926,104,300
11052026_EML330,,2026-05-11,EML330,16203122,311,490
12052026_EML330,,2026-05-12,EML330,16208619,342,343
12052026_EML330,,2026-05-12,EML330,16209412,301,200
12052026_EML330,,2026-05-12,EML330,16208105,312,300
12052026_EML330,,2026-05-12,EML330,16208710,312,300
12052026_EML330,,2026-05-12,EML330,16208927,312,300
12052026_EML330,,2026-05-12,EML330,16209130,342,343
13052026_EML330,,2026-05-13,EML330,16213525,341,490
13052026_EML330,,2026-05-13,EML330,16213879,342,300
13052026_EML330,,2026-05-13,EML330,16214894,311,490
13052026_EML330,,2026-05-13,EML330,16214661,341,620
14052026_EML330,,2026-05-14,EML330,16218790,127,880
14052026_EML330,,2026-05-14,EML330,16220908,311,440
14052026_EML330,,2026-05-14,EML330,16219327,381,343
14052026_EML330,,2026-05-14,EML330,16218481,127,880
14052026_EML330,,2026-05-14,EML330,16219996,331,300
15052026_EML330,,2026-05-15,EML330,16224432,342,300
15052026_EML330,,2026-05-15,EML330,16224557,312,300
15052026_EML330,,2026-05-15,EML330,16224839,312,300
15052026_EML330,,2026-05-15,EML330,16224743,312,300
15052026_EML330,,2026-05-15,EML330,16224895,312,300
15052026_EML330,,2026-05-15,EML330,16225401,129,880
16052026_EML330,,2026-05-16,EML330,16228855,312,300
16052026_EML330,,2026-05-16,EML330,16228870,311,620
16052026_EML330,,2026-05-16,EML330,16229065,127,880
16052026_EML330,,2026-05-16,EML330,16229138,312,10
16052026_EML330,,2026-05-16,EML330,16229231,312,300
16052026_EML330,,2026-05-16,EML330,16229715,312,300
16052026_EML330,,2026-05-16,EML330,16229812,127,880
16052026_EML330,,2026-05-16,EML330,16229890,312,300
16052026_EML330,,2026-05-16,EML330,16229619,129,880
17052026_EML330,,2026-05-17,EML330,16232878,312,300
17052026_EML330,,2026-05-17,EML330,16233235,312,300
17052026_EML330,,2026-05-17,EML330,16232120,312,300
17052026_EML330,,2026-05-17,EML330,16233521,121,343
17052026_EML330,,2026-05-17,EML330,16233545,312,300
17052026_EML330,,2026-05-17,EML330,16233749,799,899
17052026_EML330,,2026-05-17,EML330,16234020,799,899
18052026_EML330,,2026-05-18,EML330,16237264,127,880
18052026_EML330,,2026-05-18,EML330,16236443,312,300
18052026_EML330,,2026-05-18,EML330,16237877,312,300
18052026_EML330,,2026-05-18,EML330,16238181,312,300
18052026_EML330,,2026-05-18,EML330,16238352,312,300
18052026_EML330,,2026-05-18,EML330,16238522,312,300
19052026_EML330,,2026-05-19,EML330,16242105,312,343
19052026_EML330,,2026-05-19,EML330,16241889,311,300
19052026_EML330,,2026-05-19,EML330,16243328,312,300
19052026_EML330,,2026-05-19,EML330,16242222,127,880
19052026_EML330,,2026-05-19,EML330,16243133,127,880
19052026_EML330,,2026-05-19,EML330,16242658,312,300
20052026_EML330,,2026-05-20,EML330,16247644,381,302
20052026_EML330,,2026-05-20,EML330,16247313,341,440
20052026_EML330,,2026-05-20,EML330,16247387,341,440
20052026_EML330,,2026-05-20,EML330,16246920,311,490
20052026_EML330,,2026-05-20,EML330,16247792,301,490
20052026_EML330,,2026-05-20,EML330,16248019,311,490
20052026_EML330,,2026-05-20,EML330,16248125,311,440
22052026_EML330,,2026-05-22,EML330,16256198,312,300
22052026_EML330,,2026-05-22,EML330,16256974,312,300
22052026_EML330,,2026-05-22,EML330,16256421,312,300
22052026_EML330,,2026-05-22,EML330,16256658,312,300
22052026_EML330,,2026-05-22,EML330,16256605,343,300
22052026_EML330,,2026-05-22,EML330,16256548,127,880
22052026_EML330,,2026-05-22,EML330,16256888,343,300
23052026_EML330,,2026-05-23,EML330,16260137,127,880
23052026_EML330,,2026-05-23,EML330,16259825,343,300
23052026_EML330,,2026-05-23,EML330,16260226,311,300
23052026_EML330,,2026-05-23,EML330,16260498,312,300
23052026_EML330,,2026-05-23,EML330,16260546,343,300
23052026_EML330,,2026-05-23,EML330,16260775,342,343
24052026_EML330,,2026-05-24,EML330,16263374,301,300
24052026_EML330,,2026-05-24,EML330,16263174,301,300
24052026_EML330,,2026-05-24,EML330,16263836,342,343
24052026_EML330,,2026-05-24,EML330,16264015,311,490
24052026_EML330,,2026-05-24,EML330,16264037,343,300
25052026_EML330,,2026-05-25,EML330,16268737,341,440
25052026_EML330,,2026-05-25,EML330,16267888,341,440
25052026_EML330,,2026-05-25,EML330,16268437,311,490
25052026_EML330,,2026-05-25,EML330,16268981,343,490
26052026_EML330,,2026-05-26,EML330,16272857,341,440
26052026_EML330,,2026-05-26,EML330,16273617,301,300
26052026_EML330,,2026-05-26,EML330,16272807,341,440
26052026_EML330,,2026-05-26,EML330,16274268,311,490
27052026_EML330,,2026-05-27,EML330,16278010,301,311
27052026_EML330,,2026-05-27,EML330,16278874,343,300
27052026_EML330,,2026-05-27,EML330,16279156,311,311
27052026_EML330,,2026-05-27,EML330,16279552,311,311
28052026_EML330,,2026-05-28,EML330,16283087,121,343
28052026_EML330,,2026-05-28,EML330,16283288,311,620
28052026_EML330,,2026-05-28,EML330,16283537,341,620
28052026_EML330,,2026-05-28,EML330,16284439,301,300
28052026_EML330,,2026-05-28,EML330,16284524,301,311
29052026_EML330,,2026-05-29,EML330,16287220,342,343
29052026_EML330,,2026-05-29,EML330,16287541,311,490
29052026_EML330,,2026-05-29,EML330,16288869,331,300
29052026_EML330,,2026-05-29,EML330,16288552,311,300
29052026_EML330,,2026-05-29,EML330,16288684,331,440
07052026_EML322,,2026-05-07,EML322,16184780,312,300
07052026_EML322,,2026-05-07,EML322,16185089,312,300
07052026_EML322,,2026-05-07,EML322,16185013,312,300
07052026_EML322,,2026-05-07,EML322,16184961,312,301
19052026_EML322,31185,2026-05-19,EML322,16240991,341,620
19052026_EML322,512082,2026-05-19,EML322,16240991,341,620
22052026_EML322,512082,2026-05-22,EML322,16255537,312,171
22052026_EML322,512082,2026-05-22,EML322,16255227,127,880
06052026_EML321,,2026-05-06,EML321,16179693,127,880
08052026_EML321,,2026-05-08,EML321,16188802,312,300
08052026_EML321,,2026-05-08,EML321,16189180,342,300
08052026_EML321,,2026-05-08,EML321,16189454,342,300
08052026_EML321,,2026-05-08,EML321,16189822,342,300
08052026_EML321,,2026-05-08,EML321,16190418,129,880
12052026_EML321,,2026-05-12,EML321,16207814,331,171
12052026_EML321,,2026-05-12,EML321,16208105,312,300
12052026_EML321,,2026-05-12,EML321,16208840,342,300
12052026_EML321,,2026-05-12,EML321,16208981,342,300
12052026_EML321,,2026-05-12,EML321,16209526,342,300
10052026_EML320,311047,2026-05-10,EML320,16033048,799,897
10052026_EML320,1112757,2026-05-10,EML320,16033048,799,897
30052026_EML320,311047,2026-05-30,EML320,16289858,311,620
30052026_EML320,1112279,2026-05-30,EML320,16289858,311,620
30052026_EML320,311047,2026-05-30,EML320,16290312,343,620
30052026_EML320,1112279,2026-05-30,EML320,16290312,343,620
30052026_EML320,311047,2026-05-30,EML320,16290442,312,180
30052026_EML320,1112279,2026-05-30,EML320,16290442,312,180
30052026_EML320,311047,2026-05-30,EML320,16290768,343,620
30052026_EML320,1112279,2026-05-30,EML320,16290768,343,620
30052026_EML320,311047,2026-05-30,EML320,16291057,341,490
30052026_EML320,1112279,2026-05-30,EML320,16291057,341,490
31052026_EML320,311047,2026-05-31,EML320,16292719,341,620
31052026_EML320,1112279,2026-05-31,EML320,16292719,341,620
31052026_EML320,311047,2026-05-31,EML320,16293178,343,620
31052026_EML320,1112279,2026-05-31,EML320,16293178,343,620
31052026_EML320,311047,2026-05-31,EML320,16293392,311,300
31052026_EML320,1112279,2026-05-31,EML320,16293392,311,300
31052026_EML320,311047,2026-05-31,EML320,16293677,311,620
31052026_EML320,1112279,2026-05-31,EML320,16293677,311,620
28052026_EML319,31185,2026-05-28,EML319,16282219,311,10
28052026_EML319,31185,2026-05-28,EML319,16282766,312,10
29052026_EML319,,2026-05-29,EML319,16286482,312,348
29052026_EML319,,2026-05-29,EML319,16286894,312,300
29052026_EML319,,2026-05-29,EML319,16287908,312,348
31052026_EML319,512021,2026-05-31,EML319,16292968,311,620
31052026_EML319,511082,2026-05-31,EML319,16292968,311,620
02052026_EML318,512021,2026-05-02,EML318,16162818,311,10
27052026_EML318,,2026-05-27,EML318,16276662,312,302
27052026_EML318,,2026-05-27,EML318,16277693,127,880
27052026_EML318,,2026-05-27,EML318,16278389,312,150
27052026_EML318,,2026-05-27,EML318,16277439,312,301
04052026_EML317,512021,2026-05-04,EML317,16169483,311,490
04052026_EML317,311803,2026-05-04,EML317,16169483,311,490
04052026_EML317,512021,2026-05-04,EML317,16169283,311,620
04052026_EML317,311803,2026-05-04,EML317,16169283,311,620
04052026_EML317,512021,2026-05-04,EML317,16170964,311,620
04052026_EML317,311803,2026-05-04,EML317,16170964,311,620
22052026_EML317,512074,2026-05-22,EML317,16254658,311,490
22052026_EML317,512074,2026-05-22,EML317,16255046,311,620
22052026_EML317,512074,2026-05-22,EML317,16255249,381,343
22052026_EML317,512074,2026-05-22,EML317,16255465,311,490
22052026_EML317,512074,2026-05-22,EML317,16255874,381,343
27052026_EML317,512074,2026-05-27,EML317,16275236,343,440
27052026_EML317,512074,2026-05-27,EML317,16276188,311,490
27052026_EML317,512074,2026-05-27,EML317,16276918,311,490
02052026_EML316,512014,2026-05-02,EML316,16162255,312,302
02052026_EML316,512014,2026-05-02,EML316,16162807,381,343
02052026_EML316,512014,2026-05-02,EML316,16163110,341,443
02052026_EML316,512014,2026-05-02,EML316,16163687,341,301
03052026_EML316,512014,2026-05-03,EML316,16165956,341,300
03052026_EML316,512014,2026-05-03,EML316,16165964,311,490
03052026_EML316,512014,2026-05-03,EML316,16166293,311,490
03052026_EML316,512014,2026-05-03,EML316,16166638,311,300
25052026_EML316,512021,2026-05-25,EML316,16266660,311,300
25052026_EML316,512021,2026-05-25,EML316,16266822,311,490
25052026_EML316,512021,2026-05-25,EML316,16267289,121,343
25052026_EML316,512021,2026-05-25,EML316,16267580,311,20
04052026_EML315,,2026-05-04,EML315,16170801,311,490
05052026_EML315,,2026-05-05,EML315,16174616,799,897
08052026_EML307,,2026-05-08,EML307,16187016,311,490
08052026_EML307,,2026-05-08,EML307,16187667,342,343
08052026_EML307,,2026-05-08,EML307,16187876,331,440
08052026_EML307,,2026-05-08,EML307,16187916,331,440
08052026_EML307,,2026-05-08,EML307,16188173,331,440
08052026_EML306,311952,2026-05-08,EML306,16187056,311,620
08052026_EML306,311964,2026-05-08,EML306,16187056,311,620
08052026_EML306,311952,2026-05-08,EML306,16187364,381,343
08052026_EML306,311964,2026-05-08,EML306,16187364,381,343
08052026_EML306,311952,2026-05-08,EML306,16187573,311,180
08052026_EML306,311964,2026-05-08,EML306,16187573,311,180
08052026_EML306,311952,2026-05-08,EML306,16188085,311,620
08052026_EML306,311964,2026-05-08,EML306,16188085,311,620
08052026_EML306,311952,2026-05-08,EML306,16033897,799,897
08052026_EML306,311964,2026-05-08,EML306,16033897,799,897
01052026_EML305,31416,2026-05-01,EML305,16156906,311,620
01052026_EML305,311079,2026-05-01,EML305,16156906,311,620
01052026_EML305,31416,2026-05-01,EML305,16157691,311,620
01052026_EML305,311079,2026-05-01,EML305,16157691,311,620
01052026_EML305,31416,2026-05-01,EML305,16158960,341,490
01052026_EML305,311079,2026-05-01,EML305,16158960,341,490
01052026_EML305,31416,2026-05-01,EML305,16159668,311,620
01052026_EML305,311079,2026-05-01,EML305,16159668,311,620
02052026_EML305,31121,2026-05-02,EML305,16100776,799,897
02052026_EML305,311354,2026-05-02,EML305,16100776,799,897
02052026_EML305,31121,2026-05-02,EML305,16162134,311,440
02052026_EML305,311354,2026-05-02,EML305,16162134,311,440
02052026_EML305,31121,2026-05-02,EML305,16162632,311,20
02052026_EML305,311354,2026-05-02,EML305,16162632,311,20
08052026_EML305,1112323,2026-05-08,EML305,16185792,311,300
08052026_EML305,1112325,2026-05-08,EML305,16185792,311,300
08052026_EML305,1112323,2026-05-08,EML305,16185792,311,300
08052026_EML305,1112325,2026-05-08,EML305,16185792,311,300
03052026_EML304,311074,2026-05-03,EML304,16085351,799,897
03052026_EML304,311338,2026-05-03,EML304,16085351,799,897
03052026_EML304,311074,2026-05-03,EML304,16165515,381,343
03052026_EML304,311338,2026-05-03,EML304,16165515,381,343
03052026_EML304,311074,2026-05-03,EML304,16165803,381,300
03052026_EML304,311338,2026-05-03,EML304,16165803,381,300
03052026_EML304,311074,2026-05-03,EML304,16165976,311,620
03052026_EML304,311338,2026-05-03,EML304,16165976,311,620
08052026_EML304,311707,2026-05-08,EML304,16186389,311,20
08052026_EML304,1112282,2026-05-08,EML304,16186389,311,20
08052026_EML304,311707,2026-05-08,EML304,16187101,311,300
08052026_EML304,1112282,2026-05-08,EML304,16187101,311,300
08052026_EML304,311707,2026-05-08,EML304,16188140,311,440
08052026_EML304,1112282,2026-05-08,EML304,16188140,311,440
02052026_EML303,31305,2026-05-02,EML303,15859869,799,897
02052026_EML303,3144,2026-05-02,EML303,15859869,799,897
03052026_EML303,311941,2026-05-03,EML303,16164882,311,300
03052026_EML303,311953,2026-05-03,EML303,16164882,311,300
03052026_EML303,311941,2026-05-03,EML303,16033833,799,897
03052026_EML303,311953,2026-05-03,EML303,16033833,799,897
03052026_EML303,311941,2026-05-03,EML303,16165408,311,300
03052026_EML303,311953,2026-05-03,EML303,16165408,311,300
03052026_EML303,311941,2026-05-03,EML303,16165629,311,300
03052026_EML303,311953,2026-05-03,EML303,16165629,311,300
07052026_EML303,,2026-05-07,EML303,16182117,331,440
07052026_EML303,,2026-05-07,EML303,16182703,331,440
07052026_EML303,,2026-05-07,EML303,16183291,331,325
07052026_EML303,,2026-05-07,EML303,16184070,331,300
08052026_EML303,311730,2026-05-08,EML303,16185665,311,300
08052026_EML303,311624,2026-05-08,EML303,16185665,311,300
08052026_EML303,311730,2026-05-08,EML303,16187082,311,300
08052026_EML303,311624,2026-05-08,EML303,16187082,311,300
08052026_EML303,311730,2026-05-08,EML303,16187569,311,311
08052026_EML303,311624,2026-05-08,EML303,16187569,311,311
08052026_EML303,311730,2026-05-08,EML303,16187927,311,300
08052026_EML303,311624,2026-05-08,EML303,16187927,311,300
08052026_EML303,311730,2026-05-08,EML303,16187154,381,343
08052026_EML303,311624,2026-05-08,EML303,16187154,381,343
01052026_EML302,3140,2026-05-01,EML302,16157383,341,440
01052026_EML302,3147,2026-05-01,EML302,16157383,341,440
01052026_EML302,3140,2026-05-01,EML302,16158197,311,620
01052026_EML302,3147,2026-05-01,EML302,16158197,311,620
01052026_EML302,3140,2026-05-01,EML302,16158584,341,620
01052026_EML302,3147,2026-05-01,EML302,16158584,341,620
01052026_EML302,3140,2026-05-01,EML302,16158981,311,300
01052026_EML302,3147,2026-05-01,EML302,16158981,311,300
02052026_EML302,31510,2026-05-02,EML302,15769690,799,897
02052026_EML302,311712,2026-05-02,EML302,15769690,799,897
02052026_EML302,31510,2026-05-02,EML302,16033801,799,897
02052026_EML302,311712,2026-05-02,EML302,16033801,799,897
02052026_EML302,31510,2026-05-02,EML302,16162272,311,620
02052026_EML302,311712,2026-05-02,EML302,16162272,311,620
02052026_EML302,31510,2026-05-02,EML302,16162943,311,620
02052026_EML302,311712,2026-05-02,EML302,16162943,311,620
02052026_EML302,31510,2026-05-02,EML302,16162800,343,620
02052026_EML302,311712,2026-05-02,EML302,16162800,343,620
03052026_EML302,1112341,2026-05-03,EML302,16164914,311,300
03052026_EML302,311911,2026-05-03,EML302,16164914,311,300
03052026_EML302,1112341,2026-05-03,EML302,16165263,311,490
03052026_EML302,311911,2026-05-03,EML302,16165263,311,490
03052026_EML302,1112341,2026-05-03,EML302,16101382,799,897
03052026_EML302,311911,2026-05-03,EML302,16101382,799,897
03052026_EML302,1112341,2026-05-03,EML302,16165809,311,20
03052026_EML302,311911,2026-05-03,EML302,16165809,311,20
03052026_EML302,1112341,2026-05-03,EML302,16166280,311,620
03052026_EML302,311911,2026-05-03,EML302,16166280,311,620
06052026_EML302,,2026-05-06,EML302,16177341,311,490
06052026_EML302,,2026-05-06,EML302,16178479,343,620
06052026_EML302,,2026-05-06,EML302,16178900,311,490
07052026_EML302,512043,2026-05-07,EML302,16182300,342,343
07052026_EML302,512043,2026-05-07,EML302,16182385,342,311
07052026_EML302,512043,2026-05-07,EML302,16183032,312,200
07052026_EML302,512043,2026-05-07,EML302,16183736,331,440
12052026_EML302,31128,2026-05-12,EML302,16205006,312,300
12052026_EML302,311809,2026-05-12,EML302,16205006,312,300
12052026_EML302,31128,2026-05-12,EML302,16205551,312,325
12052026_EML302,311809,2026-05-12,EML302,16205551,312,325
12052026_EML302,31128,2026-05-12,EML302,16206398,331,440
12052026_EML302,311809,2026-05-12,EML302,16206398,331,440
12052026_EML302,31128,2026-05-12,EML302,16206728,799,897
12052026_EML302,311809,2026-05-12,EML302,16206728,799,897
12052026_EML302,31128,2026-05-12,EML302,16208105,312,300
12052026_EML302,311809,2026-05-12,EML302,16208105,312,300
12052026_EML302,31128,2026-05-12,EML302,16208005,311,490
12052026_EML302,311809,2026-05-12,EML302,16208005,311,490
14052026_EML302,,2026-05-14,EML302,16216952,343,490
14052026_EML302,,2026-05-14,EML302,16216702,311,490
14052026_EML302,,2026-05-14,EML302,16216761,341,620
14052026_EML302,,2026-05-14,EML302,16218448,343,620
26052026_EML302,1112255,2026-05-26,EML302,16269575,311,490
26052026_EML302,311682,2026-05-26,EML302,16269575,311,490
26052026_EML302,1112255,2026-05-26,EML302,16269930,311,620
26052026_EML302,311682,2026-05-26,EML302,16269930,311,620
26052026_EML302,1112255,2026-05-26,EML302,16269971,311,490
26052026_EML302,311682,2026-05-26,EML302,16269971,311,490
26052026_EML302,1112255,2026-05-26,EML302,16269539,343,300
26052026_EML302,311682,2026-05-26,EML302,16269539,343,300
26052026_EML302,1112255,2026-05-26,EML302,16271207,341,440
26052026_EML302,311682,2026-05-26,EML302,16271207,341,440
01052026_EML301,31213,2026-05-01,EML301,16157150,311,20
01052026_EML301,311191,2026-05-01,EML301,16157150,311,20
01052026_EML301,31213,2026-05-01,EML301,16158454,311,20
01052026_EML301,311191,2026-05-01,EML301,16158454,311,20
01052026_EML301,31213,2026-05-01,EML301,16159022,311,20
01052026_EML301,311191,2026-05-01,EML301,16159022,311,20
02052026_EML301,311874,2026-05-02,EML301,15725421,799,897
02052026_EML301,311603,2026-05-02,EML301,15725421,799,897
02052026_EML301,311874,2026-05-02,EML301,16033809,799,897
02052026_EML301,311603,2026-05-02,EML301,16033809,799,897
02052026_EML301,311874,2026-05-02,EML301,16162098,311,620
02052026_EML301,311603,2026-05-02,EML301,16162098,311,620
02052026_EML301,311874,2026-05-02,EML301,16162630,311,620
02052026_EML301,311603,2026-05-02,EML301,16162630,311,620
03052026_EML301,3140,2026-05-03,EML301,16001140,799,897
03052026_EML301,3147,2026-05-03,EML301,16001140,799,897
03052026_EML301,3140,2026-05-03,EML301,16121782,799,897
03052026_EML301,3147,2026-05-03,EML301,16121782,799,897
03052026_EML301,3140,2026-05-03,EML301,16106059,799,897
03052026_EML301,3147,2026-05-03,EML301,16106059,799,897
03052026_EML301,3140,2026-05-03,EML301,16166014,311,20
03052026_EML301,3147,2026-05-03,EML301,16166014,311,20
06052026_EML301,311913,2026-05-06,EML301,16177032,331,440
06052026_EML301,512043,2026-05-06,EML301,16177032,331,440
06052026_EML301,311913,2026-05-06,EML301,16177833,342,343
06052026_EML301,512043,2026-05-06,EML301,16177833,342,343
06052026_EML301,311913,2026-05-06,EML301,16178549,331,300
06052026_EML301,512043,2026-05-06,EML301,16178549,331,300
06052026_EML301,311913,2026-05-06,EML301,16178950,331,440
06052026_EML301,512043,2026-05-06,EML301,16178950,331,440
11052026_EML301,311809,2026-05-11,EML301,16198468,342,343
11052026_EML301,31128,2026-05-11,EML301,16198468,342,343
11052026_EML301,311809,2026-05-11,EML301,16199350,301,180
11052026_EML301,31128,2026-05-11,EML301,16199350,301,180
11052026_EML301,311809,2026-05-11,EML301,16200159,331,440
11052026_EML301,31128,2026-05-11,EML301,16200159,331,440
11052026_EML301,311809,2026-05-11,EML301,16201157,312,300
11052026_EML301,31128,2026-05-11,EML301,16201157,312,300
27052026_EML301,31221,2026-05-27,EML301,16275338,341,300
27052026_EML301,1112372,2026-05-27,EML301,16275338,341,300
31052026_EML301,1112535,2026-05-31,EML301,16292898,341,620
23052026_EML209,1112300,2026-05-23,EML209,16258365,127,880
23052026_EML209,31365,2026-05-23,EML209,16258365,127,880
23052026_EML209,1112300,2026-05-23,EML209,16258640,342,343
23052026_EML209,31365,2026-05-23,EML209,16258640,342,343
23052026_EML209,1112300,2026-05-23,EML209,16259020,311,620
23052026_EML209,31365,2026-05-23,EML209,16259020,311,620
31052026_EML209,,2026-05-31,EML209,16292296,311,620
31052026_EML209,,2026-05-31,EML209,16292608,311,620
31052026_EML209,,2026-05-31,EML209,16292999,311,620
31052026_EML209,,2026-05-31,EML209,16293271,201,490
09052026_EML208,,2026-05-09,EML208,16191710,311,490
23052026_EML208,1112422,2026-05-23,EML208,16258267,311,620
23052026_EML208,311319,2026-05-23,EML208,16258267,311,620
23052026_EML208,311282,2026-05-23,EML208,16258267,311,620
23052026_EML208,1112422,2026-05-23,EML208,16258629,381,343
23052026_EML208,311319,2026-05-23,EML208,16258629,381,343
23052026_EML208,311282,2026-05-23,EML208,16258629,381,343
24052026_EML208,1112250,2026-05-24,EML208,16261715,201,325
24052026_EML208,311866,2026-05-24,EML208,16261715,201,325
24052026_EML208,1112250,2026-05-24,EML208,16262581,311,300
24052026_EML208,311866,2026-05-24,EML208,16262581,311,300
31052026_EML208,,2026-05-31,EML208,16292305,127,880
31052026_EML208,,2026-05-31,EML208,16292428,341,440
31052026_EML208,,2026-05-31,EML208,16292842,301,490
22052026_EML207,,2026-05-22,EML207,16255500,201,300
26052026_EML207,1112250,2026-05-26,EML207,16269625,343,300
26052026_EML207,1112250,2026-05-26,EML207,16269865,341,440
26052026_EML207,1112250,2026-05-26,EML207,16270084,312,300
28052026_EML207,311858,2026-05-28,EML207,16280179,343,440
31052026_EML207,311858,2026-05-31,EML207,16292295,343,300
31052026_EML207,311858,2026-05-31,EML207,16292489,341,443
31052026_EML207,311858,2026-05-31,EML207,16292521,341,300
31052026_EML207,311858,2026-05-31,EML207,16293271,201,490
01052026_EML206,311172,2026-05-01,EML206,16158208,311,490
01052026_EML206,311172,2026-05-01,EML206,16158478,311,300
01052026_EML206,311172,2026-05-01,EML206,16158418,311,300
01052026_EML206,311172,2026-05-01,EML206,16158983,311,300
01052026_EML206,311172,2026-05-01,EML206,16159703,311,490
03052026_EML206,311172,2026-05-03,EML206,16165061,311,300
03052026_EML206,31308,2026-05-03,EML206,16165061,311,300
03052026_EML206,311172,2026-05-03,EML206,16165273,311,300
03052026_EML206,31308,2026-05-03,EML206,16165273,311,300
03052026_EML206,311172,2026-05-03,EML206,16165607,311,490
03052026_EML206,31308,2026-05-03,EML206,16165607,311,490
03052026_EML206,311172,2026-05-03,EML206,16166023,311,300
03052026_EML206,31308,2026-05-03,EML206,16166023,311,300
03052026_EML206,311172,2026-05-03,EML206,16167083,201,325
03052026_EML206,31308,2026-05-03,EML206,16167083,201,325
10052026_EML206,311172,2026-05-10,EML206,16195478,799,899
10052026_EML206,311866,2026-05-10,EML206,16195478,799,899
10052026_EML206,31308,2026-05-10,EML206,16195478,799,899
10052026_EML206,311172,2026-05-10,EML206,16196272,301,490
10052026_EML206,311866,2026-05-10,EML206,16196272,301,490
10052026_EML206,31308,2026-05-10,EML206,16196272,301,490
17052026_EML206,51599,2026-05-17,EML206,16230898,342,343
17052026_EML206,311251,2026-05-17,EML206,16230898,342,343
17052026_EML206,51599,2026-05-17,EML206,16231349,301,20
17052026_EML206,311251,2026-05-17,EML206,16231349,301,20
19052026_EML206,311172,2026-05-19,EML206,16239576,301,440
19052026_EML206,31308,2026-05-19,EML206,16239576,301,440
19052026_EML206,1112687,2026-05-19,EML206,16239576,301,440
20052026_EML206,31365,2026-05-20,EML206,16244251,342,343
20052026_EML206,31365,2026-05-20,EML206,16244697,331,180
20052026_EML206,31365,2026-05-20,EML206,16245246,341,301
21052026_EML206,1112300,2026-05-21,EML206,16248733,342,343
21052026_EML206,31365,2026-05-21,EML206,16248733,342,343
21052026_EML206,1112300,2026-05-21,EML206,16249444,342,343
21052026_EML206,31365,2026-05-21,EML206,16249444,342,343
21052026_EML206,1112300,2026-05-21,EML206,16250048,129,880
21052026_EML206,31365,2026-05-21,EML206,16250048,129,880
21052026_EML206,1112300,2026-05-21,EML206,16250802,129,880
21052026_EML206,31365,2026-05-21,EML206,16250802,129,880
22052026_EML206,1112407,2026-05-22,EML206,16254967,341,300
22052026_EML206,1112300,2026-05-22,EML206,16254967,341,300
22052026_EML206,31365,2026-05-22,EML206,16254967,341,300
22052026_EML206,1112407,2026-05-22,EML206,16255058,311,300
22052026_EML206,1112300,2026-05-22,EML206,16255058,311,300
22052026_EML206,31365,2026-05-22,EML206,16255058,311,300
23052026_EML206,1112687,2026-05-23,EML206,16258220,343,490
23052026_EML206,311172,2026-05-23,EML206,16258220,343,490
23052026_EML206,31308,2026-05-23,EML206,16258220,343,490
23052026_EML206,1112687,2026-05-23,EML206,16258657,311,300
23052026_EML206,311172,2026-05-23,EML206,16258657,311,300
23052026_EML206,31308,2026-05-23,EML206,16258657,311,300
23052026_EML206,1112687,2026-05-23,EML206,16258511,311,490
23052026_EML206,311172,2026-05-23,EML206,16258511,311,490
23052026_EML206,31308,2026-05-23,EML206,16258511,311,490
24052026_EML206,311172,2026-05-24,EML206,16261281,381,343
24052026_EML206,31308,2026-05-24,EML206,16261281,381,343
24052026_EML206,311172,2026-05-24,EML206,16261690,311,490
24052026_EML206,31308,2026-05-24,EML206,16261690,311,490
24052026_EML206,311172,2026-05-24,EML206,16262140,201,10
24052026_EML206,31308,2026-05-24,EML206,16262140,201,10
26052026_EML206,311172,2026-05-26,EML206,16269553,311,300
26052026_EML206,31308,2026-05-26,EML206,16269553,311,300
26052026_EML206,311172,2026-05-26,EML206,16270138,311,300
26052026_EML206,31308,2026-05-26,EML206,16270138,311,300
26052026_EML206,311172,2026-05-26,EML206,16270694,341,620
26052026_EML206,31308,2026-05-26,EML206,16270694,341,620
26052026_EML206,311172,2026-05-26,EML206,16271207,341,440
26052026_EML206,31308,2026-05-26,EML206,16271207,341,440
28052026_EML206,311172,2026-05-28,EML206,16280202,381,343
28052026_EML206,31308,2026-05-28,EML206,16280202,381,343
28052026_EML206,311172,2026-05-28,EML206,16280699,311,300
28052026_EML206,31308,2026-05-28,EML206,16280699,311,300
30052026_EML206,1112250,2026-05-30,EML206,16289693,311,620
30052026_EML206,1112300,2026-05-30,EML206,16289693,311,620
30052026_EML206,1112250,2026-05-30,EML206,16290152,128,300
30052026_EML206,1112300,2026-05-30,EML206,16290152,128,300
30052026_EML206,1112250,2026-05-30,EML206,16290413,311,620
30052026_EML206,1112300,2026-05-30,EML206,16290413,311,620
31052026_EML206,,2026-05-31,EML206,16292214,201,490
31052026_EML206,,2026-05-31,EML206,16292700,311,490
01052026_EML205,51599,2026-05-01,EML205,16158319,341,300
01052026_EML205,311493,2026-05-01,EML205,16158319,341,300
01052026_EML205,311144,2026-05-01,EML205,16158319,341,300
01052026_EML205,51599,2026-05-01,EML205,16158503,311,300
01052026_EML205,311493,2026-05-01,EML205,16158503,311,300
01052026_EML205,311144,2026-05-01,EML205,16158503,311,300
01052026_EML205,51599,2026-05-01,EML205,16158696,341,620
01052026_EML205,311493,2026-05-01,EML205,16158696,341,620
01052026_EML205,311144,2026-05-01,EML205,16158696,341,620
01052026_EML205,51599,2026-05-01,EML205,16155985,799,897
01052026_EML205,311493,2026-05-01,EML205,16155985,799,897
01052026_EML205,311144,2026-05-01,EML205,16155985,799,897
01052026_EML205,51599,2026-05-01,EML205,16159688,311,300
01052026_EML205,311493,2026-05-01,EML205,16159688,311,300
01052026_EML205,311144,2026-05-01,EML205,16159688,311,300
03052026_EML205,,2026-05-03,EML205,16165091,301,490
03052026_EML205,,2026-05-03,EML205,16166229,331,146
15052026_EML205,,2026-05-15,EML205,16222126,343,300
15052026_EML205,,2026-05-15,EML205,16223110,312,300
17052026_EML205,311884,2026-05-17,EML205,16033962,799,897
17052026_EML205,311144,2026-05-17,EML205,16033962,799,897
17052026_EML205,311884,2026-05-17,EML205,16231237,125,880
17052026_EML205,311144,2026-05-17,EML205,16231237,125,880
17052026_EML205,311884,2026-05-17,EML205,16231491,799,897
17052026_EML205,311144,2026-05-17,EML205,16231491,799,897
17052026_EML205,311884,2026-05-17,EML205,16232109,341,300
17052026_EML205,311144,2026-05-17,EML205,16232109,341,300
20052026_EML205,311319,2026-05-20,EML205,16244375,201,920
20052026_EML205,1112407,2026-05-20,EML205,16244375,201,920
21052026_EML205,,2026-05-21,EML205,16250853,799,897
23052026_EML205,,2026-05-23,EML205,16257696,201,10
23052026_EML205,,2026-05-23,EML205,16258439,343,300
23052026_EML205,,2026-05-23,EML205,16258964,311,620
26052026_EML205,311319,2026-05-26,EML205,16270319,341,620
26052026_EML205,1112407,2026-05-26,EML205,16270319,341,620
26052026_EML205,311319,2026-05-26,EML205,16270373,341,440
26052026_EML205,1112407,2026-05-26,EML205,16270373,341,440
26052026_EML205,311319,2026-05-26,EML205,16270781,128,300
26052026_EML205,1112407,2026-05-26,EML205,16270781,128,300
26052026_EML205,311319,2026-05-26,EML205,16271484,311,180
26052026_EML205,1112407,2026-05-26,EML205,16271484,311,180
28052026_EML205,311493,2026-05-28,EML205,16281090,343,490
28052026_EML205,311144,2026-05-28,EML205,16281090,343,490
28052026_EML205,1112405,2026-05-28,EML205,16281090,343,490
31052026_EML205,311493,2026-05-31,EML205,16292214,201,490
31052026_EML205,311144,2026-05-31,EML205,16292214,201,490
31052026_EML205,311493,2026-05-31,EML205,16292685,311,620
31052026_EML205,311144,2026-05-31,EML205,16292685,311,620
31052026_EML205,311493,2026-05-31,EML205,16292842,301,490
31052026_EML205,311144,2026-05-31,EML205,16292842,301,490
01052026_EML204,,2026-05-01,EML204,16157478,343,490
01052026_EML204,,2026-05-01,EML204,16158544,311,490
02052026_EML204,,2026-05-02,EML204,16161970,311,490
02052026_EML204,,2026-05-02,EML204,16162503,341,490
03052026_EML204,,2026-05-03,EML204,16164872,301,300
03052026_EML204,,2026-05-03,EML204,16106179,799,897
03052026_EML204,,2026-05-03,EML204,16166096,201,325
17052026_EML204,311866,2026-05-17,EML204,16230923,341,620
17052026_EML204,311282,2026-05-17,EML204,16230923,341,620
17052026_EML204,311866,2026-05-17,EML204,16231249,311,490
17052026_EML204,311282,2026-05-17,EML204,16231249,311,490
20052026_EML204,,2026-05-20,EML204,16244380,799,897
20052026_EML204,,2026-05-20,EML204,16244653,341,440
20052026_EML204,,2026-05-20,EML204,16244924,311,300
20052026_EML204,,2026-05-20,EML204,16245282,311,300
20052026_EML204,,2026-05-20,EML204,16245853,311,300
21052026_EML204,311172,2026-05-21,EML204,16249035,311,490
21052026_EML204,1112687,2026-05-21,EML204,16249035,311,490
21052026_EML204,311172,2026-05-21,EML204,16249679,311,300
21052026_EML204,1112687,2026-05-21,EML204,16249679,311,300
21052026_EML204,311172,2026-05-21,EML204,16250436,311,300
21052026_EML204,1112687,2026-05-21,EML204,16250436,311,300
23052026_EML204,51599,2026-05-23,EML204,16258088,311,620
23052026_EML204,311390,2026-05-23,EML204,16258088,311,620
23052026_EML204,31371,2026-05-23,EML204,16258088,311,620
23052026_EML204,51599,2026-05-23,EML204,16258598,331,300
23052026_EML204,311390,2026-05-23,EML204,16258598,331,300
23052026_EML204,31371,2026-05-23,EML204,16258598,331,300
23052026_EML204,51599,2026-05-23,EML204,16258987,312,325
23052026_EML204,311390,2026-05-23,EML204,16258987,312,325
23052026_EML204,31371,2026-05-23,EML204,16258987,312,325
27052026_EML204,,2026-05-27,EML204,16274777,129,880
27052026_EML204,,2026-05-27,EML204,16274605,129,880
27052026_EML204,,2026-05-27,EML204,16275166,341,300
27052026_EML204,,2026-05-27,EML204,16275685,341,300
28052026_EML204,1112407,2026-05-28,EML204,16280221,311,490
28052026_EML204,1112407,2026-05-28,EML204,16280741,311,490
28052026_EML204,1112407,2026-05-28,EML204,16281403,311,490
31052026_EML204,31371,2026-05-31,EML204,16292147,311,311
31052026_EML204,51599,2026-05-31,EML204,16292147,311,311
31052026_EML204,31371,2026-05-31,EML204,16292432,341,443
31052026_EML204,51599,2026-05-31,EML204,16292432,341,443
31052026_EML204,31371,2026-05-31,EML204,16292811,311,490
31052026_EML204,51599,2026-05-31,EML204,16292811,311,490
31052026_EML204,31371,2026-05-31,EML204,16293390,341,443
31052026_EML204,51599,2026-05-31,EML204,16293390,341,443
01052026_EML203,311251,2026-05-01,EML203,16157744,311,311
01052026_EML203,311251,2026-05-01,EML203,16158684,341,443
01052026_EML203,311251,2026-05-01,EML203,16159114,311,490
15052026_EML203,1112250,2026-05-15,EML203,16222600,341,620
15052026_EML203,311866,2026-05-15,EML203,16222600,341,620
15052026_EML203,311282,2026-05-15,EML203,16222600,341,620
15052026_EML203,1112250,2026-05-15,EML203,16223294,311,490
15052026_EML203,311866,2026-05-15,EML203,16223294,311,490
15052026_EML203,311282,2026-05-15,EML203,16223294,311,490
15052026_EML203,1112250,2026-05-15,EML203,16223879,311,490
15052026_EML203,311866,2026-05-15,EML203,16223879,311,490
15052026_EML203,311282,2026-05-15,EML203,16223879,311,490
17052026_EML203,1112405,2026-05-17,EML203,16102061,799,897
17052026_EML203,311886,2026-05-17,EML203,16102061,799,897
17052026_EML203,1112422,2026-05-17,EML203,16102061,799,897
17052026_EML203,1112405,2026-05-17,EML203,16231265,311,490
17052026_EML203,311886,2026-05-17,EML203,16231265,311,490
17052026_EML203,1112422,2026-05-17,EML203,16231265,311,490
17052026_EML203,1112405,2026-05-17,EML203,16231971,311,490
17052026_EML203,311886,2026-05-17,EML203,16231971,311,490
17052026_EML203,1112422,2026-05-17,EML203,16231971,311,490
21052026_EML203,311240,2026-05-21,EML203,16249572,343,620
21052026_EML203,311251,2026-05-21,EML203,16249572,343,620
21052026_EML203,311240,2026-05-21,EML203,16279036,201,490
21052026_EML203,311251,2026-05-21,EML203,16279036,201,490
23052026_EML203,,2026-05-23,EML203,16257799,381,490
23052026_EML203,,2026-05-23,EML203,16258524,311,620
23052026_EML203,,2026-05-23,EML203,16259359,341,620
24052026_EML203,311251,2026-05-24,EML203,16261434,799,897
24052026_EML203,311240,2026-05-24,EML203,16261434,799,897
24052026_EML203,311251,2026-05-24,EML203,16261533,311,300
24052026_EML203,311240,2026-05-24,EML203,16261533,311,300
24052026_EML203,311251,2026-05-24,EML203,16262063,127,880
24052026_EML203,311240,2026-05-24,EML203,16262063,127,880
27052026_EML203,311251,2026-05-27,EML203,16274865,125,880
27052026_EML203,311251,2026-05-27,EML203,16274981,311,490
28052026_EML203,,2026-05-28,EML203,16281023,311,620
31052026_EML203,1112407,2026-05-31,EML203,16292301,311,300
31052026_EML203,311319,2026-05-31,EML203,16292301,311,300
31052026_EML203,311251,2026-05-31,EML203,16292301,311,300
31052026_EML203,1112407,2026-05-31,EML203,16292890,341,490
31052026_EML203,311319,2026-05-31,EML203,16292890,341,490
31052026_EML203,311251,2026-05-31,EML203,16292890,341,490
01052026_EML202,311390,2026-05-01,EML202,16158552,341,620
01052026_EML202,311240,2026-05-01,EML202,16158552,341,620
01052026_EML202,31371,2026-05-01,EML202,16158552,341,620
01052026_EML202,311390,2026-05-01,EML202,16158528,311,300
01052026_EML202,311240,2026-05-01,EML202,16158528,311,300
01052026_EML202,31371,2026-05-01,EML202,16158528,311,300
01052026_EML202,311390,2026-05-01,EML202,16159230,311,300
01052026_EML202,311240,2026-05-01,EML202,16159230,311,300
01052026_EML202,31371,2026-05-01,EML202,16159230,311,300
02052026_EML202,311390,2026-05-02,EML202,16161984,311,490
03052026_EML202,311390,2026-05-03,EML202,16164914,311,300
03052026_EML202,311884,2026-05-03,EML202,16164914,311,300
03052026_EML202,311390,2026-05-03,EML202,16165552,311,300
03052026_EML202,311884,2026-05-03,EML202,16165552,311,300
03052026_EML202,311390,2026-05-03,EML202,16165813,311,300
03052026_EML202,311884,2026-05-03,EML202,16165813,311,300
03052026_EML202,311390,2026-05-03,EML202,16166272,381,880
03052026_EML202,311884,2026-05-03,EML202,16166272,381,880
06052026_EML202,,2026-05-06,EML202,16177090,341,311
06052026_EML202,,2026-05-06,EML202,16178138,311,620
06052026_EML202,,2026-05-06,EML202,16179290,341,620
10052026_EML202,311390,2026-05-10,EML202,16195129,341,490
10052026_EML202,31371,2026-05-10,EML202,16195129,341,490
10052026_EML202,311390,2026-05-10,EML202,16195816,311,490
10052026_EML202,31371,2026-05-10,EML202,16195816,311,490
10052026_EML202,311390,2026-05-10,EML202,16196144,799,897
10052026_EML202,31371,2026-05-10,EML202,16196144,799,897
10052026_EML202,311390,2026-05-10,EML202,16101547,799,897
10052026_EML202,31371,2026-05-10,EML202,16101547,799,897
17052026_EML202,311390,2026-05-17,EML202,16230754,311,300
17052026_EML202,311240,2026-05-17,EML202,16230754,311,300
17052026_EML202,31371,2026-05-17,EML202,16230754,311,300
17052026_EML202,311390,2026-05-17,EML202,16230989,311,300
17052026_EML202,311240,2026-05-17,EML202,16230989,311,300
17052026_EML202,31371,2026-05-17,EML202,16230989,311,300
17052026_EML202,311390,2026-05-17,EML202,16231463,311,300
17052026_EML202,311240,2026-05-17,EML202,16231463,311,300
17052026_EML202,31371,2026-05-17,EML202,16231463,311,300
20052026_EML202,,2026-05-20,EML202,16245306,341,300
20052026_EML202,,2026-05-20,EML202,16245922,311,300
21052026_EML202,,2026-05-21,EML202,16248283,301,490
22052026_EML202,,2026-05-22,EML202,16253539,311,300
22052026_EML202,,2026-05-22,EML202,16254103,127,880
23052026_EML202,,2026-05-23,EML202,16258124,311,490
23052026_EML202,,2026-05-23,EML202,16258517,311,300
23052026_EML202,,2026-05-23,EML202,16258517,311,300
23052026_EML202,,2026-05-23,EML202,16258310,311,490
24052026_EML202,,2026-05-24,EML202,16261510,799,897
24052026_EML202,,2026-05-24,EML202,16261291,311,440
24052026_EML202,,2026-05-24,EML202,16262027,311,20
31052026_EML202,1112422,2026-05-31,EML202,16283538,799,897
31052026_EML202,1112405,2026-05-31,EML202,16283538,799,897
31052026_EML202,1112422,2026-05-31,EML202,16292468,129,880
31052026_EML202,1112405,2026-05-31,EML202,16292468,129,880
31052026_EML202,1112422,2026-05-31,EML202,16292689,311,490
31052026_EML202,1112405,2026-05-31,EML202,16292689,311,490
16052026_EML201,,2026-05-16,EML201,16229371,799,897
27052026_EML201,,2026-05-27,EML201,16279287,301,440
28052026_EML201,,2026-05-28,EML201,16283249,301,490
06052026_EML200,,2026-05-06,EML200,16177777,301,490
27052026_EML200,-512225,2026-05-27,EML200,16279798,301,490
27052026_EML200,311299,2026-05-27,EML200,16279798,301,490
28052026_EML200,-512225,2026-05-28,EML200,16279287,301,440
28052026_EML200,311299,2026-05-28,EML200,16279287,301,440
14052026_EML173,311003,2026-05-14,EML173,16220367,301,490
27052026_EML173,,2026-05-27,EML173,16278159,381,343
27052026_EML173,,2026-05-27,EML173,16279294,301,180
29052026_EML173,311003,2026-05-29,EML173,16288420,341,300
29052026_EML173,311003,2026-05-29,EML173,16288800,381,301
30052026_EML173,412068,2026-05-30,EML173,16291263,311,620
30052026_EML173,412068,2026-05-30,EML173,16291410,311,490
30052026_EML173,412068,2026-05-30,EML173,16279901,799,899
31052026_EML173,412068,2026-05-31,EML173,16294137,341,300
31052026_EML173,412068,2026-05-31,EML173,16293854,201,325
08052026_EML172,311798,2026-05-08,EML172,16188938,201,321
08052026_EML172,1112459,2026-05-08,EML172,16188938,201,321
08052026_EML172,311584,2026-05-08,EML172,16188938,201,321
14052026_EML172,311798,2026-05-14,EML172,16219686,311,300
14052026_EML172,1112459,2026-05-14,EML172,16219686,311,300
28052026_EML169,,2026-05-28,EML169,16282972,301,490
28052026_EML169,,2026-05-28,EML169,16283176,341,300
28052026_EML169,,2026-05-28,EML169,16283650,341,300
28052026_EML169,,2026-05-28,EML169,16283589,331,300
01052026_EML167,311476,2026-05-01,EML167,16160624,342,343
01052026_EML167,311022,2026-05-01,EML167,16160624,342,343
01052026_EML167,311476,2026-05-01,EML167,16161051,342,343
01052026_EML167,311022,2026-05-01,EML167,16161051,342,343
01052026_EML167,311476,2026-05-01,EML167,16160986,311,440
01052026_EML167,311022,2026-05-01,EML167,16160986,311,440
07052026_EML167,311003,2026-05-07,EML167,16185928,312,343
07052026_EML167,311476,2026-05-07,EML167,16185928,312,343
07052026_EML167,311003,2026-05-07,EML167,16186314,311,301
07052026_EML167,311476,2026-05-07,EML167,16186314,311,301
07052026_EML167,311003,2026-05-07,EML167,16185620,342,343
07052026_EML167,311476,2026-05-07,EML167,16185620,342,343
12052026_EML167,311476,2026-05-12,EML167,16191125,799,897
12052026_EML167,311022,2026-05-12,EML167,16191125,799,897
12052026_EML167,311476,2026-05-12,EML167,16210088,312,343
12052026_EML167,311022,2026-05-12,EML167,16210088,312,343
12052026_EML167,311476,2026-05-12,EML167,16208799,342,343
12052026_EML167,311022,2026-05-12,EML167,16208799,342,343
12052026_EML167,311476,2026-05-12,EML167,16210547,342,343
12052026_EML167,311022,2026-05-12,EML167,16210547,342,343
13052026_EML167,311476,2026-05-13,EML167,16215047,301,490
13052026_EML167,311022,2026-05-13,EML167,16215047,301,490
13052026_EML167,311476,2026-05-13,EML167,16214094,311,301
13052026_EML167,311022,2026-05-13,EML167,16214094,311,301
13052026_EML167,311476,2026-05-13,EML167,16215783,311,440
13052026_EML167,311022,2026-05-13,EML167,16215783,311,440
13052026_EML167,311476,2026-05-13,EML167,16215153,312,343
13052026_EML167,311022,2026-05-13,EML167,16215153,312,343
16052026_EML167,,2026-05-16,EML167,16229046,331,325
16052026_EML167,,2026-05-16,EML167,16229783,201,10
16052026_EML167,,2026-05-16,EML167,16229443,311,490
17052026_EML167,311476,2026-05-17,EML167,16232697,311,490
17052026_EML167,311022,2026-05-17,EML167,16232697,311,490
17052026_EML167,311476,2026-05-17,EML167,16233688,342,343
17052026_EML167,311022,2026-05-17,EML167,16233688,342,343
17052026_EML167,311476,2026-05-17,EML167,16233600,301,490
17052026_EML167,311022,2026-05-17,EML167,16233600,301,490
18052026_EML167,311003,2026-05-18,EML167,16238578,311,301
18052026_EML167,311476,2026-05-18,EML167,16238578,311,301
18052026_EML167,311003,2026-05-18,EML167,16237415,311,620
18052026_EML167,311476,2026-05-18,EML167,16237415,311,620
18052026_EML167,311003,2026-05-18,EML167,16237665,311,490
18052026_EML167,311476,2026-05-18,EML167,16237665,311,490
18052026_EML167,311003,2026-05-18,EML167,16238589,312,343
18052026_EML167,311476,2026-05-18,EML167,16238589,312,343
19052026_EML167,311003,2026-05-19,EML167,16242627,312,343
19052026_EML167,311476,2026-05-19,EML167,16242627,312,343
19052026_EML167,311003,2026-05-19,EML167,16241870,343,620
19052026_EML167,311476,2026-05-19,EML167,16241870,343,620
19052026_EML167,311003,2026-05-19,EML167,16242993,311,490
19052026_EML167,311476,2026-05-19,EML167,16242993,311,490
19052026_EML167,311003,2026-05-19,EML167,16243603,311,490
19052026_EML167,311476,2026-05-19,EML167,16243603,311,490
24052026_EML167,311003,2026-05-24,EML167,16264320,312,343
24052026_EML167,311003,2026-05-24,EML167,16263858,342,343
24052026_EML167,311003,2026-05-24,EML167,16264170,311,490
24052026_EML167,311003,2026-05-24,EML167,16263950,342,343
27052026_EML167,311476,2026-05-27,EML167,16279030,331,440
27052026_EML167,311022,2026-05-27,EML167,16279030,331,440
27052026_EML167,311476,2026-05-27,EML167,16279018,311,440
27052026_EML167,311022,2026-05-27,EML167,16279018,311,440
27052026_EML167,311476,2026-05-27,EML167,16279667,312,343
27052026_EML167,311022,2026-05-27,EML167,16279667,312,343
27052026_EML167,311476,2026-05-27,EML167,16264990,799,897
27052026_EML167,311022,2026-05-27,EML167,16264990,799,897
28052026_EML167,311476,2026-05-28,EML167,16283465,331,151
28052026_EML167,311022,2026-05-28,EML167,16283465,331,151
28052026_EML167,311476,2026-05-28,EML167,16284347,312,343
28052026_EML167,311022,2026-05-28,EML167,16284347,312,343
28052026_EML167,311476,2026-05-28,EML167,16284286,311,490
28052026_EML167,311022,2026-05-28,EML167,16284286,311,490
28052026_EML167,311476,2026-05-28,EML167,16283713,301,890
28052026_EML167,311022,2026-05-28,EML167,16283713,301,890
01052026_EML166,1112827,2026-05-01,EML166,16160812,311,490
01052026_EML166,1112252,2026-05-01,EML166,16160812,311,490
06052026_EML166,1112252,2026-05-06,EML166,16180070,343,440
06052026_EML166,1112827,2026-05-06,EML166,16180070,343,440
06052026_EML166,1112252,2026-05-06,EML166,16180150,342,300
06052026_EML166,1112827,2026-05-06,EML166,16180150,342,300
06052026_EML166,1112252,2026-05-06,EML166,16180527,311,490
06052026_EML166,1112827,2026-05-06,EML166,16180527,311,490
06052026_EML166,1112252,2026-05-06,EML166,16180857,311,490
06052026_EML166,1112827,2026-05-06,EML166,16180857,311,490
06052026_EML166,1112252,2026-05-06,EML166,16180783,311,490
06052026_EML166,1112827,2026-05-06,EML166,16180783,311,490
27052026_EML166,1112827,2026-05-27,EML166,16278238,311,460
27052026_EML166,1112252,2026-05-27,EML166,16278238,311,460
20052026_EML165,,2026-05-20,EML165,16247316,381,300
20052026_EML165,,2026-05-20,EML165,16248310,341,300
20052026_EML165,,2026-05-20,EML165,16247922,311,490
20052026_EML165,,2026-05-20,EML165,16248631,312,300
21052026_EML165,1112389,2026-05-21,EML165,16251696,311,301
21052026_EML165,1112389,2026-05-21,EML165,16252509,301,20
21052026_EML165,1112389,2026-05-21,EML165,16251366,201,321
28052026_EML165,,2026-05-28,EML165,16282548,312,300
28052026_EML165,,2026-05-28,EML165,16282473,312,180
28052026_EML165,,2026-05-28,EML165,16282607,341,620
28052026_EML165,,2026-05-28,EML165,16284034,343,620
28052026_EML165,,2026-05-28,EML165,16284424,343,620
28052026_EML162,,2026-05-28,EML162,16283582,311,490
28052026_EML162,,2026-05-28,EML162,16282397,201,321
27052026_EML161,,2026-05-27,EML161,16278881,311,300
27052026_EML161,,2026-05-27,EML161,16278102,341,440
27052026_EML161,,2026-05-27,EML161,16279385,311,620
27052026_EML161,,2026-05-27,EML161,16264956,799,897
28052026_EML161,311003,2026-05-28,EML161,16283608,312,300
28052026_EML161,1112408,2026-05-28,EML161,16283608,312,300
28052026_EML161,311183,2026-05-28,EML161,16283608,312,300
28052026_EML161,311003,2026-05-28,EML161,16283699,311,490
28052026_EML161,1112408,2026-05-28,EML161,16283699,311,490
28052026_EML161,311183,2026-05-28,EML161,16283699,311,490
28052026_EML161,311003,2026-05-28,EML161,16284294,312,300
28052026_EML161,1112408,2026-05-28,EML161,16284294,312,300
28052026_EML161,311183,2026-05-28,EML161,16284294,312,300
13052026_EML135,,2026-05-13,EML135,16213481,201,490
14052026_EML135,,2026-05-14,EML135,16216943,341,490
14052026_EML135,,2026-05-14,EML135,16216943,341,490
14052026_EML135,,2026-05-14,EML135,16220134,381,890
22052026_EML135,311423,2026-05-22,EML135,16255671,311,490
22052026_EML135,311423,2026-05-22,EML135,16256541,799,897
22052026_EML135,311423,2026-05-22,EML135,16255827,311,490
23052026_EML135,311423,2026-05-23,EML135,16260593,312,300
23052026_EML135,1112808,2026-05-23,EML135,16260593,312,300
27052026_EML135,311423,2026-05-27,EML135,16279163,343,440
27052026_EML135,1112808,2026-05-27,EML135,16279163,343,440
28052026_EML135,311423,2026-05-28,EML135,16282324,341,300
28052026_EML135,1112808,2026-05-28,EML135,16282324,341,300
05052026_EML134,31859,2026-05-05,EML134,16174615,311,490
05052026_EML134,31859,2026-05-05,EML134,16175625,311,490
12052026_EML134,31859,2026-05-12,EML134,16208163,341,302
12052026_EML134,311475,2026-05-12,EML134,16208163,341,302
12052026_EML134,31859,2026-05-12,EML134,16208268,311,490
12052026_EML134,311475,2026-05-12,EML134,16208268,311,490
02052026_EML133,,2026-05-02,EML133,16163057,311,300
02052026_EML133,,2026-05-02,EML133,16163525,311,300
02052026_EML133,,2026-05-02,EML133,16163786,311,300
02052026_EML133,,2026-05-02,EML133,16163828,311,300
03052026_EML133,,2026-05-03,EML133,16166577,341,300
27052026_EML133,512052,2026-05-27,EML133,16280670,343,620
27052026_EML133,512064,2026-05-27,EML133,16280670,343,620
03052026_EML131,512074,2026-05-03,EML131,16166032,312,300
03052026_EML131,311424,2026-05-03,EML131,16166032,312,300
03052026_EML131,512079,2026-05-03,EML131,16166032,312,300
03052026_EML131,512052,2026-05-03,EML131,16166032,312,300
03052026_EML131,512064,2026-05-03,EML131,16166032,312,300
14052026_EML131,311174,2026-05-14,EML131,16220132,311,620
14052026_EML131,311424,2026-05-14,EML131,16220132,311,620
21052026_EML131,311174,2026-05-21,EML131,16251387,343,300
21052026_EML131,311424,2026-05-21,EML131,16251387,343,300
23052026_EML131,311174,2026-05-23,EML131,16267204,311,490
23052026_EML131,311424,2026-05-23,EML131,16267204,311,490
26052026_EML131,,2026-05-26,EML131,16271238,312,343
26052026_EML131,,2026-05-26,EML131,16271422,341,620
26052026_EML131,,2026-05-26,EML131,16271206,311,300
26052026_EML131,,2026-05-26,EML131,16272086,341,620
29052026_EML131,311174,2026-05-29,EML131,16287032,311,300
29052026_EML131,311424,2026-05-29,EML131,16287032,311,300
30052026_EML131,311174,2026-05-30,EML131,16290532,311,620
30052026_EML131,311424,2026-05-30,EML131,16290532,311,620
30052026_EML131,512016,2026-05-30,EML131,16290532,311,620
30052026_EML131,311174,2026-05-30,EML131,16290639,341,620
30052026_EML131,311424,2026-05-30,EML131,16290639,341,620
30052026_EML131,512016,2026-05-30,EML131,16290639,341,620
30052026_EML131,311174,2026-05-30,EML131,16290963,331,325
30052026_EML131,311424,2026-05-30,EML131,16290963,331,325
30052026_EML131,512016,2026-05-30,EML131,16290963,331,325
09052026_EML130,311492,2026-05-09,EML130,16231258,341,620
09052026_EML130,1112733,2026-05-09,EML130,16231258,341,620
14052026_EML130,512023,2026-05-14,EML130,16217699,381,890
19052026_EML130,512023,2026-05-19,EML130,16241807,342,343
19052026_EML130,512023,2026-05-19,EML130,16242160,127,880
28052026_EML129,31859,2026-05-28,EML129,16282028,311,180
28052026_EML129,512233,2026-05-28,EML129,16282028,311,180
28052026_EML129,31859,2026-05-28,EML129,16282722,201,325
28052026_EML129,512233,2026-05-28,EML129,16282722,201,325
28052026_EML125,1112807,2026-05-28,EML125,16281194,311,300
28052026_EML125,512025,2026-05-28,EML125,16281194,311,300
28052026_EML125,1112807,2026-05-28,EML125,16281434,311,440
28052026_EML125,512025,2026-05-28,EML125,16281434,311,440
28052026_EML125,1112807,2026-05-28,EML125,16281498,311,10
28052026_EML125,512025,2026-05-28,EML125,16281498,311,10
28052026_EML125,1112807,2026-05-28,EML125,16282397,201,321
28052026_EML125,512025,2026-05-28,EML125,16282397,201,321
14052026_EML123,,2026-05-14,EML123,16217280,311,10
14052026_EML123,,2026-05-14,EML123,16217056,381,343
02052026_EML121,512118,2026-05-02,EML121,16162855,341,440
02052026_EML121,512118,2026-05-02,EML121,16162555,311,180
02052026_EML121,512118,2026-05-02,EML121,16163266,311,490
03052026_EML121,512118,2026-05-03,EML121,16166030,311,440
03052026_EML121,512118,2026-05-03,EML121,16166031,341,460
03052026_EML121,512118,2026-05-03,EML121,16166533,311,490
03052026_EML121,512118,2026-05-03,EML121,16166711,311,440
05052026_EML121,512118,2026-05-05,EML121,16173931,311,300
05052026_EML121,512118,2026-05-05,EML121,16174941,311,440
09052026_EML121,512118,2026-05-09,EML121,16192492,201,180
09052026_EML121,31859,2026-05-09,EML121,16192492,201,180
13052026_EML121,512118,2026-05-13,EML121,16211327,341,460
13052026_EML121,512118,2026-05-13,EML121,16213481,201,490
13052026_EML121,512118,2026-05-13,EML121,16212401,311,311
14052026_EML121,512118,2026-05-14,EML121,16217280,311,10
14052026_EML121,512118,2026-05-14,EML121,16219613,301,490
21052026_EML121,512118,2026-05-21,EML121,16250354,341,440
21052026_EML121,31859,2026-05-21,EML121,16250354,341,440
21052026_EML121,512118,2026-05-21,EML121,16251368,342,343
21052026_EML121,31859,2026-05-21,EML121,16251368,342,343
29052026_EML121,512118,2026-05-29,EML121,16285843,341,440
29052026_EML121,512040,2026-05-29,EML121,16285843,341,440
29052026_EML121,512118,2026-05-29,EML121,16286340,201,490
29052026_EML121,512040,2026-05-29,EML121,16286340,201,490
19052026_EML118,311741,2026-05-19,EML118,16239517,341,440
19052026_EML118,311121,2026-05-19,EML118,16239517,341,440
19052026_EML118,311741,2026-05-19,EML118,16239365,311,620
19052026_EML118,311121,2026-05-19,EML118,16239365,311,620
19052026_EML118,311741,2026-05-19,EML118,16240170,341,490
19052026_EML118,311121,2026-05-19,EML118,16240170,341,490
19052026_EML118,311741,2026-05-19,EML118,16240324,311,460
19052026_EML118,311121,2026-05-19,EML118,16240324,311,460
19052026_EML118,311741,2026-05-19,EML118,16241577,311,440
19052026_EML118,311121,2026-05-19,EML118,16241577,311,440
27052026_EML118,311121,2026-05-27,EML118,16275152,341,490
01052026_EML117,311868,2026-05-01,EML117,16158339,341,440
01052026_EML117,1112763,2026-05-01,EML117,16158339,341,440
01052026_EML117,311868,2026-05-01,EML117,16158512,381,490
01052026_EML117,1112763,2026-05-01,EML117,16158512,381,490
01052026_EML117,311868,2026-05-01,EML117,16158865,301,440
01052026_EML117,1112763,2026-05-01,EML117,16158865,301,440
01052026_EML117,311868,2026-05-01,EML117,16159127,311,440
01052026_EML117,1112763,2026-05-01,EML117,16159127,311,440
04052026_EML117,1112371,2026-05-04,EML117,16168497,342,343
04052026_EML117,311868,2026-05-04,EML117,16168497,342,343
04052026_EML117,1112371,2026-05-04,EML117,16168574,342,343
04052026_EML117,311868,2026-05-04,EML117,16168574,342,343
04052026_EML117,1112371,2026-05-04,EML117,16168969,343,620
04052026_EML117,311868,2026-05-04,EML117,16168969,343,620
04052026_EML117,1112371,2026-05-04,EML117,16169367,342,343
04052026_EML117,311868,2026-05-04,EML117,16169367,342,343
05052026_EML117,311868,2026-05-05,EML117,16171682,343,440
05052026_EML117,1112763,2026-05-05,EML117,16171682,343,440
05052026_EML117,311868,2026-05-05,EML117,16172352,311,440
05052026_EML117,1112763,2026-05-05,EML117,16172352,311,440
05052026_EML117,311868,2026-05-05,EML117,16172847,311,490
05052026_EML117,1112763,2026-05-05,EML117,16172847,311,490
05052026_EML117,311868,2026-05-05,EML117,16173711,311,490
05052026_EML117,1112763,2026-05-05,EML117,16173711,311,490
07052026_EML117,311868,2026-05-07,EML117,16182038,311,490
07052026_EML117,1112763,2026-05-07,EML117,16182038,311,490
07052026_EML117,311868,2026-05-07,EML117,16182503,341,440
07052026_EML117,1112763,2026-05-07,EML117,16182503,341,440
07052026_EML117,311868,2026-05-07,EML117,16182962,341,440
07052026_EML117,1112763,2026-05-07,EML117,16182962,341,440
07052026_EML117,311868,2026-05-07,EML117,16183409,311,490
07052026_EML117,1112763,2026-05-07,EML117,16183409,311,490
10052026_EML117,311868,2026-05-10,EML117,16195593,201,180
10052026_EML117,1112763,2026-05-10,EML117,16195593,201,180
10052026_EML117,311868,2026-05-10,EML117,16105072,799,897
10052026_EML117,1112763,2026-05-10,EML117,16105072,799,897
11052026_EML117,311868,2026-05-11,EML117,16198904,311,620
11052026_EML117,1112763,2026-05-11,EML117,16198904,311,620
11052026_EML117,311868,2026-05-11,EML117,16198603,341,440
11052026_EML117,1112763,2026-05-11,EML117,16198603,341,440
11052026_EML117,311868,2026-05-11,EML117,16200292,311,620
11052026_EML117,1112763,2026-05-11,EML117,16200292,311,620
11052026_EML117,311868,2026-05-11,EML117,16200587,381,343
11052026_EML117,1112763,2026-05-11,EML117,16200587,381,343
12052026_EML117,311868,2026-05-12,EML117,16204579,126,880
12052026_EML117,1112763,2026-05-12,EML117,16204579,126,880
12052026_EML117,311868,2026-05-12,EML117,16203860,311,620
12052026_EML117,1112763,2026-05-12,EML117,16203860,311,620
12052026_EML117,311868,2026-05-12,EML117,16206693,311,490
12052026_EML117,1112763,2026-05-12,EML117,16206693,311,490
15052026_EML117,311868,2026-05-15,EML117,16221970,311,440
15052026_EML117,1112763,2026-05-15,EML117,16221970,311,440
15052026_EML117,311868,2026-05-15,EML117,16223254,341,440
15052026_EML117,1112763,2026-05-15,EML117,16223254,341,440
16052026_EML117,311868,2026-05-16,EML117,16226707,343,490
16052026_EML117,1112763,2026-05-16,EML117,16226707,343,490
16052026_EML117,311868,2026-05-16,EML117,16227291,341,440
16052026_EML117,1112763,2026-05-16,EML117,16227291,341,440
16052026_EML117,311868,2026-05-16,EML117,16033827,799,899
16052026_EML117,1112763,2026-05-16,EML117,16033827,799,899
20052026_EML117,311868,2026-05-20,EML117,16100765,799,897
20052026_EML117,1112763,2026-05-20,EML117,16100765,799,897
20052026_EML117,311868,2026-05-20,EML117,16244832,311,620
20052026_EML117,1112763,2026-05-20,EML117,16244832,311,620
21052026_EML117,311868,2026-05-21,EML117,16249072,311,490
21052026_EML117,1112763,2026-05-21,EML117,16249072,311,490
21052026_EML117,311868,2026-05-21,EML117,16249634,341,440
21052026_EML117,1112763,2026-05-21,EML117,16249634,341,440
21052026_EML117,311868,2026-05-21,EML117,16250255,311,490
21052026_EML117,1112763,2026-05-21,EML117,16250255,311,490
22052026_EML117,311868,2026-05-22,EML117,16253493,311,490
22052026_EML117,1112763,2026-05-22,EML117,16253493,311,490
22052026_EML117,311868,2026-05-22,EML117,16253564,341,440
22052026_EML117,1112763,2026-05-22,EML117,16253564,341,440
22052026_EML117,311868,2026-05-22,EML117,16254398,341,620
22052026_EML117,1112763,2026-05-22,EML117,16254398,341,620
22052026_EML117,311868,2026-05-22,EML117,16254568,311,490
22052026_EML117,1112763,2026-05-22,EML117,16254568,311,490
25052026_EML117,311868,2026-05-25,EML117,16265094,342,300
25052026_EML117,1112763,2026-05-25,EML117,16265094,342,300
25052026_EML117,311868,2026-05-25,EML117,16265277,311,490
25052026_EML117,1112763,2026-05-25,EML117,16265277,311,490
25052026_EML117,311868,2026-05-25,EML117,16265425,311,490
25052026_EML117,1112763,2026-05-25,EML117,16265425,311,490
26052026_EML117,311868,2026-05-26,EML117,16269830,341,440
26052026_EML117,1112763,2026-05-26,EML117,16269830,341,440
26052026_EML117,311868,2026-05-26,EML117,16269761,311,490
26052026_EML117,1112763,2026-05-26,EML117,16269761,311,490
26052026_EML117,311868,2026-05-26,EML117,16271043,341,440
26052026_EML117,1112763,2026-05-26,EML117,16271043,341,440
30052026_EML117,1112371,2026-05-30,EML117,16289331,312,343
30052026_EML117,311868,2026-05-30,EML117,16289331,312,343
30052026_EML117,1112371,2026-05-30,EML117,16289584,311,620
30052026_EML117,311868,2026-05-30,EML117,16289584,311,620
30052026_EML117,1112371,2026-05-30,EML117,16289708,311,490
30052026_EML117,311868,2026-05-30,EML117,16289708,311,490
30052026_EML117,1112371,2026-05-30,EML117,16289975,311,490
30052026_EML117,311868,2026-05-30,EML117,16289975,311,490
31052026_EML117,1112371,2026-05-31,EML117,16292425,342,343
31052026_EML117,311868,2026-05-31,EML117,16292425,342,343
31052026_EML117,1112371,2026-05-31,EML117,16292629,311,490
31052026_EML117,311868,2026-05-31,EML117,16292629,311,490
31052026_EML117,1112371,2026-05-31,EML117,16293050,342,343
31052026_EML117,311868,2026-05-31,EML117,16293050,342,343
09052026_EML116,,2026-05-09,EML116,16192339,301,180
18052026_EML116,311341,2026-05-18,EML116,16234606,311,180
18052026_EML116,1112752,2026-05-18,EML116,16234606,311,180
18052026_EML116,311341,2026-05-18,EML116,16235559,311,490
18052026_EML116,1112752,2026-05-18,EML116,16235559,311,490
29052026_EML116,311341,2026-05-29,EML116,16286536,301,490
29052026_EML116,1112752,2026-05-29,EML116,16286536,301,490
31052026_EML116,311341,2026-05-31,EML116,16292293,301,440
31052026_EML116,1112752,2026-05-31,EML116,16292293,301,440
01052026_EML114,311756,2026-05-01,EML114,16158422,342,343
01052026_EML114,1112518,2026-05-01,EML114,16158422,342,343
01052026_EML114,311756,2026-05-01,EML114,16158806,312,300
01052026_EML114,1112518,2026-05-01,EML114,16158806,312,300
01052026_EML114,311756,2026-05-01,EML114,16137222,799,897
01052026_EML114,1112518,2026-05-01,EML114,16137222,799,897
22052026_EML114,311756,2026-05-22,EML114,16253501,311,490
22052026_EML114,1112518,2026-05-22,EML114,16253501,311,490
26052026_EML114,,2026-05-26,EML114,16269951,341,443
28052026_EML114,1112518,2026-05-28,EML114,16282430,341,490
28052026_EML114,311756,2026-05-28,EML114,16282430,341,490
30052026_EML114,1112518,2026-05-30,EML114,16289668,343,440
30052026_EML114,311756,2026-05-30,EML114,16289668,343,440
30052026_EML114,1112518,2026-05-30,EML114,16290343,799,897
30052026_EML114,311756,2026-05-30,EML114,16290343,799,897
30052026_EML114,1112518,2026-05-30,EML114,16290487,311,620
30052026_EML114,311756,2026-05-30,EML114,16290487,311,620
31052026_EML114,1112518,2026-05-31,EML114,16292389,312,300
31052026_EML114,311756,2026-05-31,EML114,16292389,312,300
31052026_EML114,1112518,2026-05-31,EML114,16292674,311,490
31052026_EML114,311756,2026-05-31,EML114,16292674,311,490
31052026_EML114,1112518,2026-05-31,EML114,16293050,342,343
31052026_EML114,311756,2026-05-31,EML114,16293050,342,343
30052026_EML113,311753,2026-05-30,EML113,16289627,311,490
30052026_EML113,1112535,2026-05-30,EML113,16289627,311,490
30052026_EML113,311753,2026-05-30,EML113,16289773,301,490
30052026_EML113,1112535,2026-05-30,EML113,16289773,301,490
01052026_EML112,1112378,2026-05-01,EML112,16158369,311,620
01052026_EML112,1112444,2026-05-01,EML112,16158369,311,620
01052026_EML112,1112378,2026-05-01,EML112,16158677,311,490
01052026_EML112,1112444,2026-05-01,EML112,16158677,311,490
01052026_EML112,1112378,2026-05-01,EML112,16159119,311,620
01052026_EML112,1112444,2026-05-01,EML112,16159119,311,620
02052026_EML112,1112378,2026-05-02,EML112,16033841,799,897
02052026_EML112,1112444,2026-05-02,EML112,16033841,799,897
02052026_EML112,1112378,2026-05-02,EML112,16162149,311,620
02052026_EML112,1112444,2026-05-02,EML112,16162149,311,620
02052026_EML112,1112378,2026-05-02,EML112,16162514,311,620
02052026_EML112,1112444,2026-05-02,EML112,16162514,311,620
02052026_EML112,1112378,2026-05-02,EML112,16162814,342,343
02052026_EML112,1112444,2026-05-02,EML112,16162814,342,343
03052026_EML112,1112378,2026-05-03,EML112,16105679,799,897
03052026_EML112,1112378,2026-05-03,EML112,16165441,311,620
03052026_EML112,1112378,2026-05-03,EML112,16165661,343,620
03052026_EML112,1112378,2026-05-03,EML112,16166187,311,620
06052026_EML112,1112444,2026-05-06,EML112,16177039,343,20
06052026_EML112,1112444,2026-05-06,EML112,16178212,342,343
06052026_EML112,1112444,2026-05-06,EML112,16178300,341,620
06052026_EML112,1112444,2026-05-06,EML112,16178549,331,300
08052026_EML112,1112378,2026-05-08,EML112,16105067,799,897
08052026_EML112,1112444,2026-05-08,EML112,16105067,799,897
26052026_EML112,1112535,2026-05-26,EML112,16269887,343,490
26052026_EML112,1112535,2026-05-26,EML112,16271134,311,300
07052026_EML111,1112838,2026-05-07,EML111,16181184,311,620
23052026_EML110,31740,2026-05-23,EML110,16258118,201,10
23052026_EML110,1112441,2026-05-23,EML110,16258118,201,10
31052026_EML110,31740,2026-05-31,EML110,16292293,301,440
31052026_EML110,1112441,2026-05-31,EML110,16292293,301,440
01052026_EML109,311118,2026-05-01,EML109,16157582,311,10
01052026_EML109,1112415,2026-05-01,EML109,16157582,311,10
16052026_EML108,311118,2026-05-16,EML108,16226944,311,490
16052026_EML108,1112415,2026-05-16,EML108,16226944,311,490
16052026_EML108,311118,2026-05-16,EML108,16227425,341,300
16052026_EML108,1112415,2026-05-16,EML108,16227425,341,300
16052026_EML108,311118,2026-05-16,EML108,16227819,343,440
16052026_EML108,1112415,2026-05-16,EML108,16227819,343,440
16052026_EML108,311118,2026-05-16,EML108,16227971,311,311
16052026_EML108,1112415,2026-05-16,EML108,16227971,311,311
17052026_EML108,311118,2026-05-17,EML108,16229982,311,180
17052026_EML108,1112415,2026-05-17,EML108,16229982,311,180
17052026_EML108,311118,2026-05-17,EML108,16230706,381,171
17052026_EML108,1112415,2026-05-17,EML108,16230706,381,171
17052026_EML108,311118,2026-05-17,EML108,16232252,201,180
17052026_EML108,1112415,2026-05-17,EML108,16232252,201,180
18052026_EML108,311118,2026-05-18,EML108,16234337,343,440
18052026_EML108,1112415,2026-05-18,EML108,16234337,343,440
18052026_EML108,311118,2026-05-18,EML108,16235042,311,311
18052026_EML108,1112415,2026-05-18,EML108,16235042,311,311
18052026_EML108,311118,2026-05-18,EML108,16236572,301,490
18052026_EML108,1112415,2026-05-18,EML108,16236572,301,490
19052026_EML108,311118,2026-05-19,EML108,16237265,799,897
19052026_EML108,1112415,2026-05-19,EML108,16237265,799,897
19052026_EML108,311118,2026-05-19,EML108,16239616,311,490
19052026_EML108,1112415,2026-05-19,EML108,16239616,311,490
19052026_EML108,311118,2026-05-19,EML108,16239629,311,311
19052026_EML108,1112415,2026-05-19,EML108,16239629,311,311
19052026_EML108,311118,2026-05-19,EML108,16241502,311,180
19052026_EML108,1112415,2026-05-19,EML108,16241502,311,180
22052026_EML108,311118,2026-05-22,EML108,16253390,311,490
22052026_EML108,1112415,2026-05-22,EML108,16253390,311,490
22052026_EML108,311118,2026-05-22,EML108,16254079,381,180
22052026_EML108,1112415,2026-05-22,EML108,16254079,381,180
22052026_EML108,311118,2026-05-22,EML108,16254499,201,300
22052026_EML108,1112415,2026-05-22,EML108,16254499,201,300
23052026_EML108,311118,2026-05-23,EML108,16258082,311,311
23052026_EML108,1112415,2026-05-23,EML108,16258082,311,311
23052026_EML108,311118,2026-05-23,EML108,16258621,311,490
23052026_EML108,1112415,2026-05-23,EML108,16258621,311,490
23052026_EML108,311118,2026-05-23,EML108,16259332,343,490
23052026_EML108,1112415,2026-05-23,EML108,16259332,343,490
24052026_EML108,311118,2026-05-24,EML108,16261430,799,897
24052026_EML108,1112415,2026-05-24,EML108,16261430,799,897
24052026_EML108,311118,2026-05-24,EML108,16261824,311,490
24052026_EML108,1112415,2026-05-24,EML108,16261824,311,490
24052026_EML108,311118,2026-05-24,EML108,16262245,311,311
24052026_EML108,1112415,2026-05-24,EML108,16262245,311,311
29052026_EML106,1112446,2026-05-29,EML106,16283558,311,490
28052026_EML105,311035,2026-05-28,EML105,16279780,341,490
28052026_EML105,1112375,2026-05-28,EML105,16279780,341,490
29052026_EML104,31936,2026-05-29,EML104,16285997,311,490
24052026_EML101,311418,2026-05-24,EML101,16262029,331,440
24052026_EML101,311617,2026-05-24,EML101,16262029,331,440
29052026_EML101,311418,2026-05-29,EML101,16284842,343,440
29052026_EML101,311617,2026-05-29,EML101,16284842,343,440
29052026_EML101,311418,2026-05-29,EML101,16285024,301,440
29052026_EML101,311617,2026-05-29,EML101,16285024,301,440
29052026_EML101,311418,2026-05-29,EML101,16285710,311,440
29052026_EML101,311617,2026-05-29,EML101,16285710,311,440
31052026_EML101,311418,2026-05-31,EML101,16290983,343,20
31052026_EML101,311617,2026-05-31,EML101,16290983,343,20
31052026_EML101,311418,2026-05-31,EML101,16292505,301,300
31052026_EML101,311617,2026-05-31,EML101,16292505,301,300
31052026_EML101,311418,2026-05-31,EML101,16292371,343,440
31052026_EML101,311617,2026-05-31,EML101,16292371,343,440
01052026_EEL703,1112754,2026-05-01,EEL703,16158730,799,897
01052026_EEL703,1112566,2026-05-01,EEL703,16158730,799,897
01052026_EEL703,1112754,2026-05-01,EEL703,16159014,301,440
01052026_EEL703,1112566,2026-05-01,EEL703,16159014,301,440
13052026_EEL703,1112657,2026-05-13,EEL703,16210714,341,315
15052026_EEL703,1112657,2026-05-15,EEL703,16223805,341,315
21052026_EEL703,1112657,2026-05-21,EEL703,16250686,311,490
21052026_EEL703,1112787,2026-05-21,EEL703,16250686,311,490
26052026_EEL703,1112657,2026-05-26,EEL703,16271224,341,315
26052026_EEL703,1112787,2026-05-26,EEL703,16271224,341,315
27052026_EEL703,1112573,2026-05-27,EEL703,16275037,321,490
27052026_EEL703,311917,2026-05-27,EEL703,16275037,321,490
27052026_EEL703,1112573,2026-05-27,EEL703,16275450,343,490
27052026_EEL703,311917,2026-05-27,EEL703,16275450,343,490
28052026_EEL703,1112657,2026-05-28,EEL703,16280396,341,315
28052026_EEL703,1112787,2026-05-28,EEL703,16280396,341,315
28052026_EEL703,1112657,2026-05-28,EEL703,16280838,311,440
28052026_EEL703,1112787,2026-05-28,EEL703,16280838,311,440
29052026_EEL703,1112657,2026-05-29,EEL703,16285136,311,300
29052026_EEL703,1112787,2026-05-29,EEL703,16285136,311,300
29052026_EEL703,1112657,2026-05-29,EEL703,16285469,104,890
29052026_EEL703,1112787,2026-05-29,EEL703,16285469,104,890
29052026_EEL703,1112657,2026-05-29,EEL703,16286197,311,620
29052026_EEL703,1112787,2026-05-29,EEL703,16286197,311,620
29052026_EEL703,1112657,2026-05-29,EEL703,16286275,341,315
29052026_EEL703,1112787,2026-05-29,EEL703,16286275,341,315
29052026_EEL703,1112657,2026-05-29,EEL703,16286918,341,315
29052026_EEL703,1112787,2026-05-29,EEL703,16286918,341,315
28052026_EEL702,1112411,2026-05-28,EEL702,16280580,341,620
28052026_EEL702,51586,2026-05-28,EEL702,16280580,341,620
28052026_EEL702,1112411,2026-05-28,EEL702,16280718,341,620
28052026_EEL702,51586,2026-05-28,EEL702,16280718,341,620
28052026_EEL702,1112411,2026-05-28,EEL702,16281135,341,620
28052026_EEL702,51586,2026-05-28,EEL702,16281135,341,620
28052026_EEL702,1112411,2026-05-28,EEL702,16281899,104,300
28052026_EEL702,51586,2026-05-28,EEL702,16281899,104,300
29052026_EEL702,1112411,2026-05-29,EEL702,16285427,311,490
29052026_EEL702,51586,2026-05-29,EEL702,16285427,311,490
29052026_EEL702,1112411,2026-05-29,EEL702,16285669,341,620
29052026_EEL702,51586,2026-05-29,EEL702,16285669,341,620
29052026_EEL702,1112411,2026-05-29,EEL702,16285673,343,301
29052026_EEL702,51586,2026-05-29,EEL702,16285673,343,301
29052026_EEL702,1112411,2026-05-29,EEL702,16286314,341,620
29052026_EEL702,51586,2026-05-29,EEL702,16286314,341,620
29052026_EEL702,1112411,2026-05-29,EEL702,16286413,341,620
29052026_EEL702,51586,2026-05-29,EEL702,16286413,341,620
29052026_EEL702,1112411,2026-05-29,EEL702,16286365,341,620
29052026_EEL702,51586,2026-05-29,EEL702,16286365,341,620
04052026_EEL701,,2026-05-04,EEL701,16165680,799,897
04052026_EEL701,,2026-05-04,EEL701,16169295,341,300
04052026_EEL701,,2026-05-04,EEL701,16169184,341,300
04052026_EEL701,,2026-05-04,EEL701,16166332,799,899
29052026_EEL701,1112573,2026-05-29,EEL701,16285480,343,490
29052026_EEL701,1112573,2026-05-29,EEL701,16286199,341,440
05052026_EEL321,511170,2026-05-05,EEL321,16174602,342,300
05052026_EEL321,511167,2026-05-05,EEL321,16174602,342,300
05052026_EEL321,511170,2026-05-05,EEL321,16175074,342,300
05052026_EEL321,511167,2026-05-05,EEL321,16175074,342,300
05052026_EEL321,511170,2026-05-05,EEL321,16175203,342,300
05052026_EEL321,511167,2026-05-05,EEL321,16175203,342,300
05052026_EEL321,511170,2026-05-05,EEL321,16174674,342,300
05052026_EEL321,511167,2026-05-05,EEL321,16174674,342,300
08052026_EEL321,511170,2026-05-08,EEL321,16179356,799,897
08052026_EEL321,511167,2026-05-08,EEL321,16179356,799,897
08052026_EEL321,511170,2026-05-08,EEL321,16188634,342,300
08052026_EEL321,511167,2026-05-08,EEL321,16188634,342,300
08052026_EEL321,511170,2026-05-08,EEL321,16189288,799,897
08052026_EEL321,511167,2026-05-08,EEL321,16189288,799,897
08052026_EEL321,511170,2026-05-08,EEL321,16189339,342,300
08052026_EEL321,511167,2026-05-08,EEL321,16189339,342,300
13052026_EEL321,511170,2026-05-13,EEL321,16212015,321,490
13052026_EEL321,511167,2026-05-13,EEL321,16212015,321,490
13052026_EEL321,511170,2026-05-13,EEL321,16213457,342,300
13052026_EEL321,511167,2026-05-13,EEL321,16213457,342,300
13052026_EEL321,511170,2026-05-13,EEL321,16212458,127,880
13052026_EEL321,511167,2026-05-13,EEL321,16212458,127,880
13052026_EEL321,511170,2026-05-13,EEL321,16212854,342,300
13052026_EEL321,511167,2026-05-13,EEL321,16212854,342,300
14052026_EEL321,511170,2026-05-14,EEL321,16218152,342,300
14052026_EEL321,511167,2026-05-14,EEL321,16218152,342,300
14052026_EEL321,511170,2026-05-14,EEL321,16217246,342,300
14052026_EEL321,511167,2026-05-14,EEL321,16217246,342,300
14052026_EEL321,511170,2026-05-14,EEL321,16219681,312,300
14052026_EEL321,511167,2026-05-14,EEL321,16219681,312,300
14052026_EEL321,511170,2026-05-14,EEL321,16220070,128,300
14052026_EEL321,511167,2026-05-14,EEL321,16220070,128,300
15052026_EEL321,511170,2026-05-15,EEL321,16222958,342,300
15052026_EEL321,511167,2026-05-15,EEL321,16222958,342,300
15052026_EEL321,511170,2026-05-15,EEL321,16222596,342,300
15052026_EEL321,511167,2026-05-15,EEL321,16222596,342,300
15052026_EEL321,511170,2026-05-15,EEL321,16224212,121,343
15052026_EEL321,511167,2026-05-15,EEL321,16224212,121,343
15052026_EEL321,511170,2026-05-15,EEL321,16224701,128,300
15052026_EEL321,511167,2026-05-15,EEL321,16224701,128,300
15052026_EEL321,511170,2026-05-15,EEL321,16222561,343,440
15052026_EEL321,511167,2026-05-15,EEL321,16222561,343,440
18052026_EEL321,511170,2026-05-18,EEL321,16237217,342,300
18052026_EEL321,511167,2026-05-18,EEL321,16237217,342,300
18052026_EEL321,511998,2026-05-18,EEL321,16237217,342,300
18052026_EEL321,511170,2026-05-18,EEL321,16237422,129,880
18052026_EEL321,511167,2026-05-18,EEL321,16237422,129,880
18052026_EEL321,511998,2026-05-18,EEL321,16237422,129,880
18052026_EEL321,511170,2026-05-18,EEL321,16237594,342,300
18052026_EEL321,511167,2026-05-18,EEL321,16237594,342,300
18052026_EEL321,511998,2026-05-18,EEL321,16237594,342,300
18052026_EEL321,511170,2026-05-18,EEL321,16237912,342,300
18052026_EEL321,511167,2026-05-18,EEL321,16237912,342,300
18052026_EEL321,511998,2026-05-18,EEL321,16237912,342,300
24052026_EEL321,511111,2026-05-24,EEL321,16262851,343,490
24052026_EEL321,511145,2026-05-24,EEL321,16262851,343,490
24052026_EEL321,511111,2026-05-24,EEL321,16263245,311,490
24052026_EEL321,511145,2026-05-24,EEL321,16263245,311,490
24052026_EEL321,511111,2026-05-24,EEL321,16264049,311,490
24052026_EEL321,511145,2026-05-24,EEL321,16264049,311,490
25052026_EEL321,1112309,2026-05-25,EEL321,16266717,341,440
25052026_EEL321,1112309,2026-05-25,EEL321,16267051,341,300
26052026_EEL321,,2026-05-26,EEL321,16270487,799,897
26052026_EEL321,,2026-05-26,EEL321,16273020,311,440
28052026_EEL321,511117,2026-05-28,EEL321,16281544,311,620
28052026_EEL321,511117,2026-05-28,EEL321,16282195,311,620
28052026_EEL321,511117,2026-05-28,EEL321,16282602,311,620
28052026_EEL321,511117,2026-05-28,EEL321,16282759,311,460
29052026_EEL321,511117,2026-05-29,EEL321,16286153,311,10
29052026_EEL321,511117,2026-05-29,EEL321,16286521,311,620
30052026_EEL321,1112309,2026-05-30,EEL321,16290339,311,440
30052026_EEL321,1112309,2026-05-30,EEL321,16249296,799,897
31052026_EEL321,1112309,2026-05-31,EEL321,16293434,311,440
31052026_EEL321,1112309,2026-05-31,EEL321,16293598,311,440
31052026_EEL321,1112309,2026-05-31,EEL321,16293761,311,620
20052026_EEL320,1112666,2026-05-20,EEL320,16248345,341,300
20052026_EEL320,512200,2026-05-20,EEL320,16248345,341,300
20052026_EEL320,1112666,2026-05-20,EEL320,16248478,129,880
20052026_EEL320,512200,2026-05-20,EEL320,16248478,129,880
20052026_EEL320,1112666,2026-05-20,EEL320,16246821,341,490
20052026_EEL320,512200,2026-05-20,EEL320,16246821,341,490
27052026_EEL320,511080,2026-05-27,EEL320,16277456,341,620
27052026_EEL320,31812,2026-05-27,EEL320,16277456,341,620
27052026_EEL320,511080,2026-05-27,EEL320,16277922,341,620
27052026_EEL320,31812,2026-05-27,EEL320,16277922,341,620
28052026_EEL320,1112309,2026-05-28,EEL320,16280664,341,620
28052026_EEL320,1112309,2026-05-28,EEL320,16282931,311,440
28052026_EEL320,1112309,2026-05-28,EEL320,16283097,341,300
20052026_EEL313,511170,2026-05-20,EEL313,16244246,311,311
20052026_EEL313,511167,2026-05-20,EEL313,16244246,311,311
21052026_EEL313,511170,2026-05-21,EEL313,16250028,342,300
21052026_EEL313,511167,2026-05-21,EEL313,16250028,342,300
21052026_EEL313,511170,2026-05-21,EEL313,16250423,342,300
21052026_EEL313,511167,2026-05-21,EEL313,16250423,342,300
21052026_EEL313,511170,2026-05-21,EEL313,16251015,104,300
21052026_EEL313,511167,2026-05-21,EEL313,16251015,104,300
21052026_EEL313,511170,2026-05-21,EEL313,16251780,312,300
21052026_EEL313,511167,2026-05-21,EEL313,16251780,312,300
25052026_EEL313,511170,2026-05-25,EEL313,16266593,311,440
25052026_EEL313,511167,2026-05-25,EEL313,16266593,311,440
25052026_EEL313,511170,2026-05-25,EEL313,16266422,312,300
25052026_EEL313,511167,2026-05-25,EEL313,16266422,312,300
25052026_EEL313,511170,2026-05-25,EEL313,16267045,342,300
25052026_EEL313,511167,2026-05-25,EEL313,16267045,342,300
25052026_EEL313,511170,2026-05-25,EEL313,16267560,312,300
25052026_EEL313,511167,2026-05-25,EEL313,16267560,312,300
25052026_EEL313,511170,2026-05-25,EEL313,16267622,342,300
25052026_EEL313,511167,2026-05-25,EEL313,16267622,342,300
25052026_EEL313,511170,2026-05-25,EEL313,16267601,312,300
25052026_EEL313,511167,2026-05-25,EEL313,16267601,312,300
26052026_EEL313,511170,2026-05-26,EEL313,16270448,799,897
26052026_EEL313,511167,2026-05-26,EEL313,16270448,799,897
29052026_EEL313,511170,2026-05-29,EEL313,16286191,342,300
29052026_EEL313,511167,2026-05-29,EEL313,16286191,342,300
29052026_EEL313,511170,2026-05-29,EEL313,16285480,343,490
29052026_EEL313,511167,2026-05-29,EEL313,16285480,343,490
29052026_EEL313,511170,2026-05-29,EEL313,16286951,342,300
29052026_EEL313,511167,2026-05-29,EEL313,16286951,342,300
02052026_EEL312,511111,2026-05-02,EEL312,16163441,311,490
02052026_EEL312,511168,2026-05-02,EEL312,16163441,311,490
02052026_EEL312,511111,2026-05-02,EEL312,16163606,343,300
02052026_EEL312,511168,2026-05-02,EEL312,16163606,343,300
02052026_EEL312,511111,2026-05-02,EEL312,16163881,343,300
02052026_EEL312,511168,2026-05-02,EEL312,16163881,343,300
03052026_EEL312,511111,2026-05-03,EEL312,16165730,799,897
03052026_EEL312,511145,2026-05-03,EEL312,16165730,799,897
03052026_EEL312,511111,2026-05-03,EEL312,16166128,129,880
03052026_EEL312,511145,2026-05-03,EEL312,16166128,129,880
03052026_EEL312,511111,2026-05-03,EEL312,16167117,121,343
03052026_EEL312,511145,2026-05-03,EEL312,16167117,121,343
14052026_EEL312,511144,2026-05-14,EEL312,16219797,311,490
14052026_EEL312,511145,2026-05-14,EEL312,16219797,311,490
15052026_EEL312,1112789,2026-05-15,EEL312,16224383,342,300
15052026_EEL312,51616,2026-05-15,EEL312,16224383,342,300
15052026_EEL312,1112789,2026-05-15,EEL312,16222561,343,440
15052026_EEL312,51616,2026-05-15,EEL312,16222561,343,440
16052026_EEL312,311955,2026-05-16,EEL312,16228083,341,620
16052026_EEL312,1112814,2026-05-16,EEL312,16228083,341,620
16052026_EEL312,311955,2026-05-16,EEL312,16229087,341,620
16052026_EEL312,1112814,2026-05-16,EEL312,16229087,341,620
17052026_EEL312,311955,2026-05-17,EEL312,16231802,343,440
17052026_EEL312,1112814,2026-05-17,EEL312,16231802,343,440
17052026_EEL312,311955,2026-05-17,EEL312,16232466,126,880
17052026_EEL312,1112814,2026-05-17,EEL312,16232466,126,880
17052026_EEL312,311955,2026-05-17,EEL312,16232384,311,440
17052026_EEL312,1112814,2026-05-17,EEL312,16232384,311,440
17052026_EEL312,311955,2026-05-17,EEL312,16232809,311,440
17052026_EEL312,1112814,2026-05-17,EEL312,16232809,311,440
17052026_EEL312,311955,2026-05-17,EEL312,16233007,381,440
17052026_EEL312,1112814,2026-05-17,EEL312,16233007,381,440
17052026_EEL312,311955,2026-05-17,EEL312,16233007,381,440
17052026_EEL312,1112814,2026-05-17,EEL312,16233007,381,440
18052026_EEL312,1112814,2026-05-18,EEL312,16236431,311,300
18052026_EEL312,311955,2026-05-18,EEL312,16236431,311,300
18052026_EEL312,1112814,2026-05-18,EEL312,16235896,341,300
18052026_EEL312,311955,2026-05-18,EEL312,16235896,341,300
19052026_EEL312,1112814,2026-05-19,EEL312,16241091,311,620
19052026_EEL312,311955,2026-05-19,EEL312,16241091,311,620
19052026_EEL312,1112814,2026-05-19,EEL312,16241944,341,300
19052026_EEL312,311955,2026-05-19,EEL312,16241944,341,300
19052026_EEL312,1112814,2026-05-19,EEL312,16242133,311,440
19052026_EEL312,311955,2026-05-19,EEL312,16242133,311,440
21052026_EEL312,511166,2026-05-21,EEL312,16249807,343,300
21052026_EEL312,511168,2026-05-21,EEL312,16249807,343,300
21052026_EEL312,511166,2026-05-21,EEL312,16251631,381,890
21052026_EEL312,511168,2026-05-21,EEL312,16251631,381,890
23052026_EEL312,1112309,2026-05-23,EEL312,16254670,799,897
23052026_EEL312,311955,2026-05-23,EEL312,16254670,799,897
23052026_EEL312,1112309,2026-05-23,EEL312,16259643,381,300
23052026_EEL312,311955,2026-05-23,EEL312,16259643,381,300
24052026_EEL312,1112309,2026-05-24,EEL312,16262791,341,300
24052026_EEL312,1112309,2026-05-24,EEL312,16262328,341,440
24052026_EEL312,1112309,2026-05-24,EEL312,16263392,341,620
24052026_EEL312,1112309,2026-05-24,EEL312,16263549,341,440
24052026_EEL312,1112309,2026-05-24,EEL312,16263844,311,440
26052026_EEL312,511168,2026-05-26,EEL312,16270894,311,311
26052026_EEL312,511166,2026-05-26,EEL312,16270894,311,311
26052026_EEL312,511168,2026-05-26,EEL312,16271655,301,620
26052026_EEL312,511166,2026-05-26,EEL312,16271655,301,620
26052026_EEL312,511168,2026-05-26,EEL312,16271760,311,620
26052026_EEL312,511166,2026-05-26,EEL312,16271760,311,620
26052026_EEL312,511168,2026-05-26,EEL312,16272650,311,620
26052026_EEL312,511166,2026-05-26,EEL312,16272650,311,620
27052026_EEL312,311648,2026-05-27,EEL312,16277658,311,620
27052026_EEL312,511166,2026-05-27,EEL312,16277658,311,620
27052026_EEL312,511168,2026-05-27,EEL312,16277658,311,620
28052026_EEL312,511166,2026-05-28,EEL312,16281529,311,620
28052026_EEL312,511168,2026-05-28,EEL312,16281529,311,620
28052026_EEL312,511166,2026-05-28,EEL312,16282092,343,620
28052026_EEL312,511168,2026-05-28,EEL312,16282092,343,620
28052026_EEL312,511166,2026-05-28,EEL312,16282202,311,620
28052026_EEL312,511168,2026-05-28,EEL312,16282202,311,620
29052026_EEL312,511111,2026-05-29,EEL312,16286916,311,490
29052026_EEL312,511145,2026-05-29,EEL312,16286916,311,490
29052026_EEL312,511111,2026-05-29,EEL312,16286303,311,490
29052026_EEL312,511145,2026-05-29,EEL312,16286303,311,490
29052026_EEL312,511111,2026-05-29,EEL312,16287102,311,490
29052026_EEL312,511145,2026-05-29,EEL312,16287102,311,490
29052026_EEL312,511111,2026-05-29,EEL312,16287756,343,300
29052026_EEL312,511145,2026-05-29,EEL312,16287756,343,300
29052026_EEL312,511111,2026-05-29,EEL312,16287809,311,490
29052026_EEL312,511145,2026-05-29,EEL312,16287809,311,490
08052026_EEL311,511111,2026-05-08,EEL311,16182247,799,897
08052026_EEL311,511168,2026-05-08,EEL311,16182247,799,897
08052026_EEL311,511111,2026-05-08,EEL311,16189489,311,300
08052026_EEL311,511168,2026-05-08,EEL311,16189489,311,300
08052026_EEL311,511111,2026-05-08,EEL311,16190516,343,300
08052026_EEL311,511168,2026-05-08,EEL311,16190516,343,300
22052026_EEL311,511111,2026-05-22,EEL311,16255357,343,300
22052026_EEL311,511145,2026-05-22,EEL311,16255357,343,300
22052026_EEL311,511111,2026-05-22,EEL311,16255108,311,311
22052026_EEL311,511145,2026-05-22,EEL311,16255108,311,311
22052026_EEL311,511111,2026-05-22,EEL311,16255869,311,300
22052026_EEL311,511145,2026-05-22,EEL311,16255869,311,300
22052026_EEL311,511111,2026-05-22,EEL311,16256011,311,300
22052026_EEL311,511145,2026-05-22,EEL311,16256011,311,300
22052026_EEL311,511111,2026-05-22,EEL311,16256294,343,300
22052026_EEL311,511145,2026-05-22,EEL311,16256294,343,300
27052026_EEL311,511111,2026-05-27,EEL311,16277167,343,490
27052026_EEL311,511145,2026-05-27,EEL311,16277167,343,490
27052026_EEL311,511111,2026-05-27,EEL311,16277224,343,300
27052026_EEL311,511145,2026-05-27,EEL311,16277224,343,300
27052026_EEL311,511111,2026-05-27,EEL311,16276892,129,880
27052026_EEL311,511145,2026-05-27,EEL311,16276892,129,880
27052026_EEL311,511111,2026-05-27,EEL311,16277955,343,300
27052026_EEL311,511145,2026-05-27,EEL311,16277955,343,300
27052026_EEL311,511111,2026-05-27,EEL311,16278920,311,300
27052026_EEL311,511145,2026-05-27,EEL311,16278920,311,300
28052026_EEL311,511111,2026-05-28,EEL311,16281739,311,300
28052026_EEL311,511145,2026-05-28,EEL311,16281739,311,300
28052026_EEL311,511111,2026-05-28,EEL311,16282713,311,325
28052026_EEL311,511145,2026-05-28,EEL311,16282713,311,325
28052026_EEL311,511111,2026-05-28,EEL311,16283460,311,490
28052026_EEL311,511145,2026-05-28,EEL311,16283460,311,490
29052026_EEL311,1112814,2026-05-29,EEL311,16286515,341,440
29052026_EEL311,311955,2026-05-29,EEL311,16286515,341,440
29052026_EEL311,1112814,2026-05-29,EEL311,16287990,341,300
29052026_EEL311,311955,2026-05-29,EEL311,16287990,341,300
29052026_EEL311,1112814,2026-05-29,EEL311,16288017,341,620
29052026_EEL311,311955,2026-05-29,EEL311,16288017,341,620
24052026_EEL309,31507,2026-05-24,EEL309,16249177,799,899
24052026_EEL309,3150,2026-05-24,EEL309,16249177,799,899
24052026_EEL309,31507,2026-05-24,EEL309,16261556,311,300
24052026_EEL309,3150,2026-05-24,EEL309,16261556,311,300
24052026_EEL309,31507,2026-05-24,EEL309,16262062,311,300
24052026_EEL309,3150,2026-05-24,EEL309,16262062,311,300
24052026_EEL309,31507,2026-05-24,EEL309,16262764,342,300
24052026_EEL309,3150,2026-05-24,EEL309,16262764,342,300
31052026_EEL309,31507,2026-05-31,EEL309,16249274,799,899
31052026_EEL309,3150,2026-05-31,EEL309,16249274,799,899
31052026_EEL309,31507,2026-05-31,EEL309,16292595,342,300
31052026_EEL309,3150,2026-05-31,EEL309,16292595,342,300
31052026_EEL309,31507,2026-05-31,EEL309,16292658,311,300
31052026_EEL309,3150,2026-05-31,EEL309,16292658,311,300
31052026_EEL309,31507,2026-05-31,EEL309,16293191,341,443
31052026_EEL309,3150,2026-05-31,EEL309,16293191,341,443
31052026_EEL309,31507,2026-05-31,EEL309,16292684,799,899
31052026_EEL309,3150,2026-05-31,EEL309,16292684,799,899
02052026_EEL308,,2026-05-02,EEL308,16161782,799,899
02052026_EEL308,,2026-05-02,EEL308,16161881,311,10
02052026_EEL308,,2026-05-02,EEL308,16162017,799,899
02052026_EEL308,,2026-05-02,EEL308,16162437,311,10
02052026_EEL308,,2026-05-02,EEL308,16162293,799,899
03052026_EEL308,311344,2026-05-03,EEL308,16164302,799,899
03052026_EEL308,3120,2026-05-03,EEL308,16164302,799,899
03052026_EEL308,311344,2026-05-03,EEL308,16163537,799,899
03052026_EEL308,3120,2026-05-03,EEL308,16163537,799,899
03052026_EEL308,311344,2026-05-03,EEL308,16165644,799,897
03052026_EEL308,3120,2026-05-03,EEL308,16165644,799,897
03052026_EEL308,311344,2026-05-03,EEL308,16165720,799,899
03052026_EEL308,3120,2026-05-03,EEL308,16165720,799,899
16052026_EEL308,311816,2026-05-16,EEL308,16226927,341,620
16052026_EEL308,311817,2026-05-16,EEL308,16226927,341,620
16052026_EEL308,311816,2026-05-16,EEL308,16189462,799,897
16052026_EEL308,311817,2026-05-16,EEL308,16189462,799,897
16052026_EEL308,311816,2026-05-16,EEL308,16227839,311,620
16052026_EEL308,311817,2026-05-16,EEL308,16227839,311,620
23052026_EEL308,31275,2026-05-23,EEL308,16250570,799,899
23052026_EEL308,31305,2026-05-23,EEL308,16250570,799,899
23052026_EEL308,31275,2026-05-23,EEL308,16258076,311,10
23052026_EEL308,31305,2026-05-23,EEL308,16258076,311,10
23052026_EEL308,31275,2026-05-23,EEL308,16258214,311,10
23052026_EEL308,31305,2026-05-23,EEL308,16258214,311,10
23052026_EEL308,31275,2026-05-23,EEL308,16258570,311,10
23052026_EEL308,31305,2026-05-23,EEL308,16258570,311,10
26052026_EEL308,31257,2026-05-26,EEL308,16264168,799,897
26052026_EEL308,311777,2026-05-26,EEL308,16264168,799,897
26052026_EEL308,31257,2026-05-26,EEL308,16161627,799,897
26052026_EEL308,311777,2026-05-26,EEL308,16161627,799,897
26052026_EEL308,31257,2026-05-26,EEL308,16270433,343,490
26052026_EEL308,311777,2026-05-26,EEL308,16270433,343,490
26052026_EEL308,31257,2026-05-26,EEL308,16033339,799,897
26052026_EEL308,311777,2026-05-26,EEL308,16033339,799,897
30052026_EEL308,311846,2026-05-30,EEL308,16289299,311,10
30052026_EEL308,311078,2026-05-30,EEL308,16289299,311,10
30052026_EEL308,311846,2026-05-30,EEL308,16289548,311,440
30052026_EEL308,311078,2026-05-30,EEL308,16289548,311,440
30052026_EEL308,311846,2026-05-30,EEL308,16290001,312,300
30052026_EEL308,311078,2026-05-30,EEL308,16290001,312,300
30052026_EEL308,311846,2026-05-30,EEL308,16290032,312,10
30052026_EEL308,311078,2026-05-30,EEL308,16290032,312,10
16052026_EEL307,311964,2026-05-16,EEL307,16226863,311,300
16052026_EEL307,311605,2026-05-16,EEL307,16226863,311,300
16052026_EEL307,311964,2026-05-16,EEL307,16210034,799,897
16052026_EEL307,311605,2026-05-16,EEL307,16210034,799,897
16052026_EEL307,311964,2026-05-16,EEL307,16189161,799,897
16052026_EEL307,311605,2026-05-16,EEL307,16189161,799,897
16052026_EEL307,311964,2026-05-16,EEL307,16228173,311,325
16052026_EEL307,311605,2026-05-16,EEL307,16228173,311,325
17052026_EEL307,1112323,2026-05-17,EEL307,16285064,341,490
17052026_EEL307,1112325,2026-05-17,EEL307,16285064,341,490
17052026_EEL307,1112323,2026-05-17,EEL307,16230854,311,490
17052026_EEL307,1112325,2026-05-17,EEL307,16230854,311,490
17052026_EEL307,1112323,2026-05-17,EEL307,16231250,311,440
17052026_EEL307,1112325,2026-05-17,EEL307,16231250,311,440
17052026_EEL307,1112323,2026-05-17,EEL307,16231587,311,440
17052026_EEL307,1112325,2026-05-17,EEL307,16231587,311,440
23052026_EEL307,3136,2026-05-23,EEL307,16254692,799,897
23052026_EEL307,311592,2026-05-23,EEL307,16254692,799,897
23052026_EEL307,3136,2026-05-23,EEL307,16258007,311,10
23052026_EEL307,311592,2026-05-23,EEL307,16258007,311,10
23052026_EEL307,3136,2026-05-23,EEL307,16258044,311,10
23052026_EEL307,311592,2026-05-23,EEL307,16258044,311,10
23052026_EEL307,3136,2026-05-23,EEL307,16258243,311,10
23052026_EEL307,311592,2026-05-23,EEL307,16258243,311,10
24052026_EEL307,31945,2026-05-24,EEL307,16249161,799,897
24052026_EEL307,311381,2026-05-24,EEL307,16249161,799,897
24052026_EEL307,31945,2026-05-24,EEL307,16253584,799,897
24052026_EEL307,311381,2026-05-24,EEL307,16253584,799,897
24052026_EEL307,31945,2026-05-24,EEL307,16261688,312,10
24052026_EEL307,311381,2026-05-24,EEL307,16261688,312,10
24052026_EEL307,31945,2026-05-24,EEL307,16262144,312,10
24052026_EEL307,311381,2026-05-24,EEL307,16262144,312,10
02052026_EEL306,31888,2026-05-02,EEL306,16161692,799,897
02052026_EEL306,31200,2026-05-02,EEL306,16161692,799,897
02052026_EEL306,31888,2026-05-02,EEL306,16161758,311,20
02052026_EEL306,31200,2026-05-02,EEL306,16161758,311,20
16052026_EEL306,311071,2026-05-16,EEL306,16207626,799,899
16052026_EEL306,31695,2026-05-16,EEL306,16207626,799,899
16052026_EEL306,311071,2026-05-16,EEL306,16227028,311,440
16052026_EEL306,31695,2026-05-16,EEL306,16227028,311,440
16052026_EEL306,311071,2026-05-16,EEL306,16189743,799,899
16052026_EEL306,31695,2026-05-16,EEL306,16189743,799,899
16052026_EEL306,311071,2026-05-16,EEL306,16227843,301,440
16052026_EEL306,31695,2026-05-16,EEL306,16227843,301,440
17052026_EEL306,311191,2026-05-17,EEL306,16231261,311,20
17052026_EEL306,31213,2026-05-17,EEL306,16231261,311,20
23052026_EEL306,31128,2026-05-23,EEL306,16253630,799,897
23052026_EEL306,311809,2026-05-23,EEL306,16253630,799,897
23052026_EEL306,31128,2026-05-23,EEL306,16258035,312,10
23052026_EEL306,311809,2026-05-23,EEL306,16258035,312,10
23052026_EEL306,31128,2026-05-23,EEL306,16259117,312,10
23052026_EEL306,311809,2026-05-23,EEL306,16259117,312,10
24052026_EEL306,311682,2026-05-24,EEL306,16249099,799,899
24052026_EEL306,311869,2026-05-24,EEL306,16249099,799,899
24052026_EEL306,311682,2026-05-24,EEL306,16261543,311,490
24052026_EEL306,311869,2026-05-24,EEL306,16261543,311,490
24052026_EEL306,311682,2026-05-24,EEL306,16261937,799,897
24052026_EEL306,311869,2026-05-24,EEL306,16261937,799,897
24052026_EEL306,311682,2026-05-24,EEL306,16261925,311,490
24052026_EEL306,311869,2026-05-24,EEL306,16261925,311,490
24052026_EEL306,311682,2026-05-24,EEL306,16262748,311,490
24052026_EEL306,311869,2026-05-24,EEL306,16262748,311,490
30052026_EEL306,311293,2026-05-30,EEL306,16289301,311,20
30052026_EEL306,311815,2026-05-30,EEL306,16289301,311,20
30052026_EEL306,311293,2026-05-30,EEL306,16289439,341,300
30052026_EEL306,311815,2026-05-30,EEL306,16289439,341,300
30052026_EEL306,311293,2026-05-30,EEL306,16289762,311,311
30052026_EEL306,311815,2026-05-30,EEL306,16289762,311,311
30052026_EEL306,311293,2026-05-30,EEL306,16289488,343,300
30052026_EEL306,311815,2026-05-30,EEL306,16289488,343,300
30052026_EEL306,311293,2026-05-30,EEL306,16290300,311,300
30052026_EEL306,311815,2026-05-30,EEL306,16290300,311,300
17052026_EEL305,31128,2026-05-17,EEL305,16230673,311,180
17052026_EEL305,311809,2026-05-17,EEL305,16230673,311,180
17052026_EEL305,31128,2026-05-17,EEL305,16230661,312,10
17052026_EEL305,311809,2026-05-17,EEL305,16230661,312,10
17052026_EEL305,31128,2026-05-17,EEL305,16231671,331,440
17052026_EEL305,311809,2026-05-17,EEL305,16231671,331,440
23052026_EEL305,311913,2026-05-23,EEL305,16253773,799,897
23052026_EEL305,3144,2026-05-23,EEL305,16253773,799,897
23052026_EEL305,311913,2026-05-23,EEL305,16258132,343,440
23052026_EEL305,3144,2026-05-23,EEL305,16258132,343,440
24052026_EEL305,1112262,2026-05-24,EEL305,16261508,341,300
24052026_EEL305,31899,2026-05-24,EEL305,16261508,341,300
24052026_EEL305,1112262,2026-05-24,EEL305,16261641,799,897
24052026_EEL305,31899,2026-05-24,EEL305,16261641,799,897
24052026_EEL305,1112262,2026-05-24,EEL305,16261680,311,10
24052026_EEL305,31899,2026-05-24,EEL305,16261680,311,10
24052026_EEL305,1112262,2026-05-24,EEL305,16261942,311,10
24052026_EEL305,31899,2026-05-24,EEL305,16261942,311,10
24052026_EEL305,1112262,2026-05-24,EEL305,16262307,341,300
24052026_EEL305,31899,2026-05-24,EEL305,16262307,341,300
24052026_EEL305,1112262,2026-05-24,EEL305,16262558,311,20
24052026_EEL305,31899,2026-05-24,EEL305,16262558,311,20
29052026_EEL302,51647,2026-05-29,EEL302,16285169,342,300
29052026_EEL302,1112457,2026-05-29,EEL302,16285169,342,300
29052026_EEL302,51647,2026-05-29,EEL302,16285136,311,300
29052026_EEL302,1112457,2026-05-29,EEL302,16285136,311,300
29052026_EEL302,51647,2026-05-29,EEL302,16286356,311,300
29052026_EEL302,1112457,2026-05-29,EEL302,16286356,311,300
24052026_EEL301,,2026-05-24,EEL301,16250545,799,897
24052026_EEL301,,2026-05-24,EEL301,16250550,799,897
24052026_EEL301,,2026-05-24,EEL301,16253413,799,897
26052026_EEL301,311393,2026-05-26,EEL301,16269815,342,300
05052026_EEL300,311393,2026-05-05,EEL300,16173600,341,620
05052026_EEL300,1112582,2026-05-05,EEL300,16173600,341,620
18052026_EEL300,311945,2026-05-18,EEL300,16234033,342,343
18052026_EEL300,1112464,2026-05-18,EEL300,16234033,342,343
18052026_EEL300,311945,2026-05-18,EEL300,16234311,342,343
18052026_EEL300,1112464,2026-05-18,EEL300,16234311,342,343
18052026_EEL300,311945,2026-05-18,EEL300,16234344,342,343
18052026_EEL300,1112464,2026-05-18,EEL300,16234344,342,343
18052026_EEL300,311945,2026-05-18,EEL300,16234281,311,460
18052026_EEL300,1112464,2026-05-18,EEL300,16234281,311,460
18052026_EEL300,311945,2026-05-18,EEL300,16234627,311,300
18052026_EEL300,1112464,2026-05-18,EEL300,16234627,311,300
19052026_EEL300,311945,2026-05-19,EEL300,16239022,301,20
19052026_EEL300,311945,2026-05-19,EEL300,16239139,311,300
19052026_EEL300,311945,2026-05-19,EEL300,16239196,343,490
19052026_EEL300,311945,2026-05-19,EEL300,16239725,311,490
14052026_EEL210,1112403,2026-05-14,EEL210,16216119,201,490
23052026_EEL210,1112403,2026-05-23,EEL210,16257623,799,897
23052026_EEL210,1112403,2026-05-23,EEL210,16258414,201,920
31052026_EEL210,,2026-05-31,EEL210,16292653,201,300
17052026_EEL205,,2026-05-17,EEL205,16231481,311,490
05052026_EEL204,512107,2026-05-05,EEL204,16172584,311,490
05052026_EEL204,512181,2026-05-05,EEL204,16172584,311,490
05052026_EEL204,512107,2026-05-05,EEL204,16172933,311,490
05052026_EEL204,512181,2026-05-05,EEL204,16172933,311,490
05052026_EEL204,512107,2026-05-05,EEL204,16172909,311,490
05052026_EEL204,512181,2026-05-05,EEL204,16172909,311,490
14052026_EEL204,311319,2026-05-14,EEL204,16216205,312,300
14052026_EEL204,311319,2026-05-14,EEL204,16217331,342,300
14052026_EEL204,311319,2026-05-14,EEL204,16217549,312,300
16052026_EEL204,,2026-05-16,EEL204,16227227,331,325
16052026_EEL204,,2026-05-16,EEL204,16207617,799,897
01052026_EEL203,311858,2026-05-01,EEL203,16085321,799,897
01052026_EEL203,311858,2026-05-01,EEL203,16158576,343,300
01052026_EEL203,311858,2026-05-01,EEL203,16159305,311,300
03052026_EEL203,311858,2026-05-03,EEL203,16164283,799,897
03052026_EEL203,311858,2026-05-03,EEL203,16165725,799,897
03052026_EEL203,311858,2026-05-03,EEL203,16165790,341,300
03052026_EEL203,311858,2026-05-03,EEL203,16166027,129,880
08052026_EEL203,51655,2026-05-08,EEL203,16188568,301,300
08052026_EEL203,311858,2026-05-08,EEL203,16188568,301,300
13052026_EEL203,311858,2026-05-13,EEL203,16212774,341,460
01052026_EEL202,,2026-05-01,EEL202,16155013,799,897
01052026_EEL202,,2026-05-01,EEL202,16158691,799,899
01052026_EEL202,,2026-05-01,EEL202,16158816,311,490
01052026_EEL202,,2026-05-01,EEL202,16159273,311,490
02052026_EEL202,,2026-05-02,EEL202,16144998,799,899
02052026_EEL202,,2026-05-02,EEL202,16162069,341,300
02052026_EEL202,,2026-05-02,EEL202,16162447,129,880
02052026_EEL202,,2026-05-02,EEL202,16162447,129,880
05052026_EEL202,,2026-05-05,EEL202,16172067,311,490
05052026_EEL202,,2026-05-05,EEL202,16172893,129,880
05052026_EEL202,,2026-05-05,EEL202,16174231,301,180
06052026_EEL202,,2026-05-06,EEL202,16177372,799,899
06052026_EEL202,,2026-05-06,EEL202,16178084,341,300
06052026_EEL202,,2026-05-06,EEL202,16178687,311,490
01052026_EEL201,,2026-05-01,EEL201,16159625,311,620
01052026_EEL201,,2026-05-01,EEL201,16159389,799,897
02052026_EEL201,1112407,2026-05-02,EEL201,16161737,312,300
02052026_EEL201,1112407,2026-05-02,EEL201,16162405,312,300
03052026_EEL201,1112407,2026-05-03,EEL201,16165026,799,897
03052026_EEL201,311319,2026-05-03,EEL201,16165026,799,897
03052026_EEL201,1112407,2026-05-03,EEL201,16162579,799,897
03052026_EEL201,311319,2026-05-03,EEL201,16162579,799,897
05052026_EEL201,,2026-05-05,EEL201,16172831,312,300
05052026_EEL201,,2026-05-05,EEL201,16174067,331,300
06052026_EEL201,,2026-05-06,EEL201,16177284,312,348
06052026_EEL201,,2026-05-06,EEL201,16165640,799,897
14052026_EEL201,512160,2026-05-14,EEL201,16214552,341,490
14052026_EEL201,1112407,2026-05-14,EEL201,16214552,341,490
14052026_EEL201,512160,2026-05-14,EEL201,16216927,301,490
14052026_EEL201,1112407,2026-05-14,EEL201,16216927,301,490
15052026_EEL201,1112407,2026-05-15,EEL201,16221922,311,490
15052026_EEL201,1112407,2026-05-15,EEL201,16222053,311,311
15052026_EEL201,1112407,2026-05-15,EEL201,16222883,311,490
15052026_EEL201,1112407,2026-05-15,EEL201,16222401,129,880
16052026_EEL201,512160,2026-05-16,EEL201,16227027,341,490
16052026_EEL201,1112407,2026-05-16,EEL201,16227027,341,490
16052026_EEL201,512160,2026-05-16,EEL201,16227693,343,620
16052026_EEL201,1112407,2026-05-16,EEL201,16227693,343,620
31052026_EEL201,,2026-05-31,EEL201,16292653,201,300
31052026_EEL200,,2026-05-31,EEL200,16292653,201,300
23052026_EEL155,1112666,2026-05-23,EEL155,16260723,311,440
23052026_EEL155,512200,2026-05-23,EEL155,16260723,311,440
23052026_EEL155,1112845,2026-05-23,EEL155,16260723,311,440
23052026_EEL155,1112666,2026-05-23,EEL155,16260735,129,880
23052026_EEL155,512200,2026-05-23,EEL155,16260735,129,880
23052026_EEL155,1112845,2026-05-23,EEL155,16260735,129,880
23052026_EEL155,1112666,2026-05-23,EEL155,16260475,311,620
23052026_EEL155,512200,2026-05-23,EEL155,16260475,311,620
23052026_EEL155,1112845,2026-05-23,EEL155,16260475,311,620
23052026_EEL155,1112666,2026-05-23,EEL155,16261050,341,620
23052026_EEL155,512200,2026-05-23,EEL155,16261050,341,620
23052026_EEL155,1112845,2026-05-23,EEL155,16261050,341,620
23052026_EEL155,1112666,2026-05-23,EEL155,16261067,341,620
23052026_EEL155,512200,2026-05-23,EEL155,16261067,341,620
23052026_EEL155,1112845,2026-05-23,EEL155,16261067,341,620
24052026_EEL155,1112666,2026-05-24,EEL155,16264031,311,440
24052026_EEL155,512200,2026-05-24,EEL155,16264031,311,440
24052026_EEL155,1112845,2026-05-24,EEL155,16264031,311,440
24052026_EEL155,1112666,2026-05-24,EEL155,16264219,341,440
24052026_EEL155,512200,2026-05-24,EEL155,16264219,341,440
24052026_EEL155,1112845,2026-05-24,EEL155,16264219,341,440
24052026_EEL155,1112666,2026-05-24,EEL155,16264528,104,890
24052026_EEL155,512200,2026-05-24,EEL155,16264528,104,890
24052026_EEL155,1112845,2026-05-24,EEL155,16264528,104,890
29052026_EEL155,1112666,2026-05-29,EEL155,16288667,121,343
29052026_EEL155,512200,2026-05-29,EEL155,16288667,121,343
29052026_EEL155,1112845,2026-05-29,EEL155,16288667,121,343
29052026_EEL155,1112666,2026-05-29,EEL155,16288504,129,880
29052026_EEL155,512200,2026-05-29,EEL155,16288504,129,880
29052026_EEL155,1112845,2026-05-29,EEL155,16288504,129,880
29052026_EEL155,1112666,2026-05-29,EEL155,16288812,341,620
29052026_EEL155,512200,2026-05-29,EEL155,16288812,341,620
29052026_EEL155,1112845,2026-05-29,EEL155,16288812,341,620
29052026_EEL155,1112666,2026-05-29,EEL155,16289038,129,880
29052026_EEL155,512200,2026-05-29,EEL155,16289038,129,880
29052026_EEL155,1112845,2026-05-29,EEL155,16289038,129,880
30052026_EEL155,1112666,2026-05-30,EEL155,16291582,311,300
30052026_EEL155,512200,2026-05-30,EEL155,16291582,311,300
30052026_EEL155,1112845,2026-05-30,EEL155,16291582,311,300
30052026_EEL155,1112666,2026-05-30,EEL155,16291795,341,620
30052026_EEL155,512200,2026-05-30,EEL155,16291795,341,620
30052026_EEL155,1112845,2026-05-30,EEL155,16291795,341,620
30052026_EEL155,1112666,2026-05-30,EEL155,16292063,311,440
30052026_EEL155,512200,2026-05-30,EEL155,16292063,311,440
30052026_EEL155,1112845,2026-05-30,EEL155,16292063,311,440
31052026_EEL155,512179,2026-05-31,EEL155,16294485,341,443
31052026_EEL155,512200,2026-05-31,EEL155,16294485,341,443
31052026_EEL155,1112845,2026-05-31,EEL155,16294485,341,443
31052026_EEL155,512179,2026-05-31,EEL155,16294336,799,899
31052026_EEL155,512200,2026-05-31,EEL155,16294336,799,899
31052026_EEL155,1112845,2026-05-31,EEL155,16294336,799,899
01052026_EEL154,51654,2026-05-01,EEL154,16161186,312,343
01052026_EEL154,51649,2026-05-01,EEL154,16161186,312,343
01052026_EEL154,51654,2026-05-01,EEL154,16161286,312,343
01052026_EEL154,51649,2026-05-01,EEL154,16161286,312,343
02052026_EEL154,1112673,2026-05-02,EEL154,16164274,311,490
02052026_EEL154,51657,2026-05-02,EEL154,16164274,311,490
02052026_EEL154,51649,2026-05-02,EEL154,16164274,311,490
02052026_EEL154,1112673,2026-05-02,EEL154,16164271,311,490
02052026_EEL154,51657,2026-05-02,EEL154,16164271,311,490
02052026_EEL154,51649,2026-05-02,EEL154,16164271,311,490
02052026_EEL154,1112673,2026-05-02,EEL154,16164487,311,490
02052026_EEL154,51657,2026-05-02,EEL154,16164487,311,490
02052026_EEL154,51649,2026-05-02,EEL154,16164487,311,490
02052026_EEL154,1112673,2026-05-02,EEL154,16164854,799,897
02052026_EEL154,51657,2026-05-02,EEL154,16164854,799,897
02052026_EEL154,51649,2026-05-02,EEL154,16164854,799,897
03052026_EEL154,1112673,2026-05-03,EEL154,16167259,311,490
03052026_EEL154,51657,2026-05-03,EEL154,16167259,311,490
03052026_EEL154,1112673,2026-05-03,EEL154,16167342,311,490
03052026_EEL154,51657,2026-05-03,EEL154,16167342,311,490
03052026_EEL154,1112673,2026-05-03,EEL154,16167208,311,300
03052026_EEL154,51657,2026-05-03,EEL154,16167208,311,300
06052026_EEL154,51654,2026-05-06,EEL154,16181335,301,490
06052026_EEL154,51657,2026-05-06,EEL154,16181335,301,490
06052026_EEL154,51649,2026-05-06,EEL154,16181335,301,490
07052026_EEL154,51654,2026-05-07,EEL154,16185607,312,348
07052026_EEL154,51657,2026-05-07,EEL154,16185607,312,348
07052026_EEL154,51649,2026-05-07,EEL154,16185607,312,348
07052026_EEL154,51654,2026-05-07,EEL154,16185899,312,343
07052026_EEL154,51657,2026-05-07,EEL154,16185899,312,343
07052026_EEL154,51649,2026-05-07,EEL154,16185899,312,343
07052026_EEL154,51654,2026-05-07,EEL154,16185916,312,348
07052026_EEL154,51657,2026-05-07,EEL154,16185916,312,348
07052026_EEL154,51649,2026-05-07,EEL154,16185916,312,348
08052026_EEL154,51654,2026-05-08,EEL154,16190625,312,348
08052026_EEL154,51657,2026-05-08,EEL154,16190625,312,348
08052026_EEL154,51649,2026-05-08,EEL154,16190625,312,348
08052026_EEL154,51654,2026-05-08,EEL154,16190772,312,343
08052026_EEL154,51657,2026-05-08,EEL154,16190772,312,343
08052026_EEL154,51649,2026-05-08,EEL154,16190772,312,343
08052026_EEL154,51654,2026-05-08,EEL154,16190703,312,343
08052026_EEL154,51657,2026-05-08,EEL154,16190703,312,343
08052026_EEL154,51649,2026-05-08,EEL154,16190703,312,343
08052026_EEL154,51654,2026-05-08,EEL154,16190902,312,343
08052026_EEL154,51657,2026-05-08,EEL154,16190902,312,343
08052026_EEL154,51649,2026-05-08,EEL154,16190902,312,343
12052026_EEL154,51654,2026-05-12,EEL154,16208363,312,348
12052026_EEL154,51657,2026-05-12,EEL154,16208363,312,348
12052026_EEL154,51649,2026-05-12,EEL154,16208363,312,348
12052026_EEL154,51654,2026-05-12,EEL154,16208493,312,348
12052026_EEL154,51657,2026-05-12,EEL154,16208493,312,348
12052026_EEL154,51649,2026-05-12,EEL154,16208493,312,348
12052026_EEL154,51654,2026-05-12,EEL154,16209044,312,348
12052026_EEL154,51657,2026-05-12,EEL154,16209044,312,348
12052026_EEL154,51649,2026-05-12,EEL154,16209044,312,348
13052026_EEL154,51654,2026-05-13,EEL154,16214616,342,343
13052026_EEL154,51657,2026-05-13,EEL154,16214616,342,343
13052026_EEL154,51649,2026-05-13,EEL154,16214616,342,343
13052026_EEL154,51654,2026-05-13,EEL154,16215018,312,343
13052026_EEL154,51657,2026-05-13,EEL154,16215018,312,343
13052026_EEL154,51649,2026-05-13,EEL154,16215018,312,343
14052026_EEL154,51654,2026-05-14,EEL154,16220835,342,343
14052026_EEL154,51657,2026-05-14,EEL154,16220835,342,343
14052026_EEL154,51649,2026-05-14,EEL154,16220835,342,343
14052026_EEL154,51654,2026-05-14,EEL154,16221195,799,897
14052026_EEL154,51657,2026-05-14,EEL154,16221195,799,897
14052026_EEL154,51649,2026-05-14,EEL154,16221195,799,897
15052026_EEL154,1112343,2026-05-15,EEL154,16224676,311,440
15052026_EEL154,1112343,2026-05-15,EEL154,16225757,341,460
15052026_EEL154,1112343,2026-05-15,EEL154,16226131,341,440
15052026_EEL154,1112343,2026-05-15,EEL154,16226617,341,620
18052026_EEL154,51654,2026-05-18,EEL154,16237812,312,348
18052026_EEL154,51657,2026-05-18,EEL154,16237812,312,348
18052026_EEL154,51649,2026-05-18,EEL154,16237812,312,348
18052026_EEL154,51654,2026-05-18,EEL154,16237986,342,343
18052026_EEL154,51657,2026-05-18,EEL154,16237986,342,343
18052026_EEL154,51649,2026-05-18,EEL154,16237986,342,343
19052026_EEL154,51657,2026-05-19,EEL154,16242854,311,490
19052026_EEL154,51649,2026-05-19,EEL154,16242854,311,490
19052026_EEL154,51657,2026-05-19,EEL154,16243054,311,490
19052026_EEL154,51649,2026-05-19,EEL154,16243054,311,490
19052026_EEL154,51657,2026-05-19,EEL154,16243505,311,490
19052026_EEL154,51649,2026-05-19,EEL154,16243505,311,490
20052026_EEL154,1112343,2026-05-20,EEL154,16248207,341,620
20052026_EEL154,512109,2026-05-20,EEL154,16248207,341,620
20052026_EEL154,1112343,2026-05-20,EEL154,16248537,341,490
20052026_EEL154,512109,2026-05-20,EEL154,16248537,341,490
20052026_EEL154,1112343,2026-05-20,EEL154,16248565,343,440
20052026_EEL154,512109,2026-05-20,EEL154,16248565,343,440
20052026_EEL154,1112343,2026-05-20,EEL154,16247953,311,490
20052026_EEL154,512109,2026-05-20,EEL154,16247953,311,490
21052026_EEL154,1112666,2026-05-21,EEL154,16252429,311,490
21052026_EEL154,1112845,2026-05-21,EEL154,16252429,311,490
21052026_EEL154,512200,2026-05-21,EEL154,16252429,311,490
21052026_EEL154,1112666,2026-05-21,EEL154,16252947,311,440
21052026_EEL154,1112845,2026-05-21,EEL154,16252947,311,440
21052026_EEL154,512200,2026-05-21,EEL154,16252947,311,440
21052026_EEL154,1112666,2026-05-21,EEL154,16252596,301,490
21052026_EEL154,1112845,2026-05-21,EEL154,16252596,301,490
21052026_EEL154,512200,2026-05-21,EEL154,16252596,301,490
21052026_EEL154,1112666,2026-05-21,EEL154,16252400,341,301
21052026_EEL154,1112845,2026-05-21,EEL154,16252400,341,301
21052026_EEL154,512200,2026-05-21,EEL154,16252400,341,301
21052026_EEL154,1112666,2026-05-21,EEL154,16253142,201,20
21052026_EEL154,1112845,2026-05-21,EEL154,16253142,201,20
21052026_EEL154,512200,2026-05-21,EEL154,16253142,201,20
22052026_EEL154,51654,2026-05-22,EEL154,16257270,301,490
22052026_EEL154,51657,2026-05-22,EEL154,16257270,301,490
22052026_EEL154,51649,2026-05-22,EEL154,16257270,301,490
22052026_EEL154,51654,2026-05-22,EEL154,16257345,311,490
22052026_EEL154,51657,2026-05-22,EEL154,16257345,311,490
22052026_EEL154,51649,2026-05-22,EEL154,16257345,311,490
23052026_EEL154,511123,2026-05-23,EEL154,16260676,311,490
23052026_EEL154,51657,2026-05-23,EEL154,16260676,311,490
23052026_EEL154,51649,2026-05-23,EEL154,16260676,311,490
24052026_EEL154,512154,2026-05-24,EEL154,16264038,312,300
24052026_EEL154,51657,2026-05-24,EEL154,16264038,312,300
24052026_EEL154,51649,2026-05-24,EEL154,16264038,312,300
24052026_EEL154,512154,2026-05-24,EEL154,16264326,311,490
24052026_EEL154,51657,2026-05-24,EEL154,16264326,311,490
24052026_EEL154,51649,2026-05-24,EEL154,16264326,311,490
24052026_EEL154,512154,2026-05-24,EEL154,16264374,342,300
24052026_EEL154,51657,2026-05-24,EEL154,16264374,342,300
24052026_EEL154,51649,2026-05-24,EEL154,16264374,342,300
25052026_EEL154,1112666,2026-05-25,EEL154,16268474,311,460
25052026_EEL154,1112845,2026-05-25,EEL154,16268474,311,460
25052026_EEL154,512200,2026-05-25,EEL154,16268474,311,460
25052026_EEL154,1112666,2026-05-25,EEL154,16268739,311,440
25052026_EEL154,1112845,2026-05-25,EEL154,16268739,311,440
25052026_EEL154,512200,2026-05-25,EEL154,16268739,311,440
25052026_EEL154,1112666,2026-05-25,EEL154,16268540,311,490
25052026_EEL154,1112845,2026-05-25,EEL154,16268540,311,490
25052026_EEL154,512200,2026-05-25,EEL154,16268540,311,490
25052026_EEL154,1112666,2026-05-25,EEL154,16269320,311,311
25052026_EEL154,1112845,2026-05-25,EEL154,16269320,311,311
25052026_EEL154,512200,2026-05-25,EEL154,16269320,311,311
26052026_EEL154,1112666,2026-05-26,EEL154,16270569,129,880
26052026_EEL154,1112845,2026-05-26,EEL154,16270569,129,880
26052026_EEL154,512200,2026-05-26,EEL154,16270569,129,880
26052026_EEL154,1112666,2026-05-26,EEL154,16273945,341,300
26052026_EEL154,1112845,2026-05-26,EEL154,16273945,341,300
26052026_EEL154,512200,2026-05-26,EEL154,16273945,341,300
26052026_EEL154,1112666,2026-05-26,EEL154,16273738,341,620
26052026_EEL154,1112845,2026-05-26,EEL154,16273738,341,620
26052026_EEL154,512200,2026-05-26,EEL154,16273738,341,620
26052026_EEL154,1112666,2026-05-26,EEL154,16274172,129,880
26052026_EEL154,1112845,2026-05-26,EEL154,16274172,129,880
26052026_EEL154,512200,2026-05-26,EEL154,16274172,129,880
26052026_EEL154,1112666,2026-05-26,EEL154,16273124,311,440
26052026_EEL154,1112845,2026-05-26,EEL154,16273124,311,440
26052026_EEL154,512200,2026-05-26,EEL154,16273124,311,440
27052026_EEL154,51654,2026-05-27,EEL154,16279328,301,180
27052026_EEL154,51657,2026-05-27,EEL154,16279328,301,180
27052026_EEL154,51649,2026-05-27,EEL154,16279328,301,180
28052026_EEL154,51654,2026-05-28,EEL154,16284238,312,348
28052026_EEL154,51657,2026-05-28,EEL154,16284238,312,348
28052026_EEL154,51649,2026-05-28,EEL154,16284238,312,348
28052026_EEL154,51654,2026-05-28,EEL154,16283942,127,880
28052026_EEL154,51657,2026-05-28,EEL154,16283942,127,880
28052026_EEL154,51649,2026-05-28,EEL154,16283942,127,880
28052026_EEL154,51654,2026-05-28,EEL154,16284522,312,343
28052026_EEL154,51657,2026-05-28,EEL154,16284522,312,343
28052026_EEL154,51649,2026-05-28,EEL154,16284522,312,343
28052026_EEL154,51654,2026-05-28,EEL154,16284229,342,343
28052026_EEL154,51657,2026-05-28,EEL154,16284229,342,343
28052026_EEL154,51649,2026-05-28,EEL154,16284229,342,343
29052026_EEL154,51654,2026-05-29,EEL154,16288340,312,343
29052026_EEL154,51657,2026-05-29,EEL154,16288340,312,343
29052026_EEL154,51649,2026-05-29,EEL154,16288340,312,343
29052026_EEL154,51654,2026-05-29,EEL154,16288785,342,343
29052026_EEL154,51657,2026-05-29,EEL154,16288785,342,343
29052026_EEL154,51649,2026-05-29,EEL154,16288785,342,343
29052026_EEL154,51654,2026-05-29,EEL154,16288936,312,343
29052026_EEL154,51657,2026-05-29,EEL154,16288936,312,343
29052026_EEL154,51649,2026-05-29,EEL154,16288936,312,343
02052026_EEL153,51406,2026-05-02,EEL153,16163995,312,325
02052026_EEL153,511077,2026-05-02,EEL153,16163995,312,325
02052026_EEL153,51639,2026-05-02,EEL153,16163995,312,325
03052026_EEL153,51406,2026-05-03,EEL153,16167337,331,300
03052026_EEL153,511077,2026-05-03,EEL153,16167337,331,300
03052026_EEL153,51639,2026-05-03,EEL153,16167337,331,300
03052026_EEL153,51406,2026-05-03,EEL153,16167461,341,300
03052026_EEL153,511077,2026-05-03,EEL153,16167461,341,300
03052026_EEL153,51639,2026-05-03,EEL153,16167461,341,300
03052026_EEL153,51406,2026-05-03,EEL153,16167521,312,300
03052026_EEL153,511077,2026-05-03,EEL153,16167521,312,300
03052026_EEL153,51639,2026-05-03,EEL153,16167521,312,300
05052026_EEL153,51650,2026-05-05,EEL153,16175518,341,620
05052026_EEL153,512200,2026-05-05,EEL153,16175518,341,620
05052026_EEL153,511077,2026-05-05,EEL153,16175518,341,620
05052026_EEL153,51650,2026-05-05,EEL153,16175691,331,300
05052026_EEL153,512200,2026-05-05,EEL153,16175691,331,300
05052026_EEL153,511077,2026-05-05,EEL153,16175691,331,300
05052026_EEL153,51650,2026-05-05,EEL153,16175697,341,620
05052026_EEL153,512200,2026-05-05,EEL153,16175697,341,620
05052026_EEL153,511077,2026-05-05,EEL153,16175697,341,620
05052026_EEL153,51650,2026-05-05,EEL153,16175837,341,300
05052026_EEL153,512200,2026-05-05,EEL153,16175837,341,300
05052026_EEL153,511077,2026-05-05,EEL153,16175837,341,300
05052026_EEL153,51650,2026-05-05,EEL153,16176618,301,490
05052026_EEL153,512200,2026-05-05,EEL153,16176618,301,490
05052026_EEL153,511077,2026-05-05,EEL153,16176618,301,490
20052026_EEL153,51406,2026-05-20,EEL153,16247732,129,880
20052026_EEL153,512148,2026-05-20,EEL153,16247732,129,880
20052026_EEL153,51639,2026-05-20,EEL153,16247732,129,880
20052026_EEL153,51406,2026-05-20,EEL153,16248100,331,440
20052026_EEL153,512148,2026-05-20,EEL153,16248100,331,440
20052026_EEL153,51639,2026-05-20,EEL153,16248100,331,440
20052026_EEL153,51406,2026-05-20,EEL153,16248260,312,325
20052026_EEL153,512148,2026-05-20,EEL153,16248260,312,325
20052026_EEL153,51639,2026-05-20,EEL153,16248260,312,325
20052026_EEL153,51406,2026-05-20,EEL153,16247641,312,301
20052026_EEL153,512148,2026-05-20,EEL153,16247641,312,301
20052026_EEL153,51639,2026-05-20,EEL153,16247641,312,301
20052026_EEL153,51406,2026-05-20,EEL153,16247514,331,300
20052026_EEL153,512148,2026-05-20,EEL153,16247514,331,300
20052026_EEL153,51639,2026-05-20,EEL153,16247514,331,300
21052026_EEL153,51406,2026-05-21,EEL153,16252426,342,343
21052026_EEL153,512148,2026-05-21,EEL153,16252426,342,343
21052026_EEL153,1112343,2026-05-21,EEL153,16252426,342,343
21052026_EEL153,51406,2026-05-21,EEL153,16252199,342,343
21052026_EEL153,512148,2026-05-21,EEL153,16252199,342,343
21052026_EEL153,1112343,2026-05-21,EEL153,16252199,342,343
21052026_EEL153,51406,2026-05-21,EEL153,16252617,301,490
21052026_EEL153,512148,2026-05-21,EEL153,16252617,301,490
21052026_EEL153,1112343,2026-05-21,EEL153,16252617,301,490
21052026_EEL153,51406,2026-05-21,EEL153,16252589,342,343
21052026_EEL153,512148,2026-05-21,EEL153,16252589,342,343
21052026_EEL153,1112343,2026-05-21,EEL153,16252589,342,343
21052026_EEL153,51406,2026-05-21,EEL153,16253044,301,620
21052026_EEL153,512148,2026-05-21,EEL153,16253044,301,620
21052026_EEL153,1112343,2026-05-21,EEL153,16253044,301,620
23052026_EEL153,51406,2026-05-23,EEL153,16260681,201,180
23052026_EEL153,1112478,2026-05-23,EEL153,16260681,201,180
30052026_EEL153,511134,2026-05-30,EEL153,16291781,126,880
13052026_EEL152,1112360,2026-05-13,EEL152,16213927,311,300
13052026_EEL152,1112360,2026-05-13,EEL152,16214246,311,490
13052026_EEL152,1112360,2026-05-13,EEL152,16215268,129,880
13052026_EEL152,1112360,2026-05-13,EEL152,16215101,341,440
14052026_EEL152,512200,2026-05-14,EEL152,16220832,311,490
14052026_EEL152,1112666,2026-05-14,EEL152,16220832,311,490
14052026_EEL152,512200,2026-05-14,EEL152,16221095,312,325
14052026_EEL152,1112666,2026-05-14,EEL152,16221095,312,325
14052026_EEL152,512200,2026-05-14,EEL152,16220923,342,300
14052026_EEL152,1112666,2026-05-14,EEL152,16220923,342,300
14052026_EEL152,512200,2026-05-14,EEL152,16220922,343,620
14052026_EEL152,1112666,2026-05-14,EEL152,16220922,343,620
23052026_EEL152,512154,2026-05-23,EEL152,16260591,342,343
23052026_EEL152,512084,2026-05-23,EEL152,16260591,342,343
23052026_EEL152,512148,2026-05-23,EEL152,16260591,342,343
23052026_EEL152,512154,2026-05-23,EEL152,16260706,129,880
23052026_EEL152,512084,2026-05-23,EEL152,16260706,129,880
23052026_EEL152,512148,2026-05-23,EEL152,16260706,129,880
23052026_EEL152,512154,2026-05-23,EEL152,16260972,342,343
23052026_EEL152,512084,2026-05-23,EEL152,16260972,342,343
23052026_EEL152,512148,2026-05-23,EEL152,16260972,342,343
23052026_EEL152,512154,2026-05-23,EEL152,16260951,342,343
23052026_EEL152,512084,2026-05-23,EEL152,16260951,342,343
23052026_EEL152,512148,2026-05-23,EEL152,16260951,342,343
03052026_EEL151,1112344,2026-05-03,EEL151,16167318,311,490
03052026_EEL151,1112356,2026-05-03,EEL151,16167318,311,490
16052026_EEL151,1112356,2026-05-16,EEL151,16230298,341,620
18052026_EEL151,1112356,2026-05-18,EEL151,16238073,311,490
18052026_EEL151,1112356,2026-05-18,EEL151,16237831,341,620
18052026_EEL151,1112356,2026-05-18,EEL151,16238255,311,460
18052026_EEL151,1112356,2026-05-18,EEL151,16238650,311,440
22052026_EEL151,1112356,2026-05-22,EEL151,16256313,311,490
22052026_EEL151,511138,2026-05-22,EEL151,16256313,311,490
22052026_EEL151,512055,2026-05-22,EEL151,16256313,311,490
22052026_EEL151,1112356,2026-05-22,EEL151,16257238,343,440
22052026_EEL151,511138,2026-05-22,EEL151,16257238,343,440
22052026_EEL151,512055,2026-05-22,EEL151,16257238,343,440
24052026_EEL151,1112356,2026-05-24,EEL151,16263980,311,490
24052026_EEL151,511138,2026-05-24,EEL151,16263980,311,490
24052026_EEL151,1112356,2026-05-24,EEL151,16264274,341,620
24052026_EEL151,511138,2026-05-24,EEL151,16264274,341,620
24052026_EEL151,1112356,2026-05-24,EEL151,16264442,799,897
24052026_EEL151,511138,2026-05-24,EEL151,16264442,799,897
25052026_EEL151,1112356,2026-05-25,EEL151,16268000,341,620
25052026_EEL151,511138,2026-05-25,EEL151,16268000,341,620
25052026_EEL151,1112356,2026-05-25,EEL151,16268368,311,410
25052026_EEL151,511138,2026-05-25,EEL151,16268368,311,410
25052026_EEL151,1112356,2026-05-25,EEL151,16268538,311,490
25052026_EEL151,511138,2026-05-25,EEL151,16268538,311,490
25052026_EEL151,1112356,2026-05-25,EEL151,16269197,201,490
25052026_EEL151,511138,2026-05-25,EEL151,16269197,201,490
26052026_EEL151,511138,2026-05-26,EEL151,16272941,341,620
26052026_EEL151,511138,2026-05-26,EEL151,16273325,341,620
26052026_EEL151,511138,2026-05-26,EEL151,16273724,311,300
26052026_EEL151,511138,2026-05-26,EEL151,16273306,311,490
27052026_EEL151,1112356,2026-05-27,EEL151,16278857,341,620
27052026_EEL151,511138,2026-05-27,EEL151,16278857,341,620
27052026_EEL151,1112356,2026-05-27,EEL151,16279103,311,490
27052026_EEL151,511138,2026-05-27,EEL151,16279103,311,490
27052026_EEL151,1112356,2026-05-27,EEL151,16278809,311,490
27052026_EEL151,511138,2026-05-27,EEL151,16278809,311,490
27052026_EEL151,1112356,2026-05-27,EEL151,16279399,104,890
27052026_EEL151,511138,2026-05-27,EEL151,16279399,104,890
27052026_EEL151,1112356,2026-05-27,EEL151,16279534,311,440
27052026_EEL151,511138,2026-05-27,EEL151,16279534,311,440
07052026_EEL150,511125,2026-05-07,EEL150,16186837,201,490
07052026_EEL150,511134,2026-05-07,EEL150,16186837,201,490
07052026_EEL150,1112844,2026-05-07,EEL150,16186837,201,490
22052026_EEL150,511149,2026-05-22,EEL150,16257004,312,300
22052026_EEL150,511178,2026-05-22,EEL150,16257004,312,300
22052026_EEL150,512203,2026-05-22,EEL150,16257004,312,300
22052026_EEL150,511149,2026-05-22,EEL150,16257044,342,300
22052026_EEL150,511178,2026-05-22,EEL150,16257044,342,300
22052026_EEL150,512203,2026-05-22,EEL150,16257044,342,300
22052026_EEL150,511149,2026-05-22,EEL150,16257316,311,440
22052026_EEL150,511178,2026-05-22,EEL150,16257316,311,440
22052026_EEL150,512203,2026-05-22,EEL150,16257316,311,440
29052026_EEL150,1112818,2026-05-29,EEL150,16288534,311,440
29052026_EEL150,511178,2026-05-29,EEL150,16288534,311,440
29052026_EEL150,1112818,2026-05-29,EEL150,16288657,341,440
29052026_EEL150,511178,2026-05-29,EEL150,16288657,341,440
29052026_EEL150,1112818,2026-05-29,EEL150,16288538,341,440
29052026_EEL150,511178,2026-05-29,EEL150,16288538,341,440
29052026_EEL150,1112818,2026-05-29,EEL150,16288685,126,880
29052026_EEL150,511178,2026-05-29,EEL150,16288685,126,880
02052026_EEL138,311967,2026-05-02,EEL138,16033375,799,899
02052026_EEL138,51648,2026-05-02,EEL138,16033375,799,899
02052026_EEL138,311967,2026-05-02,EEL138,16163989,799,899
02052026_EEL138,51648,2026-05-02,EEL138,16163989,799,899
13052026_EEL138,311967,2026-05-13,EEL138,16212806,341,440
13052026_EEL138,51648,2026-05-13,EEL138,16212806,341,440
13052026_EEL138,311967,2026-05-13,EEL138,16213638,341,440
13052026_EEL138,51648,2026-05-13,EEL138,16213638,341,440
13052026_EEL138,311967,2026-05-13,EEL138,16214149,311,440
13052026_EEL138,51648,2026-05-13,EEL138,16214149,311,440
13052026_EEL138,311967,2026-05-13,EEL138,16214463,343,440
13052026_EEL138,51648,2026-05-13,EEL138,16214463,343,440
14052026_EEL138,311967,2026-05-14,EEL138,16219822,301,180
14052026_EEL138,51648,2026-05-14,EEL138,16219822,301,180
14052026_EEL138,311967,2026-05-14,EEL138,16220318,311,440
14052026_EEL138,51648,2026-05-14,EEL138,16220318,311,440
26052026_EEL138,1112790,2026-05-26,EEL138,16271196,343,440
26052026_EEL138,512033,2026-05-26,EEL138,16271196,343,440
26052026_EEL138,1112790,2026-05-26,EEL138,16272301,343,620
26052026_EEL138,512033,2026-05-26,EEL138,16272301,343,620
26052026_EEL137,31790,2026-05-26,EEL137,16271748,311,620
27052026_EEL135,512092,2026-05-27,EEL135,16276467,341,460
27052026_EEL135,1112520,2026-05-27,EEL135,16276467,341,460
31052026_EEL134,1112439,2026-05-31,EEL134,16293166,343,300
31052026_EEL134,311892,2026-05-31,EEL134,16293166,343,300
31052026_EEL134,1112439,2026-05-31,EEL134,16292653,201,300
31052026_EEL134,311892,2026-05-31,EEL134,16292653,201,300
29052026_EEL132,311967,2026-05-29,EEL132,16286647,343,440
31052026_EEL132,311967,2026-05-31,EEL132,16293141,301,440
31052026_EEL132,51648,2026-05-31,EEL132,16293141,301,440
31052026_EEL132,311967,2026-05-31,EEL132,16293816,301,180
31052026_EEL132,51648,2026-05-31,EEL132,16293816,301,180
04052026_EEL131,51624,2026-05-04,EEL131,16165677,799,897
04052026_EEL131,511048,2026-05-04,EEL131,16165677,799,897
04052026_EEL131,51590,2026-05-04,EEL131,16165677,799,897
04052026_EEL131,51624,2026-05-04,EEL131,16170912,104,890
04052026_EEL131,511048,2026-05-04,EEL131,16170912,104,890
04052026_EEL131,51590,2026-05-04,EEL131,16170912,104,890
04052026_EEL131,51624,2026-05-04,EEL131,16171406,311,440
04052026_EEL131,511048,2026-05-04,EEL131,16171406,311,440
04052026_EEL131,51590,2026-05-04,EEL131,16171406,311,440
10052026_EEL131,51624,2026-05-10,EEL131,16195987,341,311
10052026_EEL131,51590,2026-05-10,EEL131,16195987,341,311
10052026_EEL131,51624,2026-05-10,EEL131,16197721,311,440
10052026_EEL131,51590,2026-05-10,EEL131,16197721,311,440
11052026_EEL131,51624,2026-05-11,EEL131,16202205,311,490
11052026_EEL131,51590,2026-05-11,EEL131,16202205,311,490
11052026_EEL131,51624,2026-05-11,EEL131,16202583,342,343
11052026_EEL131,51590,2026-05-11,EEL131,16202583,342,343
12052026_EEL131,51624,2026-05-12,EEL131,16207733,311,490
12052026_EEL131,51590,2026-05-12,EEL131,16207733,311,490
12052026_EEL131,51624,2026-05-12,EEL131,16207671,311,490
12052026_EEL131,51590,2026-05-12,EEL131,16207671,311,490
15052026_EEL131,51624,2026-05-15,EEL131,16224722,341,620
15052026_EEL131,1112650,2026-05-15,EEL131,16224722,341,620
15052026_EEL131,1112732,2026-05-15,EEL131,16224722,341,620
25052026_EEL130,,2026-05-25,EEL130,16267004,311,490
25052026_EEL130,,2026-05-25,EEL130,16267173,129,880
27052026_EEL130,311619,2026-05-27,EEL130,16276333,311,440
27052026_EEL130,1112310,2026-05-27,EEL130,16276333,311,440
27052026_EEL130,1112594,2026-05-27,EEL130,16276333,311,440
27052026_EEL130,311619,2026-05-27,EEL130,16276845,311,490
27052026_EEL130,1112310,2026-05-27,EEL130,16276845,311,490
27052026_EEL130,1112594,2026-05-27,EEL130,16276845,311,490
28052026_EEL130,311619,2026-05-28,EEL130,16281286,301,200
28052026_EEL130,1112310,2026-05-28,EEL130,16281286,301,200
28052026_EEL130,1112594,2026-05-28,EEL130,16281286,301,200
28052026_EEL130,311619,2026-05-28,EEL130,16283186,799,897
28052026_EEL130,1112310,2026-05-28,EEL130,16283186,799,897
28052026_EEL130,1112594,2026-05-28,EEL130,16283186,799,897
30052026_EEL130,311619,2026-05-30,EEL130,16290060,301,300
31052026_EEL130,311619,2026-05-31,EEL130,16293030,201,490
31052026_EEL130,1112594,2026-05-31,EEL130,16293030,201,490
31052026_EEL130,1112310,2026-05-31,EEL130,16293030,201,490
31052026_EEL130,311619,2026-05-31,EEL130,16293594,201,180
31052026_EEL130,1112594,2026-05-31,EEL130,16293594,201,180
31052026_EEL130,1112310,2026-05-31,EEL130,16293594,201,180
24052026_EEL129,511048,2026-05-24,EEL129,16263490,129,880
24052026_EEL129,512072,2026-05-24,EEL129,16263490,129,880
24052026_EEL129,51636,2026-05-24,EEL129,16263490,129,880
27052026_EEL129,511048,2026-05-27,EEL129,16276770,341,300
27052026_EEL129,512072,2026-05-27,EEL129,16276770,341,300
27052026_EEL129,51636,2026-05-27,EEL129,16276770,341,300
24052026_EEL128,1112520,2026-05-24,EEL128,16262900,311,460
24052026_EEL128,512092,2026-05-24,EEL128,16262900,311,460
24052026_EEL128,1112520,2026-05-24,EEL128,16263105,311,440
24052026_EEL128,512092,2026-05-24,EEL128,16263105,311,440
24052026_EEL128,1112520,2026-05-24,EEL128,16262933,341,440
24052026_EEL128,512092,2026-05-24,EEL128,16262933,341,440
24052026_EEL128,1112520,2026-05-24,EEL128,16263508,311,440
24052026_EEL128,512092,2026-05-24,EEL128,16263508,311,440
24052026_EEL128,1112520,2026-05-24,EEL128,16263770,301,180
24052026_EEL128,512092,2026-05-24,EEL128,16263770,301,180
02052026_EEL127,512117,2026-05-02,EEL127,16162315,799,897
02052026_EEL127,1112524,2026-05-02,EEL127,16162315,799,897
02052026_EEL127,512117,2026-05-02,EEL127,16162269,799,897
02052026_EEL127,1112524,2026-05-02,EEL127,16162269,799,897
02052026_EEL127,512117,2026-05-02,EEL127,16163330,301,200
02052026_EEL127,1112524,2026-05-02,EEL127,16163330,301,200
02052026_EEL127,512117,2026-05-02,EEL127,16163435,311,440
02052026_EEL127,1112524,2026-05-02,EEL127,16163435,311,440
02052026_EEL127,512117,2026-05-02,EEL127,16164071,799,897
02052026_EEL127,1112524,2026-05-02,EEL127,16164071,799,897
13052026_EEL127,512117,2026-05-13,EEL127,16212503,343,490
13052026_EEL127,1112524,2026-05-13,EEL127,16212503,343,490
13052026_EEL127,512117,2026-05-13,EEL127,16212466,341,440
13052026_EEL127,1112524,2026-05-13,EEL127,16212466,341,440
13052026_EEL127,512117,2026-05-13,EEL127,16212357,343,490
13052026_EEL127,1112524,2026-05-13,EEL127,16212357,343,490
13052026_EEL127,512117,2026-05-13,EEL127,16212847,311,490
13052026_EEL127,1112524,2026-05-13,EEL127,16212847,311,490
14052026_EEL127,512117,2026-05-14,EEL127,16217593,311,490
14052026_EEL127,1112524,2026-05-14,EEL127,16217593,311,490
14052026_EEL127,512117,2026-05-14,EEL127,16219085,311,300
14052026_EEL127,1112524,2026-05-14,EEL127,16219085,311,300
14052026_EEL127,512117,2026-05-14,EEL127,16219335,311,440
14052026_EEL127,1112524,2026-05-14,EEL127,16219335,311,440
18052026_EEL127,512117,2026-05-18,EEL127,16234627,311,300
18052026_EEL127,1112524,2026-05-18,EEL127,16234627,311,300
18052026_EEL127,512117,2026-05-18,EEL127,16235299,341,300
18052026_EEL127,1112524,2026-05-18,EEL127,16235299,341,300
18052026_EEL127,512117,2026-05-18,EEL127,16236281,343,440
18052026_EEL127,1112524,2026-05-18,EEL127,16236281,343,440
19052026_EEL127,512117,2026-05-19,EEL127,16239580,311,300
19052026_EEL127,1112524,2026-05-19,EEL127,16239580,311,300
19052026_EEL127,512117,2026-05-19,EEL127,16240961,341,440
19052026_EEL127,1112524,2026-05-19,EEL127,16240961,341,440
22052026_EEL127,1112524,2026-05-22,EEL127,16255030,341,300
22052026_EEL127,512117,2026-05-22,EEL127,16255030,341,300
22052026_EEL127,1112524,2026-05-22,EEL127,16255256,301,180
22052026_EEL127,512117,2026-05-22,EEL127,16255256,301,180
22052026_EEL127,1112524,2026-05-22,EEL127,16255333,311,300
22052026_EEL127,512117,2026-05-22,EEL127,16255333,311,300
22052026_EEL127,1112524,2026-05-22,EEL127,16256339,311,300
22052026_EEL127,512117,2026-05-22,EEL127,16256339,311,300
23052026_EEL127,512117,2026-05-23,EEL127,16258910,341,440
23052026_EEL127,1112524,2026-05-23,EEL127,16258910,341,440
23052026_EEL127,512117,2026-05-23,EEL127,16259329,343,490
23052026_EEL127,1112524,2026-05-23,EEL127,16259329,343,490
23052026_EEL127,512117,2026-05-23,EEL127,16259599,311,440
23052026_EEL127,1112524,2026-05-23,EEL127,16259599,311,440
23052026_EEL127,512117,2026-05-23,EEL127,16260114,301,440
23052026_EEL127,1112524,2026-05-23,EEL127,16260114,301,440
24052026_EEL127,1112524,2026-05-24,EEL127,16262311,343,440
24052026_EEL127,512117,2026-05-24,EEL127,16262311,343,440
24052026_EEL127,511105,2026-05-24,EEL127,16262311,343,440
24052026_EEL127,1112524,2026-05-24,EEL127,16262931,343,440
24052026_EEL127,512117,2026-05-24,EEL127,16262931,343,440
24052026_EEL127,511105,2026-05-24,EEL127,16262931,343,440
24052026_EEL127,1112524,2026-05-24,EEL127,16263222,201,490
24052026_EEL127,512117,2026-05-24,EEL127,16263222,201,490
24052026_EEL127,511105,2026-05-24,EEL127,16263222,201,490
27052026_EEL127,1112524,2026-05-27,EEL127,16275387,343,440
27052026_EEL127,512117,2026-05-27,EEL127,16275387,343,440
27052026_EEL127,1112524,2026-05-27,EEL127,16275742,343,440
27052026_EEL127,512117,2026-05-27,EEL127,16275742,343,440
27052026_EEL127,1112524,2026-05-27,EEL127,16276829,311,440
27052026_EEL127,512117,2026-05-27,EEL127,16276829,311,440
28052026_EEL127,1112524,2026-05-28,EEL127,16281513,301,440
28052026_EEL127,512117,2026-05-28,EEL127,16281513,301,440
28052026_EEL127,1112524,2026-05-28,EEL127,16281518,311,300
28052026_EEL127,512117,2026-05-28,EEL127,16281518,311,300
28052026_EEL127,1112524,2026-05-28,EEL127,16282724,343,490
28052026_EEL127,512117,2026-05-28,EEL127,16282724,343,490
29052026_EEL127,1112524,2026-05-29,EEL127,16249268,799,897
29052026_EEL127,512117,2026-05-29,EEL127,16249268,799,897
29052026_EEL127,1112524,2026-05-29,EEL127,16286739,341,300
29052026_EEL127,512117,2026-05-29,EEL127,16286739,341,300
29052026_EEL127,1112524,2026-05-29,EEL127,16287374,321,490
29052026_EEL127,512117,2026-05-29,EEL127,16287374,321,490
01052026_EEL125,51620,2026-05-01,EEL125,16159438,343,440
01052026_EEL125,511090,2026-05-01,EEL125,16159438,343,440
01052026_EEL125,51620,2026-05-01,EEL125,16159901,121,343
01052026_EEL125,511090,2026-05-01,EEL125,16159901,121,343
01052026_EEL125,51620,2026-05-01,EEL125,16160345,301,300
01052026_EEL125,511090,2026-05-01,EEL125,16160345,301,300
06052026_EEL125,51620,2026-05-06,EEL125,16179528,311,440
06052026_EEL125,511090,2026-05-06,EEL125,16179528,311,440
06052026_EEL125,51620,2026-05-06,EEL125,16179691,311,440
06052026_EEL125,511090,2026-05-06,EEL125,16179691,311,440
07052026_EEL125,51620,2026-05-07,EEL125,16183834,201,20
07052026_EEL125,511090,2026-05-07,EEL125,16183834,201,20
07052026_EEL125,51620,2026-05-07,EEL125,16184292,311,300
07052026_EEL125,511090,2026-05-07,EEL125,16184292,311,300
07052026_EEL125,51620,2026-05-07,EEL125,16185076,341,300
07052026_EEL125,511090,2026-05-07,EEL125,16185076,341,300
12052026_EEL125,51620,2026-05-12,EEL125,16207550,341,150
12052026_EEL125,511160,2026-05-12,EEL125,16207550,341,150
12052026_EEL125,511090,2026-05-12,EEL125,16207550,341,150
12052026_EEL125,51620,2026-05-12,EEL125,16208153,341,460
12052026_EEL125,511160,2026-05-12,EEL125,16208153,341,460
12052026_EEL125,511090,2026-05-12,EEL125,16208153,341,460
12052026_EEL125,51620,2026-05-12,EEL125,16208515,799,897
12052026_EEL125,511160,2026-05-12,EEL125,16208515,799,897
12052026_EEL125,511090,2026-05-12,EEL125,16208515,799,897
12052026_EEL125,51620,2026-05-12,EEL125,16208181,311,440
12052026_EEL125,511160,2026-05-12,EEL125,16208181,311,440
12052026_EEL125,511090,2026-05-12,EEL125,16208181,311,440
16052026_EEL125,51623,2026-05-16,EEL125,16209482,799,897
16052026_EEL125,511090,2026-05-16,EEL125,16209482,799,897
16052026_EEL125,51623,2026-05-16,EEL125,16228075,799,897
16052026_EEL125,511090,2026-05-16,EEL125,16228075,799,897
16052026_EEL125,51623,2026-05-16,EEL125,16228758,341,620
16052026_EEL125,511090,2026-05-16,EEL125,16228758,341,620
16052026_EEL125,51623,2026-05-16,EEL125,16228970,343,440
16052026_EEL125,511090,2026-05-16,EEL125,16228970,343,440
17052026_EEL125,1112310,2026-05-17,EEL125,16231802,343,440
17052026_EEL125,511090,2026-05-17,EEL125,16231802,343,440
17052026_EEL125,1112310,2026-05-17,EEL125,16232127,312,348
17052026_EEL125,511090,2026-05-17,EEL125,16232127,312,348
17052026_EEL125,1112310,2026-05-17,EEL125,16232283,311,490
17052026_EEL125,511090,2026-05-17,EEL125,16232283,311,490
29052026_EEL125,1112392,2026-05-29,EEL125,16286523,311,440
29052026_EEL125,51623,2026-05-29,EEL125,16286523,311,440
29052026_EEL125,1112392,2026-05-29,EEL125,16287227,311,620
29052026_EEL125,51623,2026-05-29,EEL125,16287227,311,620
11052026_EEL124,311612,2026-05-11,EEL124,16201907,312,300
11052026_EEL124,311648,2026-05-11,EEL124,16201907,312,300
11052026_EEL124,511093,2026-05-11,EEL124,16201907,312,300
11052026_EEL124,311612,2026-05-11,EEL124,16200507,201,490
11052026_EEL124,311648,2026-05-11,EEL124,16200507,201,490
11052026_EEL124,511093,2026-05-11,EEL124,16200507,201,490
12052026_EEL124,311612,2026-05-12,EEL124,16207006,201,321
12052026_EEL124,311648,2026-05-12,EEL124,16207006,201,321
12052026_EEL124,511093,2026-05-12,EEL124,16207006,201,321
17052026_EEL124,311612,2026-05-17,EEL124,16230930,311,620
17052026_EEL124,311648,2026-05-17,EEL124,16230930,311,620
17052026_EEL124,511093,2026-05-17,EEL124,16230930,311,620
17052026_EEL124,311612,2026-05-17,EEL124,16232011,311,490
17052026_EEL124,311648,2026-05-17,EEL124,16232011,311,490
17052026_EEL124,511093,2026-05-17,EEL124,16232011,311,490
17052026_EEL124,311612,2026-05-17,EEL124,16232258,341,490
17052026_EEL124,311648,2026-05-17,EEL124,16232258,341,490
17052026_EEL124,511093,2026-05-17,EEL124,16232258,341,490
27052026_EEL122,311645,2026-05-27,EEL122,16276796,343,300
27052026_EEL122,31927,2026-05-27,EEL122,16276796,343,300
27052026_EEL122,1112730,2026-05-27,EEL122,16276796,343,300
27052026_EEL122,311645,2026-05-27,EEL122,16276686,341,300
27052026_EEL122,31927,2026-05-27,EEL122,16276686,341,300
27052026_EEL122,1112730,2026-05-27,EEL122,16276686,341,300
30052026_EEL122,311645,2026-05-30,EEL122,16289705,312,300
30052026_EEL122,1112842,2026-05-30,EEL122,16289705,312,300
30052026_EEL122,311645,2026-05-30,EEL122,16291046,311,300
30052026_EEL122,1112842,2026-05-30,EEL122,16291046,311,300
31052026_EEL122,311645,2026-05-31,EEL122,16292926,341,300
31052026_EEL122,1112730,2026-05-31,EEL122,16292926,341,300
31052026_EEL122,311645,2026-05-31,EEL122,16293230,341,300
31052026_EEL122,1112730,2026-05-31,EEL122,16293230,341,300
31052026_EEL122,311645,2026-05-31,EEL122,16293415,343,490
31052026_EEL122,1112730,2026-05-31,EEL122,16293415,343,490
15052026_EEL121,311612,2026-05-15,EEL121,16222768,311,620
15052026_EEL121,511093,2026-05-15,EEL121,16222768,311,620
15052026_EEL121,311612,2026-05-15,EEL121,16224598,343,620
15052026_EEL121,511093,2026-05-15,EEL121,16224598,343,620
24052026_EEL121,511080,2026-05-24,EEL121,16262478,343,620
24052026_EEL121,512110,2026-05-24,EEL121,16262478,343,620
24052026_EEL121,31812,2026-05-24,EEL121,16262478,343,620
24052026_EEL121,511080,2026-05-24,EEL121,16262771,341,620
24052026_EEL121,512110,2026-05-24,EEL121,16262771,341,620
24052026_EEL121,31812,2026-05-24,EEL121,16262771,341,620
24052026_EEL121,511080,2026-05-24,EEL121,16263040,311,440
24052026_EEL121,512110,2026-05-24,EEL121,16263040,311,440
24052026_EEL121,31812,2026-05-24,EEL121,16263040,311,440
24052026_EEL121,511080,2026-05-24,EEL121,16263560,341,620
24052026_EEL121,512110,2026-05-24,EEL121,16263560,341,620
24052026_EEL121,31812,2026-05-24,EEL121,16263560,341,620
29052026_EEL121,511080,2026-05-29,EEL121,16285834,341,620
29052026_EEL121,512110,2026-05-29,EEL121,16285834,341,620
29052026_EEL121,31812,2026-05-29,EEL121,16285834,341,620
29052026_EEL121,511080,2026-05-29,EEL121,16286887,341,620
29052026_EEL121,512110,2026-05-29,EEL121,16286887,341,620
29052026_EEL121,31812,2026-05-29,EEL121,16286887,341,620
01052026_EEL120,511088,2026-05-01,EEL120,16159514,341,440
01052026_EEL120,511107,2026-05-01,EEL120,16159514,341,440
05052026_EEL120,511088,2026-05-05,EEL120,16174511,341,440
05052026_EEL120,511105,2026-05-05,EEL120,16174511,341,440
05052026_EEL120,511107,2026-05-05,EEL120,16174511,341,440
07052026_EEL120,511088,2026-05-07,EEL120,16184406,341,325
07052026_EEL120,511103,2026-05-07,EEL120,16184406,341,325
07052026_EEL120,511088,2026-05-07,EEL120,16184704,301,300
07052026_EEL120,511103,2026-05-07,EEL120,16184704,301,300
09052026_EEL120,511088,2026-05-09,EEL120,16192161,301,440
09052026_EEL120,511105,2026-05-09,EEL120,16192161,301,440
09052026_EEL120,511107,2026-05-09,EEL120,16192161,301,440
12052026_EEL120,511088,2026-05-12,EEL120,16207493,343,440
12052026_EEL120,311619,2026-05-12,EEL120,16207493,343,440
12052026_EEL120,511107,2026-05-12,EEL120,16207493,343,440
17052026_EEL120,511088,2026-05-17,EEL120,16232640,341,620
17052026_EEL120,511103,2026-05-17,EEL120,16232640,341,620
21052026_EEL120,511088,2026-05-21,EEL120,16249686,311,490
21052026_EEL120,511107,2026-05-21,EEL120,16249686,311,490
22052026_EEL120,511088,2026-05-22,EEL120,16254120,311,311
22052026_EEL120,511107,2026-05-22,EEL120,16254120,311,311
22052026_EEL120,511103,2026-05-22,EEL120,16254120,311,311
22052026_EEL120,511088,2026-05-22,EEL120,16254741,381,180
22052026_EEL120,511107,2026-05-22,EEL120,16254741,381,180
22052026_EEL120,511103,2026-05-22,EEL120,16254741,381,180
25052026_EEL120,511088,2026-05-25,EEL120,16266655,128,300
25052026_EEL120,511107,2026-05-25,EEL120,16266655,128,300
25052026_EEL120,511103,2026-05-25,EEL120,16266655,128,300
26052026_EEL120,511088,2026-05-26,EEL120,16271173,342,300
26052026_EEL120,511103,2026-05-26,EEL120,16271173,342,300
26052026_EEL120,511107,2026-05-26,EEL120,16271173,342,300
26052026_EEL120,511088,2026-05-26,EEL120,16270485,343,440
26052026_EEL120,511103,2026-05-26,EEL120,16270485,343,440
26052026_EEL120,511107,2026-05-26,EEL120,16270485,343,440
26052026_EEL120,511088,2026-05-26,EEL120,16272061,104,890
26052026_EEL120,511103,2026-05-26,EEL120,16272061,104,890
26052026_EEL120,511107,2026-05-26,EEL120,16272061,104,890
27052026_EEL120,511088,2026-05-27,EEL120,16277030,311,20
27052026_EEL120,511107,2026-05-27,EEL120,16277030,311,20
27052026_EEL120,511103,2026-05-27,EEL120,16277030,311,20
28052026_EEL120,511088,2026-05-28,EEL120,16281575,341,440
28052026_EEL120,511107,2026-05-28,EEL120,16281575,341,440
28052026_EEL120,511103,2026-05-28,EEL120,16281575,341,440
28052026_EEL120,511088,2026-05-28,EEL120,16281620,341,440
28052026_EEL120,511107,2026-05-28,EEL120,16281620,341,440
28052026_EEL120,511103,2026-05-28,EEL120,16281620,341,440
28052026_EEL120,511088,2026-05-28,EEL120,16280832,126,880
28052026_EEL120,511107,2026-05-28,EEL120,16280832,126,880
28052026_EEL120,511103,2026-05-28,EEL120,16280832,126,880
30052026_EEL120,511088,2026-05-30,EEL120,16290281,343,440
30052026_EEL120,511107,2026-05-30,EEL120,16290281,343,440
30052026_EEL120,511103,2026-05-30,EEL120,16290281,343,440
30052026_EEL120,1112594,2026-05-30,EEL120,16290281,343,440
30052026_EEL120,511088,2026-05-30,EEL120,16290855,341,440
30052026_EEL120,511107,2026-05-30,EEL120,16290855,341,440
30052026_EEL120,511103,2026-05-30,EEL120,16290855,341,440
30052026_EEL120,1112594,2026-05-30,EEL120,16290855,341,440
30052026_EEL120,511088,2026-05-30,EEL120,16290790,311,440
30052026_EEL120,511107,2026-05-30,EEL120,16290790,311,440
30052026_EEL120,511103,2026-05-30,EEL120,16290790,311,440
30052026_EEL120,1112594,2026-05-30,EEL120,16290790,311,440
31052026_EEL120,511088,2026-05-31,EEL120,16292680,799,897
31052026_EEL120,511107,2026-05-31,EEL120,16292680,799,897
31052026_EEL120,511103,2026-05-31,EEL120,16292680,799,897
31052026_EEL120,511088,2026-05-31,EEL120,16293556,381,180
31052026_EEL120,511107,2026-05-31,EEL120,16293556,381,180
31052026_EEL120,511103,2026-05-31,EEL120,16293556,381,180
24052026_EEL112,311929,2026-05-24,EEL112,16261154,311,620
24052026_EEL112,311335,2026-05-24,EEL112,16261154,311,620
28052026_EEL112,311929,2026-05-28,EEL112,16281311,311,460
28052026_EEL112,311335,2026-05-28,EEL112,16281311,311,460
29052026_EEL112,311929,2026-05-29,EEL112,16284924,311,311
29052026_EEL112,311335,2026-05-29,EEL112,16284924,311,311
19052026_EEL109,311740,2026-05-19,EEL109,16239684,311,490
19052026_EEL109,51625,2026-05-19,EEL109,16239684,311,490
23052026_EEL109,311740,2026-05-23,EEL109,16258494,301,490
23052026_EEL109,51625,2026-05-23,EEL109,16258494,301,490
24052026_EEL109,311740,2026-05-24,EEL109,16261531,301,311
24052026_EEL109,311480,2026-05-24,EEL109,16261531,301,311
24052026_EEL109,311740,2026-05-24,EEL109,16263268,341,440
24052026_EEL109,311480,2026-05-24,EEL109,16263268,341,440
27052026_EEL109,311740,2026-05-27,EEL109,16275228,331,325
27052026_EEL109,51625,2026-05-27,EEL109,16275228,331,325
27052026_EEL109,311740,2026-05-27,EEL109,16275616,201,300
27052026_EEL109,51625,2026-05-27,EEL109,16275616,201,300
27052026_EEL109,311740,2026-05-27,EEL109,16275698,311,490
27052026_EEL109,51625,2026-05-27,EEL109,16275698,311,490
27052026_EEL109,311740,2026-05-27,EEL109,16277264,343,490
27052026_EEL109,51625,2026-05-27,EEL109,16277264,343,490
28052026_EEL109,311740,2026-05-28,EEL109,16280905,341,440
28052026_EEL109,51625,2026-05-28,EEL109,16280905,341,440
28052026_EEL109,311740,2026-05-28,EEL109,16281199,311,490
28052026_EEL109,51625,2026-05-28,EEL109,16281199,311,490
28052026_EEL109,311740,2026-05-28,EEL109,16282102,341,300
28052026_EEL109,51625,2026-05-28,EEL109,16282102,341,300
28052026_EEL109,311740,2026-05-28,EEL109,16282627,311,490
28052026_EEL109,51625,2026-05-28,EEL109,16282627,311,490
29052026_EEL109,1112669,2026-05-29,EEL109,16285346,301,180
29052026_EEL109,311740,2026-05-29,EEL109,16285346,301,180
03052026_EEL108,311960,2026-05-03,EEL108,16166225,311,300
03052026_EEL108,1112647,2026-05-03,EEL108,16166225,311,300
09052026_EEL108,311960,2026-05-09,EEL108,16193301,799,897
09052026_EEL108,1112647,2026-05-09,EEL108,16193301,799,897
18052026_EEL108,311960,2026-05-18,EEL108,16235154,342,343
18052026_EEL108,1112647,2026-05-18,EEL108,16235154,342,343
18052026_EEL108,311960,2026-05-18,EEL108,16234773,341,440
18052026_EEL108,1112647,2026-05-18,EEL108,16234773,341,440
18052026_EEL108,311960,2026-05-18,EEL108,16236554,342,311
18052026_EEL108,1112647,2026-05-18,EEL108,16236554,342,311
19052026_EEL108,311960,2026-05-19,EEL108,16239744,311,440
19052026_EEL108,1112647,2026-05-19,EEL108,16239744,311,440
19052026_EEL108,311960,2026-05-19,EEL108,16241479,311,440
19052026_EEL108,1112647,2026-05-19,EEL108,16241479,311,440
20052026_EEL108,311960,2026-05-20,EEL108,16244551,312,300
20052026_EEL108,1112647,2026-05-20,EEL108,16244551,312,300
20052026_EEL108,311960,2026-05-20,EEL108,16244116,312,300
20052026_EEL108,1112647,2026-05-20,EEL108,16244116,312,300
21052026_EEL108,311960,2026-05-21,EEL108,16249491,799,897
21052026_EEL108,1112647,2026-05-21,EEL108,16249491,799,897
24052026_EEL108,311960,2026-05-24,EEL108,16261812,201,180
24052026_EEL108,1112647,2026-05-24,EEL108,16261812,201,180
24052026_EEL108,311960,2026-05-24,EEL108,16262462,311,440
24052026_EEL108,1112647,2026-05-24,EEL108,16262462,311,440
25052026_EEL108,311960,2026-05-25,EEL108,16264997,311,620
25052026_EEL108,1112647,2026-05-25,EEL108,16264997,311,620
25052026_EEL108,311960,2026-05-25,EEL108,16265125,341,490
25052026_EEL108,1112647,2026-05-25,EEL108,16265125,341,490
29052026_EEL108,311960,2026-05-29,EEL108,16285383,343,490
29052026_EEL108,1112647,2026-05-29,EEL108,16285383,343,490
29052026_EEL108,311960,2026-05-29,EEL108,16286289,341,620
29052026_EEL108,1112647,2026-05-29,EEL108,16286289,341,620
30052026_EEL108,1112647,2026-05-30,EEL108,16289574,311,440
30052026_EEL108,311960,2026-05-30,EEL108,16289574,311,440
30052026_EEL108,1112647,2026-05-30,EEL108,16290083,342,343
30052026_EEL108,311960,2026-05-30,EEL108,16290083,342,343
30052026_EEL108,1112647,2026-05-30,EEL108,16290354,311,300
30052026_EEL108,311960,2026-05-30,EEL108,16290354,311,300
31052026_EEL108,311960,2026-05-31,EEL108,16292696,311,180
31052026_EEL108,1112647,2026-05-31,EEL108,16292696,311,180
31052026_EEL108,311960,2026-05-31,EEL108,16293231,342,343
31052026_EEL108,1112647,2026-05-31,EEL108,16293231,342,343
13052026_EEL106,31122,2026-05-13,EEL106,16211051,381,180
13052026_EEL106,311114,2026-05-13,EEL106,16211051,381,180
26052026_EEL106,1112518,2026-05-26,EEL106,16271283,342,343
26052026_EEL106,311756,2026-05-26,EEL106,16271283,342,343
26052026_EEL105,3179,2026-05-26,EEL105,16270886,342,300
26052026_EEL105,1112751,2026-05-26,EEL105,16270886,342,300
26052026_EEL105,1112752,2026-05-26,EEL105,16270886,342,300
29052026_EEL101,1112395,2026-05-29,EEL101,16284641,311,311
29052026_EEL101,511063,2026-05-29,EEL101,16284641,311,311
29052026_EEL101,1112395,2026-05-29,EEL101,16285772,342,300
29052026_EEL101,511063,2026-05-29,EEL101,16285772,342,300
29052026_EEL101,1112395,2026-05-29,EEL101,16285954,311,300
29052026_EEL101,511063,2026-05-29,EEL101,16285954,311,300
29052026_EEL101,1112395,2026-05-29,EEL101,16286925,341,620
29052026_EEL101,511063,2026-05-29,EEL101,16286925,341,620
06052026_ECL702,1112754,2026-05-06,ECL702,16178304,799,897
06052026_ECL702,1112831,2026-05-06,ECL702,16178304,799,897
06052026_ECL702,1112754,2026-05-06,ECL702,16178179,342,343
06052026_ECL702,1112831,2026-05-06,ECL702,16178179,342,343
06052026_ECL702,1112754,2026-05-06,ECL702,16178855,341,443
06052026_ECL702,1112831,2026-05-06,ECL702,16178855,341,443
07052026_ECL702,1112754,2026-05-07,ECL702,16182095,341,443
07052026_ECL702,1112831,2026-05-07,ECL702,16182095,341,443
07052026_ECL702,1112754,2026-05-07,ECL702,16182810,341,443
07052026_ECL702,1112831,2026-05-07,ECL702,16182810,341,443
07052026_ECL702,1112754,2026-05-07,ECL702,16182977,341,620
07052026_ECL702,1112831,2026-05-07,ECL702,16182977,341,620
11052026_ECL702,1112754,2026-05-11,ECL702,16199748,342,300
11052026_ECL702,511120,2026-05-11,ECL702,16199748,342,300
22052026_ECL324,,2026-05-22,ECL324,16255055,312,180
27052026_ECL324,1112834,2026-05-27,ECL324,16275966,311,440
27052026_ECL324,1112814,2026-05-27,ECL324,16275966,311,440
27052026_ECL324,1112834,2026-05-27,ECL324,16275322,343,440
27052026_ECL324,1112814,2026-05-27,ECL324,16275322,343,440
27052026_ECL324,1112834,2026-05-27,ECL324,16275657,343,440
27052026_ECL324,1112814,2026-05-27,ECL324,16275657,343,440
28052026_ECL324,311955,2026-05-28,ECL324,16281300,341,440
28052026_ECL324,1112814,2026-05-28,ECL324,16281300,341,440
01052026_ECL322,511168,2026-05-01,ECL322,16159805,343,490
01052026_ECL322,511111,2026-05-01,ECL322,16159805,343,490
01052026_ECL322,511168,2026-05-01,ECL322,16159742,799,897
01052026_ECL322,511111,2026-05-01,ECL322,16159742,799,897
01052026_ECL322,511168,2026-05-01,ECL322,16160299,343,300
01052026_ECL322,511111,2026-05-01,ECL322,16160299,343,300
01052026_ECL322,511168,2026-05-01,ECL322,16160598,311,490
01052026_ECL322,511111,2026-05-01,ECL322,16160598,311,490
06052026_ECL322,511168,2026-05-06,ECL322,16178585,312,300
06052026_ECL322,511111,2026-05-06,ECL322,16178585,312,300
06052026_ECL322,511168,2026-05-06,ECL322,16179258,129,880
06052026_ECL322,511111,2026-05-06,ECL322,16179258,129,880
06052026_ECL322,511168,2026-05-06,ECL322,16180162,311,490
06052026_ECL322,511111,2026-05-06,ECL322,16180162,311,490
11052026_ECL322,511168,2026-05-11,ECL322,16200463,311,490
11052026_ECL322,511111,2026-05-11,ECL322,16200463,311,490
11052026_ECL322,511168,2026-05-11,ECL322,16202530,301,180
11052026_ECL322,511111,2026-05-11,ECL322,16202530,301,180
11052026_ECL322,511168,2026-05-11,ECL322,16202909,343,620
11052026_ECL322,511111,2026-05-11,ECL322,16202909,343,620
13052026_ECL322,1112789,2026-05-13,ECL322,16213000,331,300
13052026_ECL322,51616,2026-05-13,ECL322,16213000,331,300
13052026_ECL322,1112789,2026-05-13,ECL322,16214343,381,440
13052026_ECL322,51616,2026-05-13,ECL322,16214343,381,440
13052026_ECL322,1112789,2026-05-13,ECL322,16214861,331,300
13052026_ECL322,51616,2026-05-13,ECL322,16214861,331,300
14052026_ECL322,1112309,2026-05-14,ECL322,16219630,341,620
18052026_ECL322,1112789,2026-05-18,ECL322,16236847,342,300
18052026_ECL322,51616,2026-05-18,ECL322,16236847,342,300
18052026_ECL322,1112789,2026-05-18,ECL322,16237145,342,300
18052026_ECL322,51616,2026-05-18,ECL322,16237145,342,300
18052026_ECL322,1112789,2026-05-18,ECL322,16237628,301,180
18052026_ECL322,51616,2026-05-18,ECL322,16237628,301,180
18052026_ECL322,1112789,2026-05-18,ECL322,16237554,312,300
18052026_ECL322,51616,2026-05-18,ECL322,16237554,312,300
19052026_ECL322,1112789,2026-05-19,ECL322,16241184,311,300
19052026_ECL322,51616,2026-05-19,ECL322,16241184,311,300
19052026_ECL322,1112789,2026-05-19,ECL322,16241689,342,300
19052026_ECL322,51616,2026-05-19,ECL322,16241689,342,300
19052026_ECL322,1112789,2026-05-19,ECL322,16242042,129,880
19052026_ECL322,51616,2026-05-19,ECL322,16242042,129,880
20052026_ECL322,1112789,2026-05-20,ECL322,16246350,301,300
20052026_ECL322,51616,2026-05-20,ECL322,16246350,301,300
20052026_ECL322,1112789,2026-05-20,ECL322,16247582,342,300
20052026_ECL322,51616,2026-05-20,ECL322,16247582,342,300
21052026_ECL322,1112789,2026-05-21,ECL322,16250766,331,300
21052026_ECL322,51616,2026-05-21,ECL322,16250766,331,300
21052026_ECL322,1112789,2026-05-21,ECL322,16251524,342,300
21052026_ECL322,51616,2026-05-21,ECL322,16251524,342,300
21052026_ECL322,1112789,2026-05-21,ECL322,16251799,311,490
21052026_ECL322,51616,2026-05-21,ECL322,16251799,311,490
25052026_ECL322,1112789,2026-05-25,ECL322,16267177,342,300
25052026_ECL322,51616,2026-05-25,ECL322,16267177,342,300
25052026_ECL322,1112789,2026-05-25,ECL322,16266861,342,300
25052026_ECL322,51616,2026-05-25,ECL322,16266861,342,300
25052026_ECL322,1112789,2026-05-25,ECL322,16266291,331,300
25052026_ECL322,51616,2026-05-25,ECL322,16266291,331,300
25052026_ECL322,1112789,2026-05-25,ECL322,16267464,311,490
25052026_ECL322,51616,2026-05-25,ECL322,16267464,311,490
02052026_ECL321,511998,2026-05-02,ECL321,16162602,129,880
02052026_ECL321,511997,2026-05-02,ECL321,16162602,129,880
02052026_ECL321,511998,2026-05-02,ECL321,16163935,341,301
02052026_ECL321,511997,2026-05-02,ECL321,16163935,341,301
06052026_ECL321,511998,2026-05-06,ECL321,16179236,311,311
06052026_ECL321,511997,2026-05-06,ECL321,16179236,311,311
06052026_ECL321,511998,2026-05-06,ECL321,16179236,311,311
06052026_ECL321,511997,2026-05-06,ECL321,16179236,311,311
07052026_ECL321,511998,2026-05-07,ECL321,16183395,341,300
07052026_ECL321,511997,2026-05-07,ECL321,16183395,341,300
07052026_ECL321,511998,2026-05-07,ECL321,16183249,343,490
07052026_ECL321,511997,2026-05-07,ECL321,16183249,343,490
08052026_ECL321,511998,2026-05-08,ECL321,16188477,343,301
08052026_ECL321,511997,2026-05-08,ECL321,16188477,343,301
11052026_ECL321,511998,2026-05-11,ECL321,16201560,311,490
11052026_ECL321,511997,2026-05-11,ECL321,16201560,311,490
11052026_ECL321,511998,2026-05-11,ECL321,16202208,128,300
11052026_ECL321,511997,2026-05-11,ECL321,16202208,128,300
13052026_ECL321,511998,2026-05-13,ECL321,16212087,121,343
13052026_ECL321,511997,2026-05-13,ECL321,16212087,121,343
13052026_ECL321,511998,2026-05-13,ECL321,16212089,129,880
13052026_ECL321,511997,2026-05-13,ECL321,16212089,129,880
16052026_ECL321,511998,2026-05-16,ECL321,16228389,343,440
16052026_ECL321,511997,2026-05-16,ECL321,16228389,343,440
18052026_ECL321,511997,2026-05-18,ECL321,16237831,341,620
23052026_ECL321,511997,2026-05-23,ECL321,16259435,129,880
23052026_ECL321,511998,2026-05-23,ECL321,16259435,129,880
27052026_ECL321,511998,2026-05-27,ECL321,16275836,127,880
27052026_ECL321,511997,2026-05-27,ECL321,16275836,127,880
27052026_ECL321,511998,2026-05-27,ECL321,16276900,342,300
27052026_ECL321,511997,2026-05-27,ECL321,16276900,342,300
28052026_ECL321,511998,2026-05-28,ECL321,16280492,121,343
28052026_ECL321,511997,2026-05-28,ECL321,16280492,121,343
28052026_ECL321,511998,2026-05-28,ECL321,16281565,129,880
28052026_ECL321,511997,2026-05-28,ECL321,16281565,129,880
28052026_ECL321,511998,2026-05-28,ECL321,16281595,311,301
28052026_ECL321,511997,2026-05-28,ECL321,16281595,311,301
28052026_ECL321,511998,2026-05-28,ECL321,16282287,311,620
28052026_ECL321,511997,2026-05-28,ECL321,16282287,311,620
28052026_ECL321,511998,2026-05-28,ECL321,16282741,129,880
28052026_ECL321,511997,2026-05-28,ECL321,16282741,129,880
05052026_ECL320,511066,2026-05-05,ECL320,16173391,301,180
05052026_ECL320,511065,2026-05-05,ECL320,16173391,301,180
05052026_ECL320,511066,2026-05-05,ECL320,16172683,127,880
05052026_ECL320,511065,2026-05-05,ECL320,16172683,127,880
07052026_ECL320,511066,2026-05-07,ECL320,16183716,129,880
07052026_ECL320,511065,2026-05-07,ECL320,16183716,129,880
07052026_ECL320,511066,2026-05-07,ECL320,16184544,311,300
07052026_ECL320,511065,2026-05-07,ECL320,16184544,311,300
07052026_ECL320,511066,2026-05-07,ECL320,16184499,311,300
07052026_ECL320,511065,2026-05-07,ECL320,16184499,311,300
09052026_ECL320,511066,2026-05-09,ECL320,16192925,301,180
09052026_ECL320,511065,2026-05-09,ECL320,16192925,301,180
09052026_ECL320,511066,2026-05-09,ECL320,16193347,341,300
09052026_ECL320,511065,2026-05-09,ECL320,16193347,341,300
09052026_ECL320,511066,2026-05-09,ECL320,16193754,343,300
09052026_ECL320,511065,2026-05-09,ECL320,16193754,343,300
10052026_ECL320,511066,2026-05-10,ECL320,16195895,341,440
10052026_ECL320,511065,2026-05-10,ECL320,16195895,341,440
10052026_ECL320,511066,2026-05-10,ECL320,16197001,343,300
10052026_ECL320,511065,2026-05-10,ECL320,16197001,343,300
10052026_ECL320,511066,2026-05-10,ECL320,16197716,301,180
10052026_ECL320,511065,2026-05-10,ECL320,16197716,301,180
11052026_ECL320,511066,2026-05-11,ECL320,16201022,311,300
11052026_ECL320,511065,2026-05-11,ECL320,16201022,311,300
11052026_ECL320,511066,2026-05-11,ECL320,16201557,341,300
11052026_ECL320,511065,2026-05-11,ECL320,16201557,341,300
11052026_ECL320,511066,2026-05-11,ECL320,16202051,301,180
11052026_ECL320,511065,2026-05-11,ECL320,16202051,301,180
11052026_ECL320,511066,2026-05-11,ECL320,16200470,343,300
11052026_ECL320,511065,2026-05-11,ECL320,16200470,343,300
12052026_ECL320,511066,2026-05-12,ECL320,16206393,301,300
12052026_ECL320,511065,2026-05-12,ECL320,16206393,301,300
12052026_ECL320,511066,2026-05-12,ECL320,16207087,341,300
12052026_ECL320,511065,2026-05-12,ECL320,16207087,341,300
12052026_ECL320,511066,2026-05-12,ECL320,16206533,341,300
12052026_ECL320,511065,2026-05-12,ECL320,16206533,341,300
13052026_ECL320,511105,2026-05-13,ECL320,16212565,341,620
13052026_ECL320,311926,2026-05-13,ECL320,16212565,341,620
13052026_ECL320,511105,2026-05-13,ECL320,16212543,341,300
13052026_ECL320,311926,2026-05-13,ECL320,16212543,341,300
13052026_ECL320,511105,2026-05-13,ECL320,16212551,341,620
13052026_ECL320,311926,2026-05-13,ECL320,16212551,341,620
15052026_ECL320,511066,2026-05-15,ECL320,16223118,301,180
15052026_ECL320,511065,2026-05-15,ECL320,16223118,301,180
15052026_ECL320,511066,2026-05-15,ECL320,16223705,104,890
15052026_ECL320,511065,2026-05-15,ECL320,16223705,104,890
15052026_ECL320,511066,2026-05-15,ECL320,16223854,343,300
15052026_ECL320,511065,2026-05-15,ECL320,16223854,343,300
15052026_ECL320,511066,2026-05-15,ECL320,16223705,104,890
15052026_ECL320,511065,2026-05-15,ECL320,16223705,104,890
16052026_ECL320,511066,2026-05-16,ECL320,16227620,343,300
16052026_ECL320,511065,2026-05-16,ECL320,16227620,343,300
16052026_ECL320,511066,2026-05-16,ECL320,16228386,301,180
16052026_ECL320,511065,2026-05-16,ECL320,16228386,301,180
17052026_ECL320,511066,2026-05-17,ECL320,16231637,311,300
17052026_ECL320,511065,2026-05-17,ECL320,16231637,311,300
17052026_ECL320,511066,2026-05-17,ECL320,16232172,341,300
17052026_ECL320,511065,2026-05-17,ECL320,16232172,341,300
17052026_ECL320,511066,2026-05-17,ECL320,16232093,301,180
17052026_ECL320,511065,2026-05-17,ECL320,16232093,301,180
19052026_ECL320,311926,2026-05-19,ECL320,16240946,343,440
19052026_ECL320,311432,2026-05-19,ECL320,16240946,343,440
19052026_ECL320,311926,2026-05-19,ECL320,16242245,341,300
19052026_ECL320,311432,2026-05-19,ECL320,16242245,341,300
20052026_ECL320,511066,2026-05-20,ECL320,16245304,311,300
20052026_ECL320,511065,2026-05-20,ECL320,16245304,311,300
20052026_ECL320,511066,2026-05-20,ECL320,16245739,301,180
20052026_ECL320,511065,2026-05-20,ECL320,16245739,301,180
21052026_ECL320,511066,2026-05-21,ECL320,16250499,311,300
21052026_ECL320,511065,2026-05-21,ECL320,16250499,311,300
21052026_ECL320,511066,2026-05-21,ECL320,16251254,311,180
21052026_ECL320,511065,2026-05-21,ECL320,16251254,311,180
21052026_ECL320,511066,2026-05-21,ECL320,16251874,343,300
21052026_ECL320,511065,2026-05-21,ECL320,16251874,343,300
22052026_ECL320,511066,2026-05-22,ECL320,16254792,312,200
22052026_ECL320,511065,2026-05-22,ECL320,16254792,312,200
22052026_ECL320,511066,2026-05-22,ECL320,16255262,343,300
22052026_ECL320,511065,2026-05-22,ECL320,16255262,343,300
22052026_ECL320,511066,2026-05-22,ECL320,16254027,343,300
22052026_ECL320,511065,2026-05-22,ECL320,16254027,343,300
22052026_ECL320,511066,2026-05-22,ECL320,16255773,341,300
22052026_ECL320,511065,2026-05-22,ECL320,16255773,341,300
25052026_ECL320,511066,2026-05-25,ECL320,16266082,311,300
25052026_ECL320,511065,2026-05-25,ECL320,16266082,311,300
26052026_ECL320,511066,2026-05-26,ECL320,16272568,301,200
26052026_ECL320,511065,2026-05-26,ECL320,16272568,301,200
26052026_ECL320,511066,2026-05-26,ECL320,16272327,341,300
26052026_ECL320,511065,2026-05-26,ECL320,16272327,341,300
26052026_ECL320,511066,2026-05-26,ECL320,16271691,343,300
26052026_ECL320,511065,2026-05-26,ECL320,16271691,343,300
27052026_ECL320,511066,2026-05-27,ECL320,16275150,201,490
27052026_ECL320,511065,2026-05-27,ECL320,16275150,201,490
27052026_ECL320,511066,2026-05-27,ECL320,16277068,311,440
27052026_ECL320,511065,2026-05-27,ECL320,16277068,311,440
27052026_ECL320,511066,2026-05-27,ECL320,16276724,311,180
27052026_ECL320,511065,2026-05-27,ECL320,16276724,311,180
28052026_ECL320,511066,2026-05-28,ECL320,16281210,343,300
28052026_ECL320,511065,2026-05-28,ECL320,16281210,343,300
28052026_ECL320,511066,2026-05-28,ECL320,16281557,343,300
28052026_ECL320,511065,2026-05-28,ECL320,16281557,343,300
28052026_ECL320,511066,2026-05-28,ECL320,16282088,311,300
28052026_ECL320,511065,2026-05-28,ECL320,16282088,311,300
29052026_ECL320,,2026-05-29,ECL320,16287199,341,490
29052026_ECL320,,2026-05-29,ECL320,16287848,341,490
29052026_ECL320,,2026-05-29,ECL320,16288514,127,880
29052026_ECL320,,2026-05-29,ECL320,16288933,799,899
30052026_ECL320,511066,2026-05-30,ECL320,16290215,341,300
30052026_ECL320,511065,2026-05-30,ECL320,16290215,341,300
30052026_ECL320,511066,2026-05-30,ECL320,16290176,311,440
30052026_ECL320,511065,2026-05-30,ECL320,16290176,311,440
31052026_ECL320,511066,2026-05-31,ECL320,16292764,201,300
31052026_ECL320,511065,2026-05-31,ECL320,16292764,201,300
31052026_ECL320,511066,2026-05-31,ECL320,16293097,301,180
31052026_ECL320,511065,2026-05-31,ECL320,16293097,301,180
31052026_ECL320,511066,2026-05-31,ECL320,16293336,301,180
31052026_ECL320,511065,2026-05-31,ECL320,16293336,301,180
23052026_ECL317,311848,2026-05-23,ECL317,16253492,799,897
23052026_ECL317,311864,2026-05-23,ECL317,16253492,799,897
23052026_ECL317,311848,2026-05-23,ECL317,16258176,311,300
23052026_ECL317,311864,2026-05-23,ECL317,16258176,311,300
30052026_ECL317,311832,2026-05-30,ECL317,16165620,799,897
30052026_ECL317,311818,2026-05-30,ECL317,16165620,799,897
30052026_ECL317,311832,2026-05-30,ECL317,16289485,311,490
30052026_ECL317,311818,2026-05-30,ECL317,16289485,311,490
30052026_ECL317,311832,2026-05-30,ECL317,16289829,311,490
30052026_ECL317,311818,2026-05-30,ECL317,16289829,311,490
30052026_ECL317,311832,2026-05-30,ECL317,16290286,311,300
30052026_ECL317,311818,2026-05-30,ECL317,16290286,311,300
31052026_ECL317,311417,2026-05-31,ECL317,16254124,799,897
31052026_ECL317,311356,2026-05-31,ECL317,16254124,799,897
31052026_ECL317,311417,2026-05-31,ECL317,16292570,311,620
31052026_ECL317,311356,2026-05-31,ECL317,16292570,311,620
31052026_ECL317,311417,2026-05-31,ECL317,16293247,311,620
31052026_ECL317,311356,2026-05-31,ECL317,16293247,311,620
01052026_ECL316,311410,2026-05-01,ECL316,16158399,341,440
01052026_ECL316,31485,2026-05-01,ECL316,16158399,341,440
01052026_ECL316,311410,2026-05-01,ECL316,16158669,343,490
01052026_ECL316,31485,2026-05-01,ECL316,16158669,343,490
01052026_ECL316,311410,2026-05-01,ECL316,16158731,799,897
01052026_ECL316,31485,2026-05-01,ECL316,16158731,799,897
02052026_ECL316,311845,2026-05-02,ECL316,16161791,799,897
02052026_ECL316,311605,2026-05-02,ECL316,16161791,799,897
02052026_ECL316,311845,2026-05-02,ECL316,16161998,311,10
02052026_ECL316,311605,2026-05-02,ECL316,16161998,311,10
02052026_ECL316,311845,2026-05-02,ECL316,16162668,312,10
02052026_ECL316,311605,2026-05-02,ECL316,16162668,312,10
02052026_ECL316,311845,2026-05-02,ECL316,16162629,312,10
02052026_ECL316,311605,2026-05-02,ECL316,16162629,312,10
16052026_ECL316,31873,2026-05-16,ECL316,16226744,312,10
16052026_ECL316,31865,2026-05-16,ECL316,16226744,312,10
16052026_ECL316,31873,2026-05-16,ECL316,16227084,312,10
16052026_ECL316,31865,2026-05-16,ECL316,16227084,312,10
16052026_ECL316,31873,2026-05-16,ECL316,16227253,312,10
16052026_ECL316,31865,2026-05-16,ECL316,16227253,312,10
16052026_ECL316,31873,2026-05-16,ECL316,16227326,312,10
16052026_ECL316,31865,2026-05-16,ECL316,16227326,312,10
16052026_ECL316,31873,2026-05-16,ECL316,16227668,312,10
16052026_ECL316,31865,2026-05-16,ECL316,16227668,312,10
17052026_ECL316,31507,2026-05-17,ECL316,16229825,341,300
17052026_ECL316,3150,2026-05-17,ECL316,16229825,341,300
17052026_ECL316,31507,2026-05-17,ECL316,16230741,311,10
17052026_ECL316,3150,2026-05-17,ECL316,16230741,311,10
17052026_ECL316,31507,2026-05-17,ECL316,16230980,311,10
17052026_ECL316,3150,2026-05-17,ECL316,16230980,311,10
17052026_ECL316,31507,2026-05-17,ECL316,16231682,311,300
17052026_ECL316,3150,2026-05-17,ECL316,16231682,311,300
30052026_ECL316,311845,2026-05-30,ECL316,16165608,799,897
30052026_ECL316,311845,2026-05-30,ECL316,16191890,799,897
30052026_ECL316,311845,2026-05-30,ECL316,16289758,312,10
30052026_ECL316,311845,2026-05-30,ECL316,16165848,799,897
01052026_ECL315,311816,2026-05-01,ECL315,16155959,799,897
01052026_ECL315,311817,2026-05-01,ECL315,16155959,799,897
01052026_ECL315,311816,2026-05-01,ECL315,16158738,311,620
01052026_ECL315,311817,2026-05-01,ECL315,16158738,311,620
01052026_ECL315,311816,2026-05-01,ECL315,16159700,799,897
01052026_ECL315,311817,2026-05-01,ECL315,16159700,799,897
03052026_ECL315,31888,2026-05-03,ECL315,16162270,799,899
03052026_ECL315,31200,2026-05-03,ECL315,16162270,799,899
03052026_ECL315,31888,2026-05-03,ECL315,16162375,799,899
03052026_ECL315,31200,2026-05-03,ECL315,16162375,799,899
03052026_ECL315,31888,2026-05-03,ECL315,16165593,311,10
03052026_ECL315,31200,2026-05-03,ECL315,16165593,311,10
03052026_ECL315,31888,2026-05-03,ECL315,16165564,799,899
03052026_ECL315,31200,2026-05-03,ECL315,16165564,799,899
03052026_ECL315,31888,2026-05-03,ECL315,16165588,799,899
03052026_ECL315,31200,2026-05-03,ECL315,16165588,799,899
16052026_ECL315,311810,2026-05-16,ECL315,16226814,311,20
16052026_ECL315,311909,2026-05-16,ECL315,16226814,311,20
16052026_ECL315,311810,2026-05-16,ECL315,16227376,311,20
16052026_ECL315,311909,2026-05-16,ECL315,16227376,311,20
16052026_ECL315,311810,2026-05-16,ECL315,16228076,311,20
16052026_ECL315,311909,2026-05-16,ECL315,16228076,311,20
17052026_ECL315,311810,2026-05-17,ECL315,16229440,381,880
17052026_ECL315,311909,2026-05-17,ECL315,16229440,381,880
17052026_ECL315,311810,2026-05-17,ECL315,16230697,301,20
17052026_ECL315,311909,2026-05-17,ECL315,16230697,301,20
17052026_ECL315,311810,2026-05-17,ECL315,16231130,311,490
17052026_ECL315,311909,2026-05-17,ECL315,16231130,311,490
17052026_ECL315,311810,2026-05-17,ECL315,16231698,311,20
17052026_ECL315,311909,2026-05-17,ECL315,16231698,311,20
23052026_ECL315,311410,2026-05-23,ECL315,16253310,799,897
23052026_ECL315,31485,2026-05-23,ECL315,16253310,799,897
23052026_ECL315,311410,2026-05-23,ECL315,16258164,343,440
23052026_ECL315,31485,2026-05-23,ECL315,16258164,343,440
23052026_ECL315,311410,2026-05-23,ECL315,16258515,311,300
23052026_ECL315,31485,2026-05-23,ECL315,16258515,311,300
23052026_ECL315,311410,2026-05-23,ECL315,16253486,799,897
23052026_ECL315,31485,2026-05-23,ECL315,16253486,799,897
24052026_ECL315,311410,2026-05-24,ECL315,16165603,799,897
24052026_ECL315,31485,2026-05-24,ECL315,16165603,799,897
24052026_ECL315,311410,2026-05-24,ECL315,16261617,343,300
24052026_ECL315,31485,2026-05-24,ECL315,16261617,343,300
24052026_ECL315,311410,2026-05-24,ECL315,16261872,341,440
24052026_ECL315,31485,2026-05-24,ECL315,16261872,341,440
24052026_ECL315,311410,2026-05-24,ECL315,16261900,311,300
24052026_ECL315,31485,2026-05-24,ECL315,16261900,311,300
24052026_ECL315,311410,2026-05-24,ECL315,16262615,121,343
24052026_ECL315,31485,2026-05-24,ECL315,16262615,121,343
30052026_ECL315,31485,2026-05-30,ECL315,16289357,311,20
30052026_ECL315,31485,2026-05-30,ECL315,16289401,311,20
30052026_ECL315,31485,2026-05-30,ECL315,16289794,311,20
16052026_ECL314,311846,2026-05-16,ECL314,16226712,381,10
16052026_ECL314,311078,2026-05-16,ECL314,16226712,381,10
16052026_ECL314,311846,2026-05-16,ECL314,16226909,311,180
16052026_ECL314,311078,2026-05-16,ECL314,16226909,311,180
16052026_ECL314,311846,2026-05-16,ECL314,16227444,311,11
16052026_ECL314,311078,2026-05-16,ECL314,16227444,311,11
16052026_ECL314,311846,2026-05-16,ECL314,16226881,127,880
16052026_ECL314,311078,2026-05-16,ECL314,16226881,127,880
16052026_ECL314,311846,2026-05-16,ECL314,16228058,301,10
16052026_ECL314,311078,2026-05-16,ECL314,16228058,301,10
23052026_ECL314,311430,2026-05-23,ECL314,16253315,799,899
23052026_ECL314,311430,2026-05-23,ECL314,16258095,311,300
23052026_ECL314,311430,2026-05-23,ECL314,16258474,311,300
30052026_ECL314,1112299,2026-05-30,ECL314,16289254,342,300
30052026_ECL314,1112299,2026-05-30,ECL314,16166458,799,897
30052026_ECL314,1112299,2026-05-30,ECL314,16165609,799,897
30052026_ECL314,1112299,2026-05-30,ECL314,16290012,311,300
31052026_ECL314,31128,2026-05-31,ECL314,16289837,342,300
31052026_ECL314,311809,2026-05-31,ECL314,16289837,342,300
31052026_ECL314,31128,2026-05-31,ECL314,16165879,799,897
31052026_ECL314,311809,2026-05-31,ECL314,16165879,799,897
31052026_ECL314,31128,2026-05-31,ECL314,16250474,799,897
31052026_ECL314,311809,2026-05-31,ECL314,16250474,799,897
01052026_ECL313,31510,2026-05-01,ECL313,16150937,799,897
01052026_ECL313,311712,2026-05-01,ECL313,16150937,799,897
01052026_ECL313,31510,2026-05-01,ECL313,16126042,799,897
01052026_ECL313,311712,2026-05-01,ECL313,16126042,799,897
01052026_ECL313,31510,2026-05-01,ECL313,16158780,799,897
01052026_ECL313,311712,2026-05-01,ECL313,16158780,799,897
01052026_ECL313,31510,2026-05-01,ECL313,16158927,311,620
01052026_ECL313,311712,2026-05-01,ECL313,16158927,311,620
01052026_ECL313,31510,2026-05-01,ECL313,16159702,799,897
01052026_ECL313,311712,2026-05-01,ECL313,16159702,799,897
01052026_ECL313,31510,2026-05-01,ECL313,16159754,799,897
01052026_ECL313,311712,2026-05-01,ECL313,16159754,799,897
02052026_ECL313,31416,2026-05-02,ECL313,16161696,799,897
02052026_ECL313,311079,2026-05-02,ECL313,16161696,799,897
02052026_ECL313,31416,2026-05-02,ECL313,16161759,311,620
02052026_ECL313,311079,2026-05-02,ECL313,16161759,311,620
02052026_ECL313,31416,2026-05-02,ECL313,16161894,311,620
02052026_ECL313,311079,2026-05-02,ECL313,16161894,311,620
02052026_ECL313,31416,2026-05-02,ECL313,16162062,343,620
02052026_ECL313,311079,2026-05-02,ECL313,16162062,343,620
03052026_ECL313,31213,2026-05-03,ECL313,16164309,799,897
03052026_ECL313,311191,2026-05-03,ECL313,16164309,799,897
03052026_ECL313,31213,2026-05-03,ECL313,16165256,311,20
03052026_ECL313,311191,2026-05-03,ECL313,16165256,311,20
03052026_ECL313,31213,2026-05-03,ECL313,16165614,799,897
03052026_ECL313,311191,2026-05-03,ECL313,16165614,799,897
17052026_ECL313,512043,2026-05-17,ECL313,16230641,331,440
17052026_ECL313,311913,2026-05-17,ECL313,16230641,331,440
17052026_ECL313,512043,2026-05-17,ECL313,16230363,301,10
17052026_ECL313,311913,2026-05-17,ECL313,16230363,301,10
17052026_ECL313,512043,2026-05-17,ECL313,16230925,331,440
17052026_ECL313,311913,2026-05-17,ECL313,16230925,331,440
17052026_ECL313,512043,2026-05-17,ECL313,16230797,331,440
17052026_ECL313,311913,2026-05-17,ECL313,16230797,331,440
17052026_ECL313,512043,2026-05-17,ECL313,16231551,311,300
17052026_ECL313,311913,2026-05-17,ECL313,16231551,311,300
23052026_ECL313,311333,2026-05-23,ECL313,16253521,799,897
23052026_ECL313,311876,2026-05-23,ECL313,16253521,799,897
23052026_ECL313,311333,2026-05-23,ECL313,16258032,311,620
23052026_ECL313,311876,2026-05-23,ECL313,16258032,311,620
23052026_ECL313,311333,2026-05-23,ECL313,16258514,311,620
23052026_ECL313,311876,2026-05-23,ECL313,16258514,311,620
23052026_ECL313,311333,2026-05-23,ECL313,16258974,311,620
23052026_ECL313,311876,2026-05-23,ECL313,16258974,311,620
30052026_ECL313,3144,2026-05-30,ECL313,16288699,341,440
30052026_ECL313,31275,2026-05-30,ECL313,16288699,341,440
30052026_ECL313,3144,2026-05-30,ECL313,16286760,799,897
30052026_ECL313,31275,2026-05-30,ECL313,16286760,799,897
30052026_ECL313,3144,2026-05-30,ECL313,16289743,343,620
30052026_ECL313,31275,2026-05-30,ECL313,16289743,343,620
30052026_ECL313,3144,2026-05-30,ECL313,16191909,799,897
30052026_ECL313,31275,2026-05-30,ECL313,16191909,799,897
31052026_ECL313,3147,2026-05-31,ECL313,16254550,799,897
31052026_ECL313,311913,2026-05-31,ECL313,16254550,799,897
31052026_ECL313,3147,2026-05-31,ECL313,16254031,799,897
31052026_ECL313,311913,2026-05-31,ECL313,16254031,799,897
31052026_ECL313,3147,2026-05-31,ECL313,16165886,799,897
31052026_ECL313,311913,2026-05-31,ECL313,16165886,799,897
31052026_ECL313,3147,2026-05-31,ECL313,16191901,799,897
31052026_ECL313,311913,2026-05-31,ECL313,16191901,799,897
31052026_ECL313,3147,2026-05-31,ECL313,16292876,341,440
31052026_ECL313,311913,2026-05-31,ECL313,16292876,341,440
21052026_ECL302,311702,2026-05-21,ECL302,16055809,799,897
21052026_ECL302,51615,2026-05-21,ECL302,16055809,799,897
21052026_ECL302,311702,2026-05-21,ECL302,16249018,343,440
21052026_ECL302,51615,2026-05-21,ECL302,16249018,343,440
21052026_ECL302,311702,2026-05-21,ECL302,16250120,341,490
21052026_ECL302,51615,2026-05-21,ECL302,16250120,341,490
27052026_ECL302,51647,2026-05-27,ECL302,16274824,342,300
27052026_ECL302,1112457,2026-05-27,ECL302,16274824,342,300
27052026_ECL302,51647,2026-05-27,ECL302,16275611,342,300
27052026_ECL302,1112457,2026-05-27,ECL302,16275611,342,300
27052026_ECL302,51647,2026-05-27,ECL302,16276096,312,300
27052026_ECL302,1112457,2026-05-27,ECL302,16276096,312,300
28052026_ECL302,51647,2026-05-28,ECL302,16280047,311,300
28052026_ECL302,1112457,2026-05-28,ECL302,16280047,311,300
28052026_ECL302,51647,2026-05-28,ECL302,16280447,312,300
28052026_ECL302,1112457,2026-05-28,ECL302,16280447,312,300
28052026_ECL302,51647,2026-05-28,ECL302,16280764,312,301
28052026_ECL302,1112457,2026-05-28,ECL302,16280764,312,301
08052026_ECL301,511109,2026-05-08,ECL301,16187426,341,300
08052026_ECL301,511171,2026-05-08,ECL301,16187426,341,300
18052026_ECL301,511109,2026-05-18,ECL301,16234363,341,490
18052026_ECL301,511171,2026-05-18,ECL301,16234363,341,490
22052026_ECL301,511109,2026-05-22,ECL301,16285291,341,490
22052026_ECL301,511171,2026-05-22,ECL301,16285291,341,490
27052026_ECL301,511109,2026-05-27,ECL301,16273690,341,300
27052026_ECL301,511171,2026-05-27,ECL301,16273690,341,300
27052026_ECL301,511109,2026-05-27,ECL301,16274542,341,490
27052026_ECL301,511171,2026-05-27,ECL301,16274542,341,490
27052026_ECL301,511109,2026-05-27,ECL301,16274952,341,490
27052026_ECL301,511171,2026-05-27,ECL301,16274952,341,490
27052026_ECL301,511109,2026-05-27,ECL301,16275040,341,490
27052026_ECL301,511171,2026-05-27,ECL301,16275040,341,490
28052026_ECL301,511109,2026-05-28,ECL301,16279783,341,490
28052026_ECL301,511171,2026-05-28,ECL301,16279783,341,490
28052026_ECL301,511109,2026-05-28,ECL301,16280194,341,490
28052026_ECL301,511171,2026-05-28,ECL301,16280194,341,490
28052026_ECL301,511109,2026-05-28,ECL301,16280350,341,620
28052026_ECL301,511171,2026-05-28,ECL301,16280350,341,620
30052026_ECL301,511109,2026-05-30,ECL301,16286664,799,899
30052026_ECL301,511171,2026-05-30,ECL301,16286664,799,899
30052026_ECL301,511109,2026-05-30,ECL301,16289424,341,490
30052026_ECL301,511171,2026-05-30,ECL301,16289424,341,490
30052026_ECL301,511109,2026-05-30,ECL301,16289869,341,490
30052026_ECL301,511171,2026-05-30,ECL301,16289869,341,490
30052026_ECL301,511109,2026-05-30,ECL301,16290127,341,490
30052026_ECL301,511171,2026-05-30,ECL301,16290127,341,490
31052026_ECL301,511109,2026-05-31,ECL301,16291728,341,490
31052026_ECL301,511171,2026-05-31,ECL301,16291728,341,490
31052026_ECL301,511109,2026-05-31,ECL301,16292603,341,620
31052026_ECL301,511171,2026-05-31,ECL301,16292603,341,620
31052026_ECL301,511109,2026-05-31,ECL301,16166353,799,899
31052026_ECL301,511171,2026-05-31,ECL301,16166353,799,899
07052026_ECL211,,2026-05-07,ECL211,16185588,301,440
07052026_ECL211,,2026-05-07,ECL211,16186452,799,897
08052026_ECL211,,2026-05-08,ECL211,16189382,201,321
26052026_ECL211,512101,2026-05-26,ECL211,16273673,301,440
05052026_ECL210,,2026-05-05,ECL210,16172805,799,897
09052026_ECL210,,2026-05-09,ECL210,16191842,301,490
09052026_ECL205,512181,2026-05-09,ECL205,16192104,311,490
09052026_ECL205,1112785,2026-05-09,ECL205,16192104,311,490
19052026_ECL203,1112545,2026-05-19,ECL203,16240870,311,300
19052026_ECL203,512181,2026-05-19,ECL203,16240870,311,300
22052026_ECL203,1112545,2026-05-22,ECL203,16285291,341,490
22052026_ECL203,512181,2026-05-22,ECL203,16285291,341,490
30052026_ECL203,1112545,2026-05-30,ECL203,16289622,201,920
30052026_ECL203,512181,2026-05-30,ECL203,16289622,201,920
05052026_ECL202,,2026-05-05,ECL202,16172522,201,325
05052026_ECL202,,2026-05-05,ECL202,16172868,341,490
05052026_ECL202,,2026-05-05,ECL202,16172925,311,490
01052026_ECL201,,2026-05-01,ECL201,16158537,799,897
01052026_ECL201,,2026-05-01,ECL201,16158776,799,897
01052026_ECL201,,2026-05-01,ECL201,16159766,799,897
02052026_ECL201,,2026-05-02,ECL201,16160143,799,897
02052026_ECL201,,2026-05-02,ECL201,16161983,341,440
02052026_ECL201,,2026-05-02,ECL201,16162356,129,880
05052026_ECL201,,2026-05-05,ECL201,16172634,312,343
05052026_ECL201,,2026-05-05,ECL201,16172804,311,490
05052026_ECL201,,2026-05-05,ECL201,16173487,104,440
06052026_ECL201,,2026-05-06,ECL201,16177057,341,301
06052026_ECL201,,2026-05-06,ECL201,16177835,129,880
06052026_ECL201,,2026-05-06,ECL201,16177301,342,300
07052026_ECL201,1112785,2026-05-07,ECL201,16182560,126,880
08052026_ECL201,512105,2026-05-08,ECL201,16187877,341,302
08052026_ECL201,512105,2026-05-08,ECL201,16188358,342,180
08052026_ECL201,512105,2026-05-08,ECL201,16188489,381,343
09052026_ECL201,512105,2026-05-09,ECL201,16191734,311,620
09052026_ECL201,512105,2026-05-09,ECL201,16191903,799,897
09052026_ECL201,512105,2026-05-09,ECL201,16192428,311,620
12052026_ECL201,512105,2026-05-12,ECL201,16204895,129,880
12052026_ECL201,512105,2026-05-12,ECL201,16205112,311,620
12052026_ECL201,512105,2026-05-12,ECL201,16205073,343,620
13052026_ECL201,512105,2026-05-13,ECL201,16210843,129,880
13052026_ECL201,512105,2026-05-13,ECL201,16211438,311,620
13052026_ECL201,512105,2026-05-13,ECL201,16211633,311,620
14052026_ECL201,512105,2026-05-14,ECL201,16214533,201,490
15052026_ECL201,512105,2026-05-15,ECL201,16222107,201,490
16052026_ECL201,512105,2026-05-16,ECL201,16227074,799,897
16052026_ECL201,512105,2026-05-16,ECL201,16227434,341,301
16052026_ECL201,512105,2026-05-16,ECL201,16227554,311,620
17052026_ECL201,1112407,2026-05-17,ECL201,16225786,799,897
17052026_ECL201,311319,2026-05-17,ECL201,16225786,799,897
17052026_ECL201,1112407,2026-05-17,ECL201,16230990,129,880
17052026_ECL201,311319,2026-05-17,ECL201,16230990,129,880
17052026_ECL201,1112407,2026-05-17,ECL201,16231334,311,180
17052026_ECL201,311319,2026-05-17,ECL201,16231334,311,180
02052026_ECL200,,2026-05-02,ECL200,16161909,129,880
02052026_ECL200,,2026-05-02,ECL200,16162431,311,440
02052026_ECL200,,2026-05-02,ECL200,16162684,311,620
03052026_ECL200,31415,2026-05-03,ECL200,16164193,799,897
03052026_ECL200,31415,2026-05-03,ECL200,16164972,311,620
03052026_ECL200,31415,2026-05-03,ECL200,16165455,311,620
30052026_ECL200,512141,2026-05-30,ECL200,16289622,201,920
30052026_ECL200,512160,2026-05-30,ECL200,16289622,201,920
09052026_ECL178,1112360,2026-05-09,ECL178,16193877,311,440
09052026_ECL178,512200,2026-05-09,ECL178,16193877,311,440
09052026_ECL178,1112360,2026-05-09,ECL178,16194071,341,300
09052026_ECL178,512200,2026-05-09,ECL178,16194071,341,300
09052026_ECL178,1112360,2026-05-09,ECL178,16194645,799,897
09052026_ECL178,512200,2026-05-09,ECL178,16194645,799,897
09052026_ECL178,1112360,2026-05-09,ECL178,16194953,799,897
09052026_ECL178,512200,2026-05-09,ECL178,16194953,799,897
10052026_ECL178,1112360,2026-05-10,ECL178,16198627,331,148
10052026_ECL178,1112360,2026-05-10,ECL178,16197854,311,490
10052026_ECL178,1112360,2026-05-10,ECL178,16198465,201,490
15052026_ECL178,1112360,2026-05-15,ECL178,16225547,341,440
15052026_ECL178,1112666,2026-05-15,ECL178,16225547,341,440
15052026_ECL178,1112360,2026-05-15,ECL178,16226226,311,490
15052026_ECL178,1112666,2026-05-15,ECL178,16226226,311,490
15052026_ECL178,1112360,2026-05-15,ECL178,16226119,311,490
15052026_ECL178,1112666,2026-05-15,ECL178,16226119,311,490
15052026_ECL178,1112360,2026-05-15,ECL178,16226609,341,300
15052026_ECL178,1112666,2026-05-15,ECL178,16226609,341,300
15052026_ECL178,1112360,2026-05-15,ECL178,16226291,311,490
15052026_ECL178,1112666,2026-05-15,ECL178,16226291,311,490
26052026_ECL178,512084,2026-05-26,ECL178,16271887,201,490
26052026_ECL178,1112360,2026-05-26,ECL178,16271887,201,490
26052026_ECL178,512084,2026-05-26,ECL178,16273775,311,490
26052026_ECL178,1112360,2026-05-26,ECL178,16273775,311,490
26052026_ECL178,512084,2026-05-26,ECL178,16274187,301,440
26052026_ECL178,1112360,2026-05-26,ECL178,16274187,301,440
29052026_ECL178,512084,2026-05-29,ECL178,16289049,799,897
29052026_ECL178,512179,2026-05-29,ECL178,16289049,799,897
29052026_ECL178,1112360,2026-05-29,ECL178,16289049,799,897
05052026_ECL177,1112673,2026-05-05,ECL177,16176380,301,300
05052026_ECL177,1112379,2026-05-05,ECL177,16176380,301,300
05052026_ECL177,1112844,2026-05-05,ECL177,16176380,301,300
05052026_ECL177,1112673,2026-05-05,ECL177,16176039,312,343
05052026_ECL177,1112379,2026-05-05,ECL177,16176039,312,343
05052026_ECL177,1112844,2026-05-05,ECL177,16176039,312,343
05052026_ECL177,1112673,2026-05-05,ECL177,16176329,129,880
05052026_ECL177,1112379,2026-05-05,ECL177,16176329,129,880
05052026_ECL177,1112844,2026-05-05,ECL177,16176329,129,880
05052026_ECL177,1112673,2026-05-05,ECL177,16176270,129,880
05052026_ECL177,1112379,2026-05-05,ECL177,16176270,129,880
05052026_ECL177,1112844,2026-05-05,ECL177,16176270,129,880
05052026_ECL177,1112673,2026-05-05,ECL177,16176618,301,490
05052026_ECL177,1112379,2026-05-05,ECL177,16176618,301,490
05052026_ECL177,1112844,2026-05-05,ECL177,16176618,301,490
08052026_ECL177,311750,2026-05-08,ECL177,16189733,301,20
08052026_ECL177,1112673,2026-05-08,ECL177,16189733,301,20
09052026_ECL177,1112673,2026-05-09,ECL177,16194108,311,620
09052026_ECL177,311750,2026-05-09,ECL177,16194108,311,620
09052026_ECL177,1112673,2026-05-09,ECL177,16194174,311,490
09052026_ECL177,311750,2026-05-09,ECL177,16194174,311,490
09052026_ECL177,1112673,2026-05-09,ECL177,16194584,311,440
09052026_ECL177,311750,2026-05-09,ECL177,16194584,311,440
10052026_ECL177,1112673,2026-05-10,ECL177,16198003,311,490
10052026_ECL177,311750,2026-05-10,ECL177,16198003,311,490
10052026_ECL177,1112673,2026-05-10,ECL177,16198571,311,490
10052026_ECL177,311750,2026-05-10,ECL177,16198571,311,490
10052026_ECL177,1112673,2026-05-10,ECL177,16198837,342,343
10052026_ECL177,311750,2026-05-10,ECL177,16198837,342,343
10052026_ECL177,1112673,2026-05-10,ECL177,16197860,311,490
10052026_ECL177,311750,2026-05-10,ECL177,16197860,311,490
13052026_ECL177,1112673,2026-05-13,ECL177,16211958,799,897
13052026_ECL177,311750,2026-05-13,ECL177,16211958,799,897
13052026_ECL177,1112673,2026-05-13,ECL177,16214737,311,490
13052026_ECL177,311750,2026-05-13,ECL177,16214737,311,490
13052026_ECL177,1112673,2026-05-13,ECL177,16214533,201,490
13052026_ECL177,311750,2026-05-13,ECL177,16214533,201,490
14052026_ECL177,1112673,2026-05-14,ECL177,16220491,311,490
14052026_ECL177,311750,2026-05-14,ECL177,16220491,311,490
14052026_ECL177,1112673,2026-05-14,ECL177,16220349,311,490
14052026_ECL177,311750,2026-05-14,ECL177,16220349,311,490
14052026_ECL177,1112673,2026-05-14,ECL177,16221179,312,180
14052026_ECL177,311750,2026-05-14,ECL177,16221179,312,180
14052026_ECL177,1112673,2026-05-14,ECL177,16221657,799,897
14052026_ECL177,311750,2026-05-14,ECL177,16221657,799,897
15052026_ECL177,1112673,2026-05-15,ECL177,16225510,341,300
15052026_ECL177,311750,2026-05-15,ECL177,16225510,341,300
15052026_ECL177,1112673,2026-05-15,ECL177,16225602,311,490
15052026_ECL177,311750,2026-05-15,ECL177,16225602,311,490
15052026_ECL177,1112673,2026-05-15,ECL177,16226056,311,490
15052026_ECL177,311750,2026-05-15,ECL177,16226056,311,490
15052026_ECL177,1112673,2026-05-15,ECL177,16225411,342,343
15052026_ECL177,311750,2026-05-15,ECL177,16225411,342,343
18052026_ECL177,1112673,2026-05-18,ECL177,16238482,311,490
18052026_ECL177,311750,2026-05-18,ECL177,16238482,311,490
18052026_ECL177,1112673,2026-05-18,ECL177,16237726,311,490
18052026_ECL177,311750,2026-05-18,ECL177,16237726,311,490
18052026_ECL177,1112673,2026-05-18,ECL177,16239078,311,490
18052026_ECL177,311750,2026-05-18,ECL177,16239078,311,490
19052026_ECL177,1112673,2026-05-19,ECL177,16243273,301,180
19052026_ECL177,311750,2026-05-19,ECL177,16243273,301,180
19052026_ECL177,1112673,2026-05-19,ECL177,16243442,311,490
19052026_ECL177,311750,2026-05-19,ECL177,16243442,311,490
20052026_ECL177,1112673,2026-05-20,ECL177,16247715,301,490
20052026_ECL177,311750,2026-05-20,ECL177,16247715,301,490
21052026_ECL177,1112360,2026-05-21,ECL177,16252005,311,300
21052026_ECL177,512084,2026-05-21,ECL177,16252005,311,300
31052026_ECL175,1112343,2026-05-31,ECL175,16294273,311,440
31052026_ECL175,1112666,2026-05-31,ECL175,16294273,311,440
31052026_ECL175,512084,2026-05-31,ECL175,16294273,311,440
31052026_ECL175,1112343,2026-05-31,ECL175,16294240,341,620
31052026_ECL175,1112666,2026-05-31,ECL175,16294240,341,620
31052026_ECL175,512084,2026-05-31,ECL175,16294240,341,620
31052026_ECL175,1112343,2026-05-31,ECL175,16294598,311,440
31052026_ECL175,1112666,2026-05-31,ECL175,16294598,311,440
31052026_ECL175,512084,2026-05-31,ECL175,16294598,311,440
31052026_ECL175,1112343,2026-05-31,ECL175,16294631,311,460
31052026_ECL175,1112666,2026-05-31,ECL175,16294631,311,460
31052026_ECL175,512084,2026-05-31,ECL175,16294631,311,460
12052026_ECL174,511137,2026-05-12,ECL174,16208815,341,300
12052026_ECL174,1112344,2026-05-12,ECL174,16208815,341,300
25052026_ECL174,511137,2026-05-25,ECL174,16268526,341,620
25052026_ECL174,1112344,2026-05-25,ECL174,16268526,341,620
25052026_ECL174,511137,2026-05-25,ECL174,16265949,343,620
25052026_ECL174,1112344,2026-05-25,ECL174,16265949,343,620
25052026_ECL174,511137,2026-05-25,ECL174,16269096,311,620
25052026_ECL174,1112344,2026-05-25,ECL174,16269096,311,620
26052026_ECL174,511137,2026-05-26,ECL174,16273739,341,620
26052026_ECL174,1112344,2026-05-26,ECL174,16273739,341,620
26052026_ECL174,511137,2026-05-26,ECL174,16273087,341,620
26052026_ECL174,1112344,2026-05-26,ECL174,16273087,341,620
26052026_ECL174,511137,2026-05-26,ECL174,16273119,343,300
26052026_ECL174,1112344,2026-05-26,ECL174,16273119,343,300
27052026_ECL174,511137,2026-05-27,ECL174,16278285,342,302
27052026_ECL174,512133,2026-05-27,ECL174,16278285,342,302
27052026_ECL174,1112344,2026-05-27,ECL174,16278285,342,302
27052026_ECL174,511137,2026-05-27,ECL174,16278982,311,620
27052026_ECL174,512133,2026-05-27,ECL174,16278982,311,620
27052026_ECL174,1112344,2026-05-27,ECL174,16278982,311,620
27052026_ECL174,511137,2026-05-27,ECL174,16278472,341,620
27052026_ECL174,512133,2026-05-27,ECL174,16278472,341,620
27052026_ECL174,1112344,2026-05-27,ECL174,16278472,341,620
27052026_ECL174,511137,2026-05-27,ECL174,16278508,341,620
27052026_ECL174,512133,2026-05-27,ECL174,16278508,341,620
27052026_ECL174,1112344,2026-05-27,ECL174,16278508,341,620
27052026_ECL174,511137,2026-05-27,ECL174,16278889,341,620
27052026_ECL174,512133,2026-05-27,ECL174,16278889,341,620
27052026_ECL174,1112344,2026-05-27,ECL174,16278889,341,620
28052026_ECL174,1112344,2026-05-28,ECL174,16282760,311,490
28052026_ECL174,1112344,2026-05-28,ECL174,16282679,311,620
28052026_ECL174,1112344,2026-05-28,ECL174,16282756,311,440
28052026_ECL174,1112344,2026-05-28,ECL174,16284429,311,440
30052026_ECL174,1112344,2026-05-30,ECL174,16291524,311,300
30052026_ECL174,512175,2026-05-30,ECL174,16291524,311,300
30052026_ECL174,1112344,2026-05-30,ECL174,16291409,341,620
30052026_ECL174,512175,2026-05-30,ECL174,16291409,341,620
30052026_ECL174,1112344,2026-05-30,ECL174,16291464,311,620
30052026_ECL174,512175,2026-05-30,ECL174,16291464,311,620
30052026_ECL174,1112344,2026-05-30,ECL174,16291313,341,620
30052026_ECL174,512175,2026-05-30,ECL174,16291313,341,620
30052026_ECL174,1112344,2026-05-30,ECL174,16291966,341,620
30052026_ECL174,512175,2026-05-30,ECL174,16291966,341,620
29052026_ECL169,1112520,2026-05-29,ECL169,16286360,343,440
29052026_ECL169,512092,2026-05-29,ECL169,16286360,343,440
29052026_ECL169,1112520,2026-05-29,ECL169,16287058,341,460
29052026_ECL169,512092,2026-05-29,ECL169,16287058,341,460
29052026_ECL169,1112520,2026-05-29,ECL169,16287306,343,180
29052026_ECL169,512092,2026-05-29,ECL169,16287306,343,180
12052026_ECL167,1112819,2026-05-12,ECL167,16207581,311,311
12052026_ECL167,51600,2026-05-12,ECL167,16207581,311,311
12052026_ECL167,1112819,2026-05-12,ECL167,16207942,341,300
12052026_ECL167,51600,2026-05-12,ECL167,16207942,341,300
12052026_ECL167,1112819,2026-05-12,ECL167,16208505,311,300
12052026_ECL167,51600,2026-05-12,ECL167,16208505,311,300
16052026_ECL167,1112819,2026-05-16,ECL167,16228001,312,346
16052026_ECL167,51600,2026-05-16,ECL167,16228001,312,346
16052026_ECL167,1112819,2026-05-16,ECL167,16228554,343,440
16052026_ECL167,51600,2026-05-16,ECL167,16228554,343,440
16052026_ECL167,1112819,2026-05-16,ECL167,16228883,301,300
16052026_ECL167,51600,2026-05-16,ECL167,16228883,301,300
16052026_ECL167,1112819,2026-05-16,ECL167,16228812,343,440
16052026_ECL167,51600,2026-05-16,ECL167,16228812,343,440
22052026_ECL167,1112819,2026-05-22,ECL167,16255426,311,300
22052026_ECL167,51600,2026-05-22,ECL167,16255426,311,300
22052026_ECL167,1112819,2026-05-22,ECL167,16256809,312,325
22052026_ECL167,51600,2026-05-22,ECL167,16256809,312,325
27052026_ECL167,1112819,2026-05-27,ECL167,16277750,343,440
27052026_ECL167,51600,2026-05-27,ECL167,16277750,343,440
28052026_ECL167,1112819,2026-05-28,ECL167,16281383,331,300
28052026_ECL167,51600,2026-05-28,ECL167,16281383,331,300
28052026_ECL167,1112819,2026-05-28,ECL167,16282927,343,440
28052026_ECL167,51600,2026-05-28,ECL167,16282927,343,440
14052026_ECL159,,2026-05-14,ECL159,16219525,341,440
14052026_ECL159,,2026-05-14,ECL159,16219755,341,490
10052026_ECL158,51627,2026-05-10,ECL158,16196879,301,440
10052026_ECL158,51409,2026-05-10,ECL158,16196879,301,440
10052026_ECL158,51627,2026-05-10,ECL158,16197410,343,490
10052026_ECL158,51409,2026-05-10,ECL158,16197410,343,490
15052026_ECL158,51620,2026-05-15,ECL158,16224416,311,440
15052026_ECL158,511090,2026-05-15,ECL158,16224416,311,440
18052026_ECL158,31935,2026-05-18,ECL158,16235603,343,440
18052026_ECL158,1112650,2026-05-18,ECL158,16235603,343,440
18052026_ECL158,31935,2026-05-18,ECL158,16235678,343,490
18052026_ECL158,1112650,2026-05-18,ECL158,16235678,343,490
18052026_ECL158,31935,2026-05-18,ECL158,16237516,311,311
18052026_ECL158,1112650,2026-05-18,ECL158,16237516,311,311
18052026_ECL158,31935,2026-05-18,ECL158,16237505,341,490
18052026_ECL158,1112650,2026-05-18,ECL158,16237505,341,490
19052026_ECL158,31935,2026-05-19,ECL158,16241238,341,490
19052026_ECL158,1112650,2026-05-19,ECL158,16241238,341,490
19052026_ECL158,31935,2026-05-19,ECL158,16240773,311,490
19052026_ECL158,1112650,2026-05-19,ECL158,16240773,311,490
19052026_ECL158,31935,2026-05-19,ECL158,16242209,341,620
19052026_ECL158,1112650,2026-05-19,ECL158,16242209,341,620
19052026_ECL158,31935,2026-05-19,ECL158,16242150,311,440
19052026_ECL158,1112650,2026-05-19,ECL158,16242150,311,440
23052026_ECL158,1112650,2026-05-23,ECL158,16251324,799,897
23052026_ECL158,31935,2026-05-23,ECL158,16251324,799,897
23052026_ECL158,1112650,2026-05-23,ECL158,16259818,201,180
23052026_ECL158,31935,2026-05-23,ECL158,16259818,201,180
23052026_ECL158,1112650,2026-05-23,ECL158,16260276,201,10
23052026_ECL158,31935,2026-05-23,ECL158,16260276,201,10
24052026_ECL158,31935,2026-05-24,ECL158,16262817,311,490
24052026_ECL158,1112650,2026-05-24,ECL158,16262817,311,490
24052026_ECL158,31935,2026-05-24,ECL158,16263365,311,490
24052026_ECL158,1112650,2026-05-24,ECL158,16263365,311,490
24052026_ECL158,31935,2026-05-24,ECL158,16263280,341,620
24052026_ECL158,1112650,2026-05-24,ECL158,16263280,341,620
10052026_ECL157,1112801,2026-05-10,ECL157,16277917,201,180
10052026_ECL157,51593,2026-05-10,ECL157,16277917,201,180
31052026_ECL157,1112801,2026-05-31,ECL157,16293816,301,180
31052026_ECL157,51593,2026-05-31,ECL157,16293816,301,180
17052026_ECL155,51624,2026-05-17,ECL155,16232006,311,490
17052026_ECL155,51590,2026-05-17,ECL155,16232006,311,490
17052026_ECL155,51624,2026-05-17,ECL155,16232125,341,440
17052026_ECL155,51590,2026-05-17,ECL155,16232125,341,440
10052026_ECL154,1112439,2026-05-10,ECL154,16277917,201,180
10052026_ECL154,511086,2026-05-10,ECL154,16277917,201,180
10052026_ECL154,51632,2026-05-10,ECL154,16277917,201,180
23052026_ECL154,311892,2026-05-23,ECL154,16251290,799,897
23052026_ECL154,1112439,2026-05-23,ECL154,16251290,799,897
01052026_ECL152,1112524,2026-05-01,ECL152,16158925,799,897
01052026_ECL152,512117,2026-05-01,ECL152,16158925,799,897
01052026_ECL152,1112524,2026-05-01,ECL152,16159764,799,897
01052026_ECL152,512117,2026-05-01,ECL152,16159764,799,897
01052026_ECL152,1112524,2026-05-01,ECL152,16126358,799,897
01052026_ECL152,512117,2026-05-01,ECL152,16126358,799,897
04052026_ECL152,51620,2026-05-04,ECL152,16169136,301,440
04052026_ECL152,311926,2026-05-04,ECL152,16169136,301,440
04052026_ECL152,511090,2026-05-04,ECL152,16169136,301,440
04052026_ECL152,51620,2026-05-04,ECL152,16170341,311,300
04052026_ECL152,311926,2026-05-04,ECL152,16170341,311,300
04052026_ECL152,511090,2026-05-04,ECL152,16170341,311,300
05052026_ECL152,51620,2026-05-05,ECL152,16172755,311,440
05052026_ECL152,511090,2026-05-05,ECL152,16172755,311,440
05052026_ECL152,51620,2026-05-05,ECL152,16173870,799,897
05052026_ECL152,511090,2026-05-05,ECL152,16173870,799,897
05052026_ECL152,51620,2026-05-05,ECL152,16175024,311,490
05052026_ECL152,511090,2026-05-05,ECL152,16175024,311,490
05052026_ECL152,51620,2026-05-05,ECL152,16175057,311,440
05052026_ECL152,511090,2026-05-05,ECL152,16175057,311,440
06052026_ECL152,1112524,2026-05-06,ECL152,16178754,341,440
06052026_ECL152,512117,2026-05-06,ECL152,16178754,341,440
06052026_ECL152,1112524,2026-05-06,ECL152,16178527,311,300
06052026_ECL152,512117,2026-05-06,ECL152,16178527,311,300
06052026_ECL152,1112524,2026-05-06,ECL152,16179755,311,300
06052026_ECL152,512117,2026-05-06,ECL152,16179755,311,300
07052026_ECL152,1112524,2026-05-07,ECL152,16183678,201,490
07052026_ECL152,512117,2026-05-07,ECL152,16183678,201,490
07052026_ECL152,1112524,2026-05-07,ECL152,16183195,311,300
07052026_ECL152,512117,2026-05-07,ECL152,16183195,311,300
07052026_ECL152,1112524,2026-05-07,ECL152,16183742,311,440
07052026_ECL152,512117,2026-05-07,ECL152,16183742,311,440
07052026_ECL152,1112524,2026-05-07,ECL152,16183484,311,300
07052026_ECL152,512117,2026-05-07,ECL152,16183484,311,300
09052026_ECL152,511093,2026-05-09,ECL152,16192952,342,300
09052026_ECL152,311612,2026-05-09,ECL152,16192952,342,300
09052026_ECL152,511093,2026-05-09,ECL152,16193171,341,620
09052026_ECL152,311612,2026-05-09,ECL152,16193171,341,620
10052026_ECL152,511093,2026-05-10,ECL152,16196626,201,10
10052026_ECL152,1112355,2026-05-10,ECL152,16196626,201,10
10052026_ECL152,311612,2026-05-10,ECL152,16196626,201,10
10052026_ECL152,511093,2026-05-10,ECL152,16197667,342,300
10052026_ECL152,1112355,2026-05-10,ECL152,16197667,342,300
10052026_ECL152,311612,2026-05-10,ECL152,16197667,342,300
11052026_ECL152,1112524,2026-05-11,ECL152,16199994,129,880
11052026_ECL152,512117,2026-05-11,ECL152,16199994,129,880
11052026_ECL152,1112524,2026-05-11,ECL152,16201748,311,440
11052026_ECL152,512117,2026-05-11,ECL152,16201748,311,440
11052026_ECL152,1112524,2026-05-11,ECL152,16202966,301,180
11052026_ECL152,512117,2026-05-11,ECL152,16202966,301,180
12052026_ECL152,1112524,2026-05-12,ECL152,16206689,311,300
12052026_ECL152,512117,2026-05-12,ECL152,16206689,311,300
12052026_ECL152,1112524,2026-05-12,ECL152,16206723,341,300
12052026_ECL152,512117,2026-05-12,ECL152,16206723,341,300
12052026_ECL152,1112524,2026-05-12,ECL152,16206620,341,440
12052026_ECL152,512117,2026-05-12,ECL152,16206620,341,440
12052026_ECL152,1112524,2026-05-12,ECL152,16205601,311,300
12052026_ECL152,512117,2026-05-12,ECL152,16205601,311,300
16052026_ECL152,1112524,2026-05-16,ECL152,16227793,342,343
16052026_ECL152,1112310,2026-05-16,ECL152,16227793,342,343
16052026_ECL152,311619,2026-05-16,ECL152,16227793,342,343
16052026_ECL152,1112524,2026-05-16,ECL152,16228032,311,490
16052026_ECL152,1112310,2026-05-16,ECL152,16228032,311,490
16052026_ECL152,311619,2026-05-16,ECL152,16228032,311,490
16052026_ECL152,1112524,2026-05-16,ECL152,16227803,343,440
16052026_ECL152,1112310,2026-05-16,ECL152,16227803,343,440
16052026_ECL152,311619,2026-05-16,ECL152,16227803,343,440
16052026_ECL152,1112524,2026-05-16,ECL152,16228423,311,490
16052026_ECL152,1112310,2026-05-16,ECL152,16228423,311,490
16052026_ECL152,311619,2026-05-16,ECL152,16228423,311,490
17052026_ECL152,1112524,2026-05-17,ECL152,16230609,341,440
17052026_ECL152,512117,2026-05-17,ECL152,16230609,341,440
17052026_ECL152,311903,2026-05-17,ECL152,16230609,341,440
17052026_ECL152,311619,2026-05-17,ECL152,16230609,341,440
17052026_ECL152,1112524,2026-05-17,ECL152,16231935,301,300
17052026_ECL152,512117,2026-05-17,ECL152,16231935,301,300
17052026_ECL152,311903,2026-05-17,ECL152,16231935,301,300
17052026_ECL152,311619,2026-05-17,ECL152,16231935,301,300
17052026_ECL152,1112524,2026-05-17,ECL152,16232035,341,300
17052026_ECL152,512117,2026-05-17,ECL152,16232035,341,300
17052026_ECL152,311903,2026-05-17,ECL152,16232035,341,300
17052026_ECL152,311619,2026-05-17,ECL152,16232035,341,300
17052026_ECL152,1112524,2026-05-17,ECL152,16232079,341,300
17052026_ECL152,512117,2026-05-17,ECL152,16232079,341,300
17052026_ECL152,311903,2026-05-17,ECL152,16232079,341,300
17052026_ECL152,311619,2026-05-17,ECL152,16232079,341,300
17052026_ECL152,1112524,2026-05-17,ECL152,16232463,311,440
17052026_ECL152,512117,2026-05-17,ECL152,16232463,311,440
17052026_ECL152,311903,2026-05-17,ECL152,16232463,311,440
17052026_ECL152,311619,2026-05-17,ECL152,16232463,311,440
23052026_ECL150,512076,2026-05-23,ECL150,16259445,341,620
23052026_ECL150,512132,2026-05-23,ECL150,16259445,341,620
02052026_ECL146,511091,2026-05-02,ECL146,16163436,311,311
02052026_ECL146,311513,2026-05-02,ECL146,16163436,311,311
19052026_ECL146,511091,2026-05-19,ECL146,16240602,341,620
19052026_ECL146,311513,2026-05-19,ECL146,16240602,341,620
19052026_ECL146,511091,2026-05-19,ECL146,16241562,311,490
19052026_ECL146,311513,2026-05-19,ECL146,16241562,311,490
20052026_ECL146,311513,2026-05-20,ECL146,16244422,312,300
20052026_ECL146,311513,2026-05-20,ECL146,16246317,311,490
20052026_ECL146,311513,2026-05-20,ECL146,16247014,381,343
20052026_ECL146,311513,2026-05-20,ECL146,16246930,311,440
21052026_ECL146,511051,2026-05-21,ECL146,16250980,311,300
21052026_ECL146,512003,2026-05-21,ECL146,16250980,311,300
24052026_ECL146,511091,2026-05-24,ECL146,16263118,343,620
24052026_ECL146,311513,2026-05-24,ECL146,16263118,343,620
25052026_ECL146,311513,2026-05-25,ECL146,16265817,311,300
25052026_ECL146,311513,2026-05-25,ECL146,16266649,341,440
25052026_ECL146,311513,2026-05-25,ECL146,16267509,201,490
26052026_ECL146,511091,2026-05-26,ECL146,16270535,301,490
26052026_ECL146,311513,2026-05-26,ECL146,16270535,301,490
29052026_ECL146,511091,2026-05-29,ECL146,16286640,201,300
29052026_ECL146,311513,2026-05-29,ECL146,16286640,201,300
30052026_ECL146,511091,2026-05-30,ECL146,16290095,341,620
30052026_ECL146,311513,2026-05-30,ECL146,16290095,341,620
30052026_ECL146,511091,2026-05-30,ECL146,16290504,381,343
30052026_ECL146,311513,2026-05-30,ECL146,16290504,381,343
30052026_ECL146,511091,2026-05-30,ECL146,16290996,201,300
30052026_ECL146,311513,2026-05-30,ECL146,16290996,201,300
31052026_ECL146,511091,2026-05-31,ECL146,16166216,799,897
31052026_ECL146,511091,2026-05-31,ECL146,16293443,311,490
31052026_ECL146,511091,2026-05-31,ECL146,16293824,129,880
20052026_ECL145,51590,2026-05-20,ECL145,16246823,311,440
20052026_ECL145,51624,2026-05-20,ECL145,16246823,311,440
20052026_ECL145,51590,2026-05-20,ECL145,16246706,341,440
20052026_ECL145,51624,2026-05-20,ECL145,16246706,341,440
21052026_ECL145,51624,2026-05-21,ECL145,16250595,311,490
21052026_ECL145,51590,2026-05-21,ECL145,16250595,311,490
21052026_ECL145,51624,2026-05-21,ECL145,16252000,201,490
21052026_ECL145,51590,2026-05-21,ECL145,16252000,201,490
22052026_ECL145,51590,2026-05-22,ECL145,16253181,311,180
22052026_ECL145,51624,2026-05-22,ECL145,16253181,311,180
22052026_ECL145,51590,2026-05-22,ECL145,16255597,341,171
22052026_ECL145,51624,2026-05-22,ECL145,16255597,341,171
22052026_ECL145,51590,2026-05-22,ECL145,16256792,311,440
22052026_ECL145,51624,2026-05-22,ECL145,16256792,311,440
26052026_ECL145,51624,2026-05-26,ECL145,16271652,341,440
26052026_ECL145,51590,2026-05-26,ECL145,16271652,341,440
26052026_ECL145,51624,2026-05-26,ECL145,16271205,342,343
26052026_ECL145,51590,2026-05-26,ECL145,16271205,342,343
26052026_ECL145,51624,2026-05-26,ECL145,16273120,311,440
26052026_ECL145,51590,2026-05-26,ECL145,16273120,311,440
27052026_ECL145,51590,2026-05-27,ECL145,16276214,311,440
27052026_ECL145,51624,2026-05-27,ECL145,16276214,311,440
27052026_ECL145,51590,2026-05-27,ECL145,16276589,311,620
27052026_ECL145,51624,2026-05-27,ECL145,16276589,311,620
27052026_ECL145,51590,2026-05-27,ECL145,16277480,311,440
27052026_ECL145,51624,2026-05-27,ECL145,16277480,311,440
28052026_ECL145,51590,2026-05-28,ECL145,16281555,129,880
28052026_ECL145,51624,2026-05-28,ECL145,16281555,129,880
28052026_ECL145,51590,2026-05-28,ECL145,16282236,311,440
28052026_ECL145,51624,2026-05-28,ECL145,16282236,311,440
28052026_ECL145,51590,2026-05-28,ECL145,16282733,311,490
28052026_ECL145,51624,2026-05-28,ECL145,16282733,311,490
30052026_ECL145,51624,2026-05-30,ECL145,16290692,123,147
30052026_ECL145,51590,2026-05-30,ECL145,16290692,123,147
30052026_ECL145,51624,2026-05-30,ECL145,16290839,342,343
30052026_ECL145,51590,2026-05-30,ECL145,16290839,342,343
30052026_ECL145,51624,2026-05-30,ECL145,16290516,342,343
30052026_ECL145,51590,2026-05-30,ECL145,16290516,342,343
01052026_ECL143,,2026-05-01,ECL143,16159298,341,443
01052026_ECL143,,2026-05-01,ECL143,16135926,799,897
01052026_ECL143,,2026-05-01,ECL143,16115460,799,897
20052026_ECL143,51620,2026-05-20,ECL143,16245346,341,300
20052026_ECL143,511090,2026-05-20,ECL143,16245346,341,300
20052026_ECL143,51620,2026-05-20,ECL143,16246820,343,440
20052026_ECL143,511090,2026-05-20,ECL143,16246820,343,440
20052026_ECL143,51620,2026-05-20,ECL143,16247177,341,300
20052026_ECL143,511090,2026-05-20,ECL143,16247177,341,300
21052026_ECL143,51620,2026-05-21,ECL143,16249018,343,440
21052026_ECL143,51623,2026-05-21,ECL143,16249018,343,440
21052026_ECL143,51620,2026-05-21,ECL143,16250767,311,440
21052026_ECL143,51623,2026-05-21,ECL143,16250767,311,440
21052026_ECL143,51620,2026-05-21,ECL143,16250901,311,440
21052026_ECL143,51623,2026-05-21,ECL143,16250901,311,440
22052026_ECL143,51620,2026-05-22,ECL143,16254212,127,880
22052026_ECL143,511090,2026-05-22,ECL143,16254212,127,880
22052026_ECL143,51620,2026-05-22,ECL143,16254379,301,440
22052026_ECL143,511090,2026-05-22,ECL143,16254379,301,440
22052026_ECL143,51620,2026-05-22,ECL143,16255859,341,300
22052026_ECL143,511090,2026-05-22,ECL143,16255859,341,300
25052026_ECL143,51620,2026-05-25,ECL143,16265889,311,300
25052026_ECL143,511090,2026-05-25,ECL143,16265889,311,300
25052026_ECL143,51620,2026-05-25,ECL143,16266805,343,300
25052026_ECL143,511090,2026-05-25,ECL143,16266805,343,300
26052026_ECL143,51620,2026-05-26,ECL143,16270966,343,440
26052026_ECL143,511090,2026-05-26,ECL143,16270966,343,440
26052026_ECL143,51620,2026-05-26,ECL143,16270763,343,440
26052026_ECL143,511090,2026-05-26,ECL143,16270763,343,440
26052026_ECL143,51620,2026-05-26,ECL143,16272593,311,300
26052026_ECL143,511090,2026-05-26,ECL143,16272593,311,300
27052026_ECL143,51620,2026-05-27,ECL143,16275832,311,300
27052026_ECL143,511090,2026-05-27,ECL143,16275832,311,300
27052026_ECL143,51620,2026-05-27,ECL143,16276567,343,440
27052026_ECL143,511090,2026-05-27,ECL143,16276567,343,440
27052026_ECL143,51620,2026-05-27,ECL143,16278283,201,325
27052026_ECL143,511090,2026-05-27,ECL143,16278283,201,325
28052026_ECL143,51620,2026-05-28,ECL143,16281145,311,300
28052026_ECL143,511090,2026-05-28,ECL143,16281145,311,300
30052026_ECL143,51620,2026-05-30,ECL143,16290180,343,440
30052026_ECL143,51623,2026-05-30,ECL143,16290180,343,440
30052026_ECL143,511090,2026-05-30,ECL143,16290180,343,440
30052026_ECL143,51620,2026-05-30,ECL143,16290429,311,300
30052026_ECL143,51623,2026-05-30,ECL143,16290429,311,300
30052026_ECL143,511090,2026-05-30,ECL143,16290429,311,300
30052026_ECL143,51620,2026-05-30,ECL143,16290965,311,440
30052026_ECL143,51623,2026-05-30,ECL143,16290965,311,440
30052026_ECL143,511090,2026-05-30,ECL143,16290965,311,440
31052026_ECL143,51620,2026-05-31,ECL143,16250487,799,897
31052026_ECL143,511090,2026-05-31,ECL143,16250487,799,897
31052026_ECL143,51620,2026-05-31,ECL143,16278056,799,897
31052026_ECL143,511090,2026-05-31,ECL143,16278056,799,897
31052026_ECL143,51620,2026-05-31,ECL143,16251310,799,897
31052026_ECL143,511090,2026-05-31,ECL143,16251310,799,897
02052026_ECL141,1112538,2026-05-02,ECL141,16162420,301,490
02052026_ECL141,1112642,2026-05-02,ECL141,16162420,301,490
02052026_ECL141,1112699,2026-05-02,ECL141,16162420,301,490
03052026_ECL141,1112538,2026-05-03,ECL141,16166049,799,897
03052026_ECL141,1112642,2026-05-03,ECL141,16166049,799,897
03052026_ECL141,1112699,2026-05-03,ECL141,16166049,799,897
03052026_ECL141,1112538,2026-05-03,ECL141,16166469,129,880
03052026_ECL141,1112642,2026-05-03,ECL141,16166469,129,880
03052026_ECL141,1112699,2026-05-03,ECL141,16166469,129,880
04052026_ECL141,1112538,2026-05-04,ECL141,16169203,311,440
04052026_ECL141,1112642,2026-05-04,ECL141,16169203,311,440
04052026_ECL141,1112699,2026-05-04,ECL141,16169203,311,440
04052026_ECL141,1112538,2026-05-04,ECL141,16169533,311,300
04052026_ECL141,1112642,2026-05-04,ECL141,16169533,311,300
04052026_ECL141,1112699,2026-05-04,ECL141,16169533,311,300
08052026_ECL141,1112538,2026-05-08,ECL141,16188881,311,300
08052026_ECL141,1112642,2026-05-08,ECL141,16188881,311,300
08052026_ECL141,1112699,2026-05-08,ECL141,16188881,311,300
08052026_ECL141,1112538,2026-05-08,ECL141,16188680,311,440
08052026_ECL141,1112642,2026-05-08,ECL141,16188680,311,440
08052026_ECL141,1112699,2026-05-08,ECL141,16188680,311,440
09052026_ECL141,1112538,2026-05-09,ECL141,16191955,799,897
09052026_ECL141,1112642,2026-05-09,ECL141,16191955,799,897
09052026_ECL141,1112538,2026-05-09,ECL141,16192615,311,440
09052026_ECL141,1112642,2026-05-09,ECL141,16192615,311,440
13052026_ECL141,1112538,2026-05-13,ECL141,16213825,311,440
13052026_ECL141,1112642,2026-05-13,ECL141,16213825,311,440
13052026_ECL141,1112699,2026-05-13,ECL141,16213825,311,440
14052026_ECL141,1112538,2026-05-14,ECL141,16218325,311,490
14052026_ECL141,311648,2026-05-14,ECL141,16218325,311,490
14052026_ECL141,1112642,2026-05-14,ECL141,16218325,311,490
14052026_ECL141,1112538,2026-05-14,ECL141,16218110,341,620
14052026_ECL141,311648,2026-05-14,ECL141,16218110,341,620
14052026_ECL141,1112642,2026-05-14,ECL141,16218110,341,620
14052026_ECL141,1112538,2026-05-14,ECL141,16219717,311,325
14052026_ECL141,311648,2026-05-14,ECL141,16219717,311,325
14052026_ECL141,1112642,2026-05-14,ECL141,16219717,311,325
15052026_ECL141,1112538,2026-05-15,ECL141,16222142,311,490
15052026_ECL141,1112310,2026-05-15,ECL141,16222142,311,490
15052026_ECL141,311619,2026-05-15,ECL141,16222142,311,490
15052026_ECL141,1112538,2026-05-15,ECL141,16223854,343,300
15052026_ECL141,1112310,2026-05-15,ECL141,16223854,343,300
15052026_ECL141,311619,2026-05-15,ECL141,16223854,343,300
18052026_ECL141,1112538,2026-05-18,ECL141,16236220,311,440
18052026_ECL141,1112642,2026-05-18,ECL141,16236220,311,440
18052026_ECL141,1112699,2026-05-18,ECL141,16236220,311,440
18052026_ECL141,1112538,2026-05-18,ECL141,16236325,341,460
18052026_ECL141,1112642,2026-05-18,ECL141,16236325,341,460
18052026_ECL141,1112699,2026-05-18,ECL141,16236325,341,460
18052026_ECL141,1112538,2026-05-18,ECL141,16237500,311,440
18052026_ECL141,1112642,2026-05-18,ECL141,16237500,311,440
18052026_ECL141,1112699,2026-05-18,ECL141,16237500,311,440
19052026_ECL141,1112538,2026-05-19,ECL141,16240097,341,300
19052026_ECL141,1112642,2026-05-19,ECL141,16240097,341,300
19052026_ECL141,1112699,2026-05-19,ECL141,16240097,341,300
19052026_ECL141,1112538,2026-05-19,ECL141,16240898,343,171
19052026_ECL141,1112642,2026-05-19,ECL141,16240898,343,171
19052026_ECL141,1112699,2026-05-19,ECL141,16240898,343,171
20052026_ECL141,1112538,2026-05-20,ECL141,16244952,311,490
20052026_ECL141,1112310,2026-05-20,ECL141,16244952,311,490
20052026_ECL141,1112699,2026-05-20,ECL141,16244952,311,490
20052026_ECL141,1112538,2026-05-20,ECL141,16246804,201,10
20052026_ECL141,1112310,2026-05-20,ECL141,16246804,201,10
20052026_ECL141,1112699,2026-05-20,ECL141,16246804,201,10
20052026_ECL141,1112538,2026-05-20,ECL141,16247071,311,490
20052026_ECL141,1112310,2026-05-20,ECL141,16247071,311,490
20052026_ECL141,1112699,2026-05-20,ECL141,16247071,311,490
21052026_ECL141,1112538,2026-05-21,ECL141,16191893,799,897
21052026_ECL141,1112310,2026-05-21,ECL141,16191893,799,897
21052026_ECL141,1112699,2026-05-21,ECL141,16191893,799,897
21052026_ECL141,1112538,2026-05-21,ECL141,16250621,343,171
21052026_ECL141,1112310,2026-05-21,ECL141,16250621,343,171
21052026_ECL141,1112699,2026-05-21,ECL141,16250621,343,171
21052026_ECL141,1112538,2026-05-21,ECL141,16251340,311,440
21052026_ECL141,1112310,2026-05-21,ECL141,16251340,311,440
21052026_ECL141,1112699,2026-05-21,ECL141,16251340,311,440
24052026_ECL141,1112538,2026-05-24,ECL141,16262169,341,440
24052026_ECL141,1112699,2026-05-24,ECL141,16262169,341,440
24052026_ECL141,1112538,2026-05-24,ECL141,16262953,311,440
24052026_ECL141,1112699,2026-05-24,ECL141,16262953,311,440
24052026_ECL141,1112538,2026-05-24,ECL141,16262954,343,171
24052026_ECL141,1112699,2026-05-24,ECL141,16262954,343,171
25052026_ECL141,1112538,2026-05-25,ECL141,16267102,311,440
25052026_ECL141,1112699,2026-05-25,ECL141,16267102,311,440
25052026_ECL141,1112538,2026-05-25,ECL141,16266649,341,440
25052026_ECL141,1112699,2026-05-25,ECL141,16266649,341,440
26052026_ECL141,1112538,2026-05-26,ECL141,16270761,311,490
26052026_ECL141,1112642,2026-05-26,ECL141,16270761,311,490
26052026_ECL141,1112699,2026-05-26,ECL141,16270761,311,490
26052026_ECL141,1112538,2026-05-26,ECL141,16271653,311,440
26052026_ECL141,1112642,2026-05-26,ECL141,16271653,311,440
26052026_ECL141,1112699,2026-05-26,ECL141,16271653,311,440
26052026_ECL141,1112538,2026-05-26,ECL141,16271560,311,440
26052026_ECL141,1112642,2026-05-26,ECL141,16271560,311,440
26052026_ECL141,1112699,2026-05-26,ECL141,16271560,311,440
29052026_ECL141,1112538,2026-05-29,ECL141,16287449,799,897
29052026_ECL141,1112642,2026-05-29,ECL141,16287449,799,897
29052026_ECL141,1112699,2026-05-29,ECL141,16287449,799,897
31052026_ECL141,512003,2026-05-31,ECL141,16293382,301,300
31052026_ECL141,1112642,2026-05-31,ECL141,16293382,301,300
31052026_ECL141,1112699,2026-05-31,ECL141,16293382,301,300
10052026_ECL130,,2026-05-10,ECL130,16195539,201,10
10052026_ECL130,,2026-05-10,ECL130,16195989,341,620
10052026_ECL130,,2026-05-10,ECL130,16196031,311,490
10052026_ECL130,,2026-05-10,ECL130,16196876,301,300
30052026_ECL128,311642,2026-05-30,ECL128,16290347,311,490
30052026_ECL128,511073,2026-05-30,ECL128,16290347,311,490
30052026_ECL128,31920,2026-05-30,ECL128,16290347,311,490
31052026_ECL128,311642,2026-05-31,ECL128,16253912,799,897
31052026_ECL128,511073,2026-05-31,ECL128,16253912,799,897
31052026_ECL128,31920,2026-05-31,ECL128,16253912,799,897
06052026_ECL126,511050,2026-05-06,ECL126,16179086,311,490
06052026_ECL126,511062,2026-05-06,ECL126,16179086,311,490
15052026_ECL126,511062,2026-05-15,ECL126,16224362,311,440
15052026_ECL126,511050,2026-05-15,ECL126,16224362,311,440
16052026_ECL126,511062,2026-05-16,ECL126,16226878,311,490
16052026_ECL126,511050,2026-05-16,ECL126,16226878,311,490
27052026_ECL126,511062,2026-05-27,ECL126,16275572,201,490
27052026_ECL126,511050,2026-05-27,ECL126,16275572,201,490
26052026_ECL125,,2026-05-26,ECL125,16270092,342,343
29052026_ECL122,311940,2026-05-29,ECL122,16285423,343,440
29052026_ECL122,1112651,2026-05-29,ECL122,16285423,343,440
30052026_ECL121,311250,2026-05-30,ECL121,16289093,311,620
30052026_ECL121,1112639,2026-05-30,ECL121,16289093,311,620
30052026_ECL121,311250,2026-05-30,ECL121,16289469,311,490
30052026_ECL121,1112639,2026-05-30,ECL121,16289469,311,490
30052026_ECL121,311250,2026-05-30,ECL121,16289811,311,440
30052026_ECL121,1112639,2026-05-30,ECL121,16289811,311,440
31052026_ECL121,311250,2026-05-31,ECL121,16292143,311,440
31052026_ECL121,1112639,2026-05-31,ECL121,16292143,311,440
31052026_ECL121,311250,2026-05-31,ECL121,16292344,311,180
31052026_ECL121,1112639,2026-05-31,ECL121,16292344,311,180
31052026_ECL121,311250,2026-05-31,ECL121,16292686,341,300
31052026_ECL121,1112639,2026-05-31,ECL121,16292686,341,300
31052026_ECL121,311250,2026-05-31,ECL121,16166403,799,897
31052026_ECL121,1112639,2026-05-31,ECL121,16166403,799,897
02052026_CML399,1112254,2026-05-02,CML399,16161720,343,620
02052026_CML399,311334,2026-05-02,CML399,16161720,343,620
02052026_CML399,1112254,2026-05-02,CML399,16162335,311,620
02052026_CML399,311334,2026-05-02,CML399,16162335,311,620
02052026_CML399,1112254,2026-05-02,CML399,16162555,311,180
02052026_CML399,311334,2026-05-02,CML399,16162555,311,180
03052026_CML399,1112254,2026-05-03,CML399,16165163,343,440
03052026_CML399,311334,2026-05-03,CML399,16165163,343,440
03052026_CML399,1112254,2026-05-03,CML399,16165390,311,620
03052026_CML399,311334,2026-05-03,CML399,16165390,311,620
09052026_CML389,311594,2026-05-09,CML389,16190506,311,20
09052026_CML389,311430,2026-05-09,CML389,16190506,311,20
09052026_CML389,311594,2026-05-09,CML389,16191759,311,20
09052026_CML389,311430,2026-05-09,CML389,16191759,311,20
10052026_CML389,311430,2026-05-10,CML389,16195728,381,343
10052026_CML389,311594,2026-05-10,CML389,16195728,381,343
10052026_CML389,311430,2026-05-10,CML389,16196573,311,440
10052026_CML389,311594,2026-05-10,CML389,16196573,311,440
14052026_CML389,311430,2026-05-14,CML389,16218470,311,300
14052026_CML389,311594,2026-05-14,CML389,16218470,311,300
26052026_CML389,311430,2026-05-26,CML389,16271809,311,440
26052026_CML389,311594,2026-05-26,CML389,16271809,311,440
26052026_CML389,311430,2026-05-26,CML389,16270941,311,20
26052026_CML389,311594,2026-05-26,CML389,16270941,311,20
01052026_CML388,311165,2026-05-01,CML388,16157783,311,440
01052026_CML388,311682,2026-05-01,CML388,16157783,311,440
01052026_CML388,311165,2026-05-01,CML388,16158421,341,440
01052026_CML388,311682,2026-05-01,CML388,16158421,341,440
01052026_CML388,311165,2026-05-01,CML388,16158980,341,440
01052026_CML388,311682,2026-05-01,CML388,16158980,341,440
01052026_CML388,311165,2026-05-01,CML388,16159596,381,343
01052026_CML388,311682,2026-05-01,CML388,16159596,381,343
01052026_CML388,311165,2026-05-01,CML388,16159864,342,343
01052026_CML388,311682,2026-05-01,CML388,16159864,342,343
09052026_CML388,311682,2026-05-09,CML388,16190881,311,490
09052026_CML388,3150,2026-05-09,CML388,16190881,311,490
09052026_CML388,311682,2026-05-09,CML388,16191633,311,440
09052026_CML388,3150,2026-05-09,CML388,16191633,311,440
09052026_CML388,311682,2026-05-09,CML388,16192085,311,440
09052026_CML388,3150,2026-05-09,CML388,16192085,311,440
09052026_CML388,311682,2026-05-09,CML388,16191921,381,343
09052026_CML388,3150,2026-05-09,CML388,16191921,381,343
11052026_CML388,311901,2026-05-11,CML388,16200949,341,440
11052026_CML388,311165,2026-05-11,CML388,16200949,341,440
12052026_CML388,311901,2026-05-12,CML388,16205267,311,490
12052026_CML388,311165,2026-05-12,CML388,16205267,311,490
15052026_CML388,311901,2026-05-15,CML388,16222277,341,620
15052026_CML388,311165,2026-05-15,CML388,16222277,341,620
11052026_CML387,311340,2026-05-11,CML387,16200954,311,440
11052026_CML387,311346,2026-05-11,CML387,16200954,311,440
12052026_CML387,311340,2026-05-12,CML387,16205356,311,490
12052026_CML387,311346,2026-05-12,CML387,16205356,311,490
25052026_CML387,311340,2026-05-25,CML387,16266536,342,343
25052026_CML387,311346,2026-05-25,CML387,16266536,342,343
11052026_CML385,3116,2026-05-11,CML385,16200392,343,620
11052026_CML385,3119,2026-05-11,CML385,16200392,343,620
11052026_CML385,3116,2026-05-11,CML385,16200187,341,440
11052026_CML385,3119,2026-05-11,CML385,16200187,341,440
12052026_CML385,3116,2026-05-12,CML385,16205285,311,620
12052026_CML385,3119,2026-05-12,CML385,16205285,311,620
16052026_CML385,3116,2026-05-16,CML385,16226713,341,440
16052026_CML385,3119,2026-05-16,CML385,16226713,341,440
16052026_CML385,3116,2026-05-16,CML385,16226943,311,620
16052026_CML385,3119,2026-05-16,CML385,16226943,311,620
16052026_CML385,3116,2026-05-16,CML385,16227617,343,620
16052026_CML385,3119,2026-05-16,CML385,16227617,343,620
17052026_CML385,3119,2026-05-17,CML385,16230746,311,300
17052026_CML385,3116,2026-05-17,CML385,16230746,311,300
17052026_CML385,3119,2026-05-17,CML385,16230862,341,440
17052026_CML385,3116,2026-05-17,CML385,16230862,341,440
17052026_CML385,3119,2026-05-17,CML385,16231001,343,620
17052026_CML385,3116,2026-05-17,CML385,16231001,343,620
17052026_CML385,3119,2026-05-17,CML385,16231606,311,490
17052026_CML385,3116,2026-05-17,CML385,16231606,311,490
01052026_CML384,311451,2026-05-01,CML384,16157295,311,20
01052026_CML384,311430,2026-05-01,CML384,16157295,311,20
01052026_CML384,311451,2026-05-01,CML384,16158192,311,20
01052026_CML384,311430,2026-05-01,CML384,16158192,311,20
01052026_CML384,311451,2026-05-01,CML384,16158590,343,20
01052026_CML384,311430,2026-05-01,CML384,16158590,343,20
01052026_CML384,311451,2026-05-01,CML384,16158972,311,20
01052026_CML384,311430,2026-05-01,CML384,16158972,311,20
03052026_CML384,311451,2026-05-03,CML384,16165117,343,440
03052026_CML384,311430,2026-05-03,CML384,16165117,343,440
03052026_CML384,311451,2026-05-03,CML384,16165432,343,20
03052026_CML384,311430,2026-05-03,CML384,16165432,343,20
24052026_CML384,311906,2026-05-24,CML384,16261234,341,300
24052026_CML384,311430,2026-05-24,CML384,16261234,341,300
24052026_CML384,311906,2026-05-24,CML384,16262099,311,300
24052026_CML384,311430,2026-05-24,CML384,16262099,311,300
14052026_CML383,311456,2026-05-14,CML383,16218323,311,440
14052026_CML383,311081,2026-05-14,CML383,16218323,311,440
16052026_CML383,311456,2026-05-16,CML383,16226701,311,440
16052026_CML383,311081,2026-05-16,CML383,16226701,311,440
16052026_CML383,311456,2026-05-16,CML383,16226952,311,440
16052026_CML383,311081,2026-05-16,CML383,16226952,311,440
16052026_CML383,311456,2026-05-16,CML383,16227534,311,440
16052026_CML383,311081,2026-05-16,CML383,16227534,311,440
20052026_CML383,311456,2026-05-20,CML383,16246161,311,440
20052026_CML383,311081,2026-05-20,CML383,16246161,311,440
28052026_CML383,311456,2026-05-28,CML383,16281918,311,440
28052026_CML383,311081,2026-05-28,CML383,16281918,311,440
30052026_CML383,311456,2026-05-30,CML383,16289242,342,343
30052026_CML383,311081,2026-05-30,CML383,16289242,342,343
30052026_CML383,311456,2026-05-30,CML383,16289587,311,440
30052026_CML383,311081,2026-05-30,CML383,16289587,311,440
30052026_CML383,311456,2026-05-30,CML383,16289801,311,440
30052026_CML383,311081,2026-05-30,CML383,16289801,311,440
30052026_CML383,311456,2026-05-30,CML383,16289991,311,620
30052026_CML383,311081,2026-05-30,CML383,16289991,311,620
02052026_CML382,3140,2026-05-02,CML382,16161736,311,300
02052026_CML382,3147,2026-05-02,CML382,16161736,311,300
02052026_CML382,3140,2026-05-02,CML382,16163266,311,490
02052026_CML382,3147,2026-05-02,CML382,16163266,311,490
11052026_CML382,3140,2026-05-11,CML382,16201703,311,20
11052026_CML382,3147,2026-05-11,CML382,16201703,311,20
12052026_CML382,3140,2026-05-12,CML382,16204119,128,300
12052026_CML382,3147,2026-05-12,CML382,16204119,128,300
14052026_CML382,3140,2026-05-14,CML382,16217832,311,20
14052026_CML382,3147,2026-05-14,CML382,16217832,311,20
25052026_CML382,3140,2026-05-25,CML382,16265269,311,300
25052026_CML382,3147,2026-05-25,CML382,16265269,311,300
02052026_CML380,31417,2026-05-02,CML380,16161934,311,300
02052026_CML380,31631,2026-05-02,CML380,16161934,311,300
10052026_CML380,31417,2026-05-10,CML380,16195734,312,300
10052026_CML380,311383,2026-05-10,CML380,16195734,312,300
10052026_CML380,31417,2026-05-10,CML380,16195839,312,300
10052026_CML380,311383,2026-05-10,CML380,16195839,312,300
10052026_CML380,31417,2026-05-10,CML380,16196815,312,300
10052026_CML380,311383,2026-05-10,CML380,16196815,312,300
11052026_CML380,31631,2026-05-11,CML380,16200903,311,440
11052026_CML380,512045,2026-05-11,CML380,16200903,311,440
14052026_CML380,31417,2026-05-14,CML380,16219059,311,300
14052026_CML380,31631,2026-05-14,CML380,16219059,311,300
24052026_CML380,1112299,2026-05-24,CML380,16261431,312,300
24052026_CML380,31417,2026-05-24,CML380,16261431,312,300
24052026_CML380,1112299,2026-05-24,CML380,16261805,312,300
24052026_CML380,31417,2026-05-24,CML380,16261805,312,300
24052026_CML380,1112299,2026-05-24,CML380,16262023,311,490
24052026_CML380,31417,2026-05-24,CML380,16262023,311,490
31052026_CML380,31417,2026-05-31,CML380,16292993,311,440
12052026_CML379,31335,2026-05-12,CML379,16205231,343,171
12052026_CML379,1112255,2026-05-12,CML379,16205231,343,171
14052026_CML379,31335,2026-05-14,CML379,16218472,312,300
14052026_CML379,1112255,2026-05-14,CML379,16218472,312,300
21052026_CML379,31335,2026-05-21,CML379,16250800,312,300
21052026_CML379,1112255,2026-05-21,CML379,16250800,312,300
12052026_CML377,31189,2026-05-12,CML377,16205373,311,620
12052026_CML377,31275,2026-05-12,CML377,16205373,311,620
16052026_CML377,31275,2026-05-16,CML377,16226809,311,10
16052026_CML377,31305,2026-05-16,CML377,16226809,311,10
16052026_CML377,31275,2026-05-16,CML377,16226882,381,343
16052026_CML377,31305,2026-05-16,CML377,16226882,381,343
16052026_CML377,31275,2026-05-16,CML377,16227370,381,180
16052026_CML377,31305,2026-05-16,CML377,16227370,381,180
21052026_CML377,31189,2026-05-21,CML377,16250501,311,10
21052026_CML377,31275,2026-05-21,CML377,16250501,311,10
26052026_CML377,31275,2026-05-26,CML377,16270892,311,10
26052026_CML377,31189,2026-05-26,CML377,16270892,311,10
31052026_CML377,31275,2026-05-31,CML377,16292629,311,490
31052026_CML377,3144,2026-05-31,CML377,16292629,311,490
31052026_CML377,31275,2026-05-31,CML377,16292706,343,620
31052026_CML377,3144,2026-05-31,CML377,16292706,343,620
10052026_CML376,31213,2026-05-10,CML376,16195966,311,10
10052026_CML376,311191,2026-05-10,CML376,16195966,311,10
12052026_CML376,31213,2026-05-12,CML376,16205224,311,10
12052026_CML376,311191,2026-05-12,CML376,16205224,311,10
15052026_CML376,31213,2026-05-15,CML376,16220934,311,10
15052026_CML376,311191,2026-05-15,CML376,16220934,311,10
16052026_CML376,31213,2026-05-16,CML376,16226764,311,10
16052026_CML376,311191,2026-05-16,CML376,16226764,311,10
16052026_CML376,31213,2026-05-16,CML376,16225683,341,440
16052026_CML376,311191,2026-05-16,CML376,16225683,341,440
16052026_CML376,31213,2026-05-16,CML376,16226894,125,880
16052026_CML376,311191,2026-05-16,CML376,16226894,125,880
16052026_CML376,31213,2026-05-16,CML376,16227106,311,20
16052026_CML376,311191,2026-05-16,CML376,16227106,311,20
16052026_CML376,31213,2026-05-16,CML376,16227566,311,20
16052026_CML376,311191,2026-05-16,CML376,16227566,311,20
24052026_CML376,31213,2026-05-24,CML376,16261463,343,440
24052026_CML376,311191,2026-05-24,CML376,16261463,343,440
24052026_CML376,31213,2026-05-24,CML376,16261598,311,10
24052026_CML376,311191,2026-05-24,CML376,16261598,311,10
24052026_CML376,31213,2026-05-24,CML376,16261780,341,490
24052026_CML376,311191,2026-05-24,CML376,16261780,341,490
24052026_CML376,31213,2026-05-24,CML376,16262315,311,10
24052026_CML376,311191,2026-05-24,CML376,16262315,311,10
12052026_CML375,311088,2026-05-12,CML375,16205016,312,300
12052026_CML375,31899,2026-05-12,CML375,16205016,312,300
11052026_CML374,311876,2026-05-11,CML374,16200043,341,440
11052026_CML374,311333,2026-05-11,CML374,16200043,341,440
12052026_CML374,311876,2026-05-12,CML374,16205310,311,620
12052026_CML374,311333,2026-05-12,CML374,16205310,311,620
14052026_CML374,311876,2026-05-14,CML374,16218452,311,620
14052026_CML374,311333,2026-05-14,CML374,16218452,311,620
24052026_CML374,311333,2026-05-24,CML374,16261526,311,490
24052026_CML374,311876,2026-05-24,CML374,16261526,311,490
24052026_CML374,311333,2026-05-24,CML374,16262082,311,620
24052026_CML374,311876,2026-05-24,CML374,16262082,311,620
27052026_CML374,311876,2026-05-27,CML374,16273089,341,440
27052026_CML374,311333,2026-05-27,CML374,16273089,341,440
02052026_CML373,311344,2026-05-02,CML373,16161765,311,620
02052026_CML373,3120,2026-05-02,CML373,16161765,311,620
12052026_CML373,311344,2026-05-12,CML373,16204993,341,440
12052026_CML373,311643,2026-05-12,CML373,16204993,341,440
16052026_CML373,311643,2026-05-16,CML373,16226729,331,440
16052026_CML373,311344,2026-05-16,CML373,16226729,331,440
16052026_CML373,311643,2026-05-16,CML373,16227127,331,440
16052026_CML373,311344,2026-05-16,CML373,16227127,331,440
16052026_CML373,311643,2026-05-16,CML373,16227744,331,440
16052026_CML373,311344,2026-05-16,CML373,16227744,331,440
17052026_CML373,311344,2026-05-17,CML373,16230818,331,440
17052026_CML373,311643,2026-05-17,CML373,16230818,331,440
17052026_CML373,311344,2026-05-17,CML373,16231091,331,440
17052026_CML373,311643,2026-05-17,CML373,16231091,331,440
17052026_CML373,311344,2026-05-17,CML373,16231490,331,440
17052026_CML373,311643,2026-05-17,CML373,16231490,331,440
20052026_CML373,311344,2026-05-20,CML373,16245891,311,620
20052026_CML373,311643,2026-05-20,CML373,16245891,311,620
25052026_CML373,311344,2026-05-25,CML373,16266174,311,300
25052026_CML373,311643,2026-05-25,CML373,16266174,311,300
26052026_CML373,311643,2026-05-26,CML373,16270222,127,880
26052026_CML373,311344,2026-05-26,CML373,16270222,127,880
27052026_CML373,311344,2026-05-27,CML373,16274650,342,343
27052026_CML373,311643,2026-05-27,CML373,16274650,342,343
28052026_CML373,311344,2026-05-28,CML373,16281655,311,490
28052026_CML373,311643,2026-05-28,CML373,16281655,311,490
03052026_CML372,31305,2026-05-03,CML372,16165382,311,440
03052026_CML372,3144,2026-05-03,CML372,16165382,311,440
09052026_CML372,31305,2026-05-09,CML372,16191732,381,343
09052026_CML372,31275,2026-05-09,CML372,16191732,381,343
09052026_CML372,31305,2026-05-09,CML372,16192040,381,343
09052026_CML372,31275,2026-05-09,CML372,16192040,381,343
09052026_CML372,31305,2026-05-09,CML372,16192481,341,620
09052026_CML372,31275,2026-05-09,CML372,16192481,341,620
10052026_CML372,31275,2026-05-10,CML372,16194668,311,300
10052026_CML372,31305,2026-05-10,CML372,16194668,311,300
10052026_CML372,31275,2026-05-10,CML372,16196074,341,620
10052026_CML372,31305,2026-05-10,CML372,16196074,341,620
12052026_CML372,31305,2026-05-12,CML372,16204992,129,880
12052026_CML372,3144,2026-05-12,CML372,16204992,129,880
24052026_CML372,31275,2026-05-24,CML372,16261426,311,10
24052026_CML372,31305,2026-05-24,CML372,16261426,311,10
24052026_CML372,31275,2026-05-24,CML372,16261915,311,490
24052026_CML372,31305,2026-05-24,CML372,16261915,311,490
26052026_CML372,3144,2026-05-26,CML372,16271780,341,440
26052026_CML372,31305,2026-05-26,CML372,16271780,341,440
11052026_CML371,31887,2026-05-11,CML371,16201705,311,10
11052026_CML371,311168,2026-05-11,CML371,16201705,311,10
12052026_CML371,31887,2026-05-12,CML371,16204962,311,10
12052026_CML371,311168,2026-05-12,CML371,16204962,311,10
14052026_CML371,31887,2026-05-14,CML371,16218232,312,300
14052026_CML371,311168,2026-05-14,CML371,16218232,312,300
21052026_CML371,31887,2026-05-21,CML371,16249929,311,10
21052026_CML371,311168,2026-05-21,CML371,16249929,311,10
24052026_CML371,311168,2026-05-24,CML371,16261371,312,10
24052026_CML371,31887,2026-05-24,CML371,16261371,312,10
24052026_CML371,311168,2026-05-24,CML371,16262200,343,20
24052026_CML371,31887,2026-05-24,CML371,16262200,343,20
12052026_CML370,31945,2026-05-12,CML370,16205269,126,880
12052026_CML370,311381,2026-05-12,CML370,16205269,126,880
23052026_CML370,31945,2026-05-23,CML370,16258337,311,300
23052026_CML370,311381,2026-05-23,CML370,16258337,311,300
23052026_CML370,31945,2026-05-23,CML370,16258892,312,10
23052026_CML370,311381,2026-05-23,CML370,16258892,312,10
16052026_CML368,31888,2026-05-16,CML368,16225796,343,11
16052026_CML368,311603,2026-05-16,CML368,16225796,343,11
16052026_CML368,31888,2026-05-16,CML368,16226763,341,300
16052026_CML368,311603,2026-05-16,CML368,16226763,341,300
16052026_CML368,31888,2026-05-16,CML368,16227428,311,300
16052026_CML368,311603,2026-05-16,CML368,16227428,311,300
16052026_CML368,31888,2026-05-16,CML368,16227661,343,11
16052026_CML368,311603,2026-05-16,CML368,16227661,343,11
25052026_CML368,311588,2026-05-25,CML368,16265473,343,490
25052026_CML368,311603,2026-05-25,CML368,16265473,343,490
02052026_CML367,311816,2026-05-02,CML367,16161942,311,620
02052026_CML367,311817,2026-05-02,CML367,16161942,311,620
02052026_CML367,311816,2026-05-02,CML367,16162253,311,300
02052026_CML367,311817,2026-05-02,CML367,16162253,311,300
02052026_CML367,311816,2026-05-02,CML367,16162803,342,300
02052026_CML367,311817,2026-05-02,CML367,16162803,342,300
03052026_CML367,,2026-05-03,CML367,16165143,311,620
11052026_CML367,311816,2026-05-11,CML367,16199869,343,10
11052026_CML367,311817,2026-05-11,CML367,16199869,343,10
31052026_CML367,311816,2026-05-31,CML367,16292198,311,620
31052026_CML367,311817,2026-05-31,CML367,16292198,311,620
10052026_CML366,311906,2026-05-10,CML366,16195407,311,300
10052026_CML366,311682,2026-05-10,CML366,16195407,311,300
10052026_CML366,311906,2026-05-10,CML366,16195962,311,300
10052026_CML366,311682,2026-05-10,CML366,16195962,311,300
10052026_CML366,311906,2026-05-10,CML366,16197087,311,300
10052026_CML366,311682,2026-05-10,CML366,16197087,311,300
14052026_CML366,311399,2026-05-14,CML366,16219148,341,620
14052026_CML366,311906,2026-05-14,CML366,16219148,341,620
01052026_CML365,311592,2026-05-01,CML365,16157268,311,10
01052026_CML365,311906,2026-05-01,CML365,16157268,311,10
01052026_CML365,311592,2026-05-01,CML365,16157846,311,10
01052026_CML365,311906,2026-05-01,CML365,16157846,311,10
01052026_CML365,311592,2026-05-01,CML365,16158615,311,10
01052026_CML365,311906,2026-05-01,CML365,16158615,311,10
01052026_CML365,311592,2026-05-01,CML365,16158708,311,300
01052026_CML365,311906,2026-05-01,CML365,16158708,311,300
01052026_CML365,311592,2026-05-01,CML365,16159194,311,300
01052026_CML365,311906,2026-05-01,CML365,16159194,311,300
10052026_CML365,3136,2026-05-10,CML365,16195901,311,460
10052026_CML365,311592,2026-05-10,CML365,16195901,311,460
11052026_CML365,31189,2026-05-11,CML365,16200318,311,311
11052026_CML365,3136,2026-05-11,CML365,16200318,311,311
14052026_CML365,311592,2026-05-14,CML365,16218397,311,10
14052026_CML365,3136,2026-05-14,CML365,16218397,311,10
17052026_CML365,311592,2026-05-17,CML365,16230680,311,20
17052026_CML365,311906,2026-05-17,CML365,16230680,311,20
17052026_CML365,311592,2026-05-17,CML365,16231068,311,300
17052026_CML365,311906,2026-05-17,CML365,16231068,311,300
17052026_CML365,311592,2026-05-17,CML365,16231451,311,10
17052026_CML365,311906,2026-05-17,CML365,16231451,311,10
17052026_CML365,311592,2026-05-17,CML365,16232308,311,490
17052026_CML365,311906,2026-05-17,CML365,16232308,311,490
20052026_CML365,311592,2026-05-20,CML365,16246215,311,440
20052026_CML365,3136,2026-05-20,CML365,16246215,311,440
22052026_CML365,311592,2026-05-22,CML365,16255741,311,10
22052026_CML365,3136,2026-05-22,CML365,16255741,311,10
24052026_CML365,3136,2026-05-24,CML365,16261313,311,490
24052026_CML365,311592,2026-05-24,CML365,16261313,311,490
24052026_CML365,3136,2026-05-24,CML365,16262227,311,490
24052026_CML365,311592,2026-05-24,CML365,16262227,311,490
28052026_CML365,311592,2026-05-28,CML365,16282035,311,10
28052026_CML365,3136,2026-05-28,CML365,16282035,311,10
30052026_CML365,31899,2026-05-30,CML365,16289369,311,490
30052026_CML365,3136,2026-05-30,CML365,16289369,311,490
10052026_CML364,31873,2026-05-10,CML364,16195334,312,10
10052026_CML364,31865,2026-05-10,CML364,16195334,312,10
10052026_CML364,31873,2026-05-10,CML364,16195996,312,10
10052026_CML364,31865,2026-05-10,CML364,16195996,312,10
10052026_CML364,31873,2026-05-10,CML364,16196165,312,10
10052026_CML364,31865,2026-05-10,CML364,16196165,312,10
10052026_CML364,31873,2026-05-10,CML364,16196438,312,10
10052026_CML364,31865,2026-05-10,CML364,16196438,312,10
10052026_CML364,31873,2026-05-10,CML364,16196681,312,10
10052026_CML364,31865,2026-05-10,CML364,16196681,312,10
31052026_CML364,31873,2026-05-31,CML364,16292983,312,10
31052026_CML364,31865,2026-05-31,CML364,16292983,312,10
11052026_CML363,311605,2026-05-11,CML363,16200963,312,10
02052026_CML361,31507,2026-05-02,CML361,16161904,311,300
02052026_CML361,1112299,2026-05-02,CML361,16161904,311,300
02052026_CML361,31507,2026-05-02,CML361,16162383,341,300
02052026_CML361,1112299,2026-05-02,CML361,16162383,341,300
02052026_CML361,31507,2026-05-02,CML361,16162762,341,300
02052026_CML361,1112299,2026-05-02,CML361,16162762,341,300
16052026_CML361,31507,2026-05-16,CML361,16226727,311,10
16052026_CML361,3150,2026-05-16,CML361,16226727,311,10
16052026_CML361,31507,2026-05-16,CML361,16227195,311,10
16052026_CML361,3150,2026-05-16,CML361,16227195,311,10
16052026_CML361,31507,2026-05-16,CML361,16227435,311,20
16052026_CML361,3150,2026-05-16,CML361,16227435,311,20
16052026_CML361,31507,2026-05-16,CML361,16227756,301,440
16052026_CML361,3150,2026-05-16,CML361,16227756,301,440
23052026_CML361,31507,2026-05-23,CML361,16257653,311,10
23052026_CML361,3150,2026-05-23,CML361,16257653,311,10
23052026_CML361,31507,2026-05-23,CML361,16258201,311,300
23052026_CML361,3150,2026-05-23,CML361,16258201,311,300
23052026_CML361,31507,2026-05-23,CML361,16258685,311,300
23052026_CML361,3150,2026-05-23,CML361,16258685,311,300
23052026_CML361,31507,2026-05-23,CML361,16258830,342,300
23052026_CML361,3150,2026-05-23,CML361,16258830,342,300
24052026_CML361,31128,2026-05-24,CML361,16260513,331,440
24052026_CML361,311809,2026-05-24,CML361,16260513,331,440
30052026_CML361,,2026-05-30,CML361,16289284,311,300
30052026_CML361,,2026-05-30,CML361,16289478,341,300
30052026_CML361,,2026-05-30,CML361,16289848,342,300
30052026_CML361,,2026-05-30,CML361,16290208,311,620
02052026_CML360,31451,2026-05-02,CML360,16161676,127,880
02052026_CML360,31427,2026-05-02,CML360,16161676,127,880
02052026_CML360,31451,2026-05-02,CML360,16162231,311,20
02052026_CML360,31427,2026-05-02,CML360,16162231,311,20
02052026_CML360,31451,2026-05-02,CML360,16162461,311,20
02052026_CML360,31427,2026-05-02,CML360,16162461,311,20
02052026_CML360,31451,2026-05-02,CML360,16163000,311,20
02052026_CML360,31427,2026-05-02,CML360,16163000,311,20
17052026_CML360,31451,2026-05-17,CML360,16230725,311,20
17052026_CML360,31427,2026-05-17,CML360,16230725,311,20
17052026_CML360,31451,2026-05-17,CML360,16231112,311,20
17052026_CML360,31427,2026-05-17,CML360,16231112,311,20
17052026_CML360,31451,2026-05-17,CML360,16231484,311,20
17052026_CML360,31427,2026-05-17,CML360,16231484,311,20
09052026_CML359,1112314,2026-05-09,CML359,16190091,312,300
09052026_CML359,311875,2026-05-09,CML359,16190091,312,300
09052026_CML359,1112314,2026-05-09,CML359,16191528,312,300
09052026_CML359,311875,2026-05-09,CML359,16191528,312,300
09052026_CML359,1112314,2026-05-09,CML359,16192633,312,300
09052026_CML359,311875,2026-05-09,CML359,16192633,312,300
10052026_CML359,1112314,2026-05-10,CML359,16196226,312,300
10052026_CML359,311875,2026-05-10,CML359,16196226,312,300
11052026_CML359,1112314,2026-05-11,CML359,16201807,312,300
11052026_CML359,311875,2026-05-11,CML359,16201807,312,300
16052026_CML359,1112314,2026-05-16,CML359,16225958,312,300
16052026_CML359,311875,2026-05-16,CML359,16225958,312,300
16052026_CML359,1112314,2026-05-16,CML359,16226893,311,490
16052026_CML359,311875,2026-05-16,CML359,16226893,311,490
16052026_CML359,1112314,2026-05-16,CML359,16227041,126,880
16052026_CML359,311875,2026-05-16,CML359,16227041,126,880
16052026_CML359,1112314,2026-05-16,CML359,16227241,312,300
16052026_CML359,311875,2026-05-16,CML359,16227241,312,300
16052026_CML359,1112314,2026-05-16,CML359,16227471,312,300
16052026_CML359,311875,2026-05-16,CML359,16227471,312,300
23052026_CML359,1112314,2026-05-23,CML359,16257431,312,300
23052026_CML359,3132,2026-05-23,CML359,16257431,312,300
23052026_CML359,1112314,2026-05-23,CML359,16257839,312,300
23052026_CML359,3132,2026-05-23,CML359,16257839,312,300
23052026_CML359,1112314,2026-05-23,CML359,16258198,312,300
23052026_CML359,3132,2026-05-23,CML359,16258198,312,300
23052026_CML359,1112314,2026-05-23,CML359,16258213,312,300
23052026_CML359,3132,2026-05-23,CML359,16258213,312,300
23052026_CML359,1112314,2026-05-23,CML359,16258442,312,300
23052026_CML359,3132,2026-05-23,CML359,16258442,312,300
24052026_CML359,1112314,2026-05-24,CML359,16261206,312,300
24052026_CML359,3132,2026-05-24,CML359,16261206,312,300
09052026_CML358,512047,2026-05-09,CML358,16191907,311,311
09052026_CML358,1112299,2026-05-09,CML358,16191907,311,311
09052026_CML358,512047,2026-05-09,CML358,16192237,381,343
09052026_CML358,1112299,2026-05-09,CML358,16192237,381,343
10052026_CML358,1112299,2026-05-10,CML358,16195241,381,343
10052026_CML358,512047,2026-05-10,CML358,16195241,381,343
10052026_CML358,1112299,2026-05-10,CML358,16195838,381,343
10052026_CML358,512047,2026-05-10,CML358,16195838,381,343
10052026_CML358,1112299,2026-05-10,CML358,16196934,381,490
10052026_CML358,512047,2026-05-10,CML358,16196934,381,490
11052026_CML358,1112299,2026-05-11,CML358,16199898,311,490
11052026_CML358,512047,2026-05-11,CML358,16199898,311,490
11052026_CML358,1112299,2026-05-11,CML358,16201976,381,343
11052026_CML358,512047,2026-05-11,CML358,16201976,381,343
31052026_CML358,1112299,2026-05-31,CML358,16292479,311,440
31052026_CML358,1112299,2026-05-31,CML358,16292767,121,343
11052026_CML357,311821,2026-05-11,CML357,16200570,341,620
11052026_CML357,311465,2026-05-11,CML357,16200570,341,620
16052026_CML357,311821,2026-05-16,CML357,16225935,311,620
16052026_CML357,311465,2026-05-16,CML357,16225935,311,620
16052026_CML357,311821,2026-05-16,CML357,16225667,311,620
16052026_CML357,311465,2026-05-16,CML357,16225667,311,620
24052026_CML357,311465,2026-05-24,CML357,16261493,312,10
24052026_CML357,311793,2026-05-24,CML357,16261493,312,10
24052026_CML357,311465,2026-05-24,CML357,16262472,312,300
24052026_CML357,311793,2026-05-24,CML357,16262472,312,300
30052026_CML357,311821,2026-05-30,CML357,16289320,311,620
30052026_CML357,311465,2026-05-30,CML357,16289320,311,620
30052026_CML357,311821,2026-05-30,CML357,16289499,311,620
30052026_CML357,311465,2026-05-30,CML357,16289499,311,620
30052026_CML357,311821,2026-05-30,CML357,16289547,311,620
30052026_CML357,311465,2026-05-30,CML357,16289547,311,620
30052026_CML357,311821,2026-05-30,CML357,16289616,311,620
30052026_CML357,311465,2026-05-30,CML357,16289616,311,620
30052026_CML357,311821,2026-05-30,CML357,16290136,311,620
30052026_CML357,311465,2026-05-30,CML357,16290136,311,620
30052026_CML357,311821,2026-05-30,CML357,16290126,341,440
30052026_CML357,311465,2026-05-30,CML357,16290126,341,440
31052026_CML357,311821,2026-05-31,CML357,16292831,341,440
31052026_CML357,311465,2026-05-31,CML357,16292831,341,440
11052026_CML355,512046,2026-05-11,CML355,16200538,311,11
11052026_CML355,512049,2026-05-11,CML355,16200538,311,11
11052026_CML355,512046,2026-05-11,CML355,16201919,342,300
11052026_CML355,512049,2026-05-11,CML355,16201919,342,300
17052026_CML355,512046,2026-05-17,CML355,16230803,311,10
17052026_CML355,512049,2026-05-17,CML355,16230803,311,10
17052026_CML355,512046,2026-05-17,CML355,16231824,341,11
17052026_CML355,512049,2026-05-17,CML355,16231824,341,11
31052026_CML355,512046,2026-05-31,CML355,16292569,312,10
31052026_CML355,512049,2026-05-31,CML355,16292569,312,10
31052026_CML355,512046,2026-05-31,CML355,16292904,311,20
31052026_CML355,512049,2026-05-31,CML355,16292904,311,20
03052026_CML354,31510,2026-05-03,CML354,16165405,311,620
03052026_CML354,311712,2026-05-03,CML354,16165405,311,620
14052026_CML354,31510,2026-05-14,CML354,16218852,311,620
14052026_CML354,311712,2026-05-14,CML354,16218852,311,620
17052026_CML354,31510,2026-05-17,CML354,16230324,342,300
17052026_CML354,311712,2026-05-17,CML354,16230324,342,300
17052026_CML354,31510,2026-05-17,CML354,16230933,311,620
17052026_CML354,311712,2026-05-17,CML354,16230933,311,620
17052026_CML354,31510,2026-05-17,CML354,16231127,343,620
17052026_CML354,311712,2026-05-17,CML354,16231127,343,620
17052026_CML354,31510,2026-05-17,CML354,16231297,343,620
17052026_CML354,311712,2026-05-17,CML354,16231297,343,620
17052026_CML354,31510,2026-05-17,CML354,16231485,311,620
17052026_CML354,311712,2026-05-17,CML354,16231485,311,620
17052026_CML354,31510,2026-05-17,CML354,16231659,311,620
17052026_CML354,311712,2026-05-17,CML354,16231659,311,620
17052026_CML354,31510,2026-05-17,CML354,16231776,311,620
17052026_CML354,311712,2026-05-17,CML354,16231776,311,620
12052026_CML353,311795,2026-05-12,CML353,16205305,311,490
12052026_CML353,311450,2026-05-12,CML353,16205305,311,490
15052026_CML353,311795,2026-05-15,CML353,16222298,311,300
15052026_CML353,311450,2026-05-15,CML353,16222298,311,300
17052026_CML353,311450,2026-05-17,CML353,16230712,311,300
17052026_CML353,311832,2026-05-17,CML353,16230712,311,300
17052026_CML353,311450,2026-05-17,CML353,16230811,311,440
17052026_CML353,311832,2026-05-17,CML353,16230811,311,440
17052026_CML353,311450,2026-05-17,CML353,16231038,341,300
17052026_CML353,311832,2026-05-17,CML353,16231038,341,300
17052026_CML353,311450,2026-05-17,CML353,16231097,311,300
17052026_CML353,311832,2026-05-17,CML353,16231097,311,300
20052026_CML353,311795,2026-05-20,CML353,16246132,311,440
20052026_CML353,311450,2026-05-20,CML353,16246132,311,440
02052026_CML352,311384,2026-05-02,CML352,16162226,311,10
02052026_CML352,311154,2026-05-02,CML352,16162226,311,10
02052026_CML352,311384,2026-05-02,CML352,16162655,311,11
02052026_CML352,311154,2026-05-02,CML352,16162655,311,11
02052026_CML352,311384,2026-05-02,CML352,16162769,311,20
02052026_CML352,311154,2026-05-02,CML352,16162769,311,20
02052026_CML352,311384,2026-05-02,CML352,16162990,311,11
02052026_CML352,311154,2026-05-02,CML352,16162990,311,11
11052026_CML352,311384,2026-05-11,CML352,16201753,311,10
11052026_CML352,311195,2026-05-11,CML352,16201753,311,10
23052026_CML352,311384,2026-05-23,CML352,16258388,311,10
23052026_CML352,311074,2026-05-23,CML352,16258388,311,10
23052026_CML352,311384,2026-05-23,CML352,16258511,311,490
23052026_CML352,311074,2026-05-23,CML352,16258511,311,490
23052026_CML352,311384,2026-05-23,CML352,16258988,311,10
23052026_CML352,311074,2026-05-23,CML352,16258988,311,10
24052026_CML352,311384,2026-05-24,CML352,16261601,311,10
24052026_CML352,311074,2026-05-24,CML352,16261601,311,10
24052026_CML352,311384,2026-05-24,CML352,16262085,311,10
24052026_CML352,311074,2026-05-24,CML352,16262085,311,10
14052026_CML351,311707,2026-05-14,CML351,16218810,331,440
14052026_CML351,1112282,2026-05-14,CML351,16218810,331,440
15052026_CML351,311707,2026-05-15,CML351,16221833,311,10
15052026_CML351,1112282,2026-05-15,CML351,16221833,311,10
19052026_CML351,311707,2026-05-19,CML351,16240886,343,20
19052026_CML351,1112282,2026-05-19,CML351,16240886,343,20
19052026_CML351,311707,2026-05-19,CML351,16240972,311,10
19052026_CML351,1112282,2026-05-19,CML351,16240972,311,10
19052026_CML351,311707,2026-05-19,CML351,16241241,341,620
19052026_CML351,1112282,2026-05-19,CML351,16241241,341,620
19052026_CML351,311707,2026-05-19,CML351,16240318,341,620
19052026_CML351,1112282,2026-05-19,CML351,16240318,341,620
21052026_CML351,311707,2026-05-21,CML351,16248856,341,620
21052026_CML351,1112282,2026-05-21,CML351,16248856,341,620
21052026_CML351,311707,2026-05-21,CML351,16248887,799,897
21052026_CML351,1112282,2026-05-21,CML351,16248887,799,897
21052026_CML351,311707,2026-05-21,CML351,16249651,311,10
21052026_CML351,1112282,2026-05-21,CML351,16249651,311,10
21052026_CML351,311707,2026-05-21,CML351,16250834,311,10
21052026_CML351,1112282,2026-05-21,CML351,16250834,311,10
02052026_CML350,311293,2026-05-02,CML350,16161825,311,300
02052026_CML350,311815,2026-05-02,CML350,16161825,311,300
02052026_CML350,311293,2026-05-02,CML350,16162698,311,300
02052026_CML350,311815,2026-05-02,CML350,16162698,311,300
11052026_CML350,311293,2026-05-11,CML350,16200603,311,300
11052026_CML350,311815,2026-05-11,CML350,16200603,311,300
11052026_CML350,311293,2026-05-11,CML350,16201706,341,300
11052026_CML350,311815,2026-05-11,CML350,16201706,341,300
14052026_CML350,311293,2026-05-14,CML350,16218969,312,301
14052026_CML350,311815,2026-05-14,CML350,16218969,312,301
14052026_CML350,311293,2026-05-14,CML350,16218115,341,300
14052026_CML350,311815,2026-05-14,CML350,16218115,341,300
16052026_CML350,311293,2026-05-16,CML350,16226747,311,300
16052026_CML350,311815,2026-05-16,CML350,16226747,311,300
16052026_CML350,311293,2026-05-16,CML350,16227161,311,10
16052026_CML350,311815,2026-05-16,CML350,16227161,311,10
16052026_CML350,311293,2026-05-16,CML350,16227531,311,300
16052026_CML350,311815,2026-05-16,CML350,16227531,311,300
31052026_CML350,311293,2026-05-31,CML350,16292486,311,300
31052026_CML350,311815,2026-05-31,CML350,16292486,311,300
31052026_CML350,311293,2026-05-31,CML350,16292639,311,300
31052026_CML350,311815,2026-05-31,CML350,16292639,311,300
31052026_CML350,311293,2026-05-31,CML350,16293175,311,300
31052026_CML350,311815,2026-05-31,CML350,16293175,311,300
31052026_CML350,311293,2026-05-31,CML350,16293266,311,300
31052026_CML350,311815,2026-05-31,CML350,16293266,311,300
11052026_CML349,311874,2026-05-11,CML349,16201236,341,620
11052026_CML349,512050,2026-05-11,CML349,16201236,341,620
30052026_CML349,311874,2026-05-30,CML349,16289296,311,620
30052026_CML349,512050,2026-05-30,CML349,16289296,311,620
30052026_CML349,311874,2026-05-30,CML349,16289398,311,620
30052026_CML349,512050,2026-05-30,CML349,16289398,311,620
30052026_CML349,311874,2026-05-30,CML349,16289623,341,620
30052026_CML349,512050,2026-05-30,CML349,16289623,341,620
30052026_CML349,311874,2026-05-30,CML349,16290491,343,180
30052026_CML349,512050,2026-05-30,CML349,16290491,343,180
30052026_CML349,311874,2026-05-30,CML349,16290590,311,620
30052026_CML349,512050,2026-05-30,CML349,16290590,311,620
25052026_CML348,311074,2026-05-25,CML348,16266953,311,490
25052026_CML348,311338,2026-05-25,CML348,16266953,311,490
01052026_CML347,311155,2026-05-01,CML347,16158239,311,490
01052026_CML347,311157,2026-05-01,CML347,16158239,311,490
01052026_CML347,311155,2026-05-01,CML347,16158759,311,490
01052026_CML347,311157,2026-05-01,CML347,16158759,311,490
01052026_CML347,311155,2026-05-01,CML347,16158839,311,300
01052026_CML347,311157,2026-05-01,CML347,16158839,311,300
01052026_CML347,311155,2026-05-01,CML347,16159205,381,343
01052026_CML347,311157,2026-05-01,CML347,16159205,381,343
10052026_CML347,311155,2026-05-10,CML347,16194934,311,180
10052026_CML347,311157,2026-05-10,CML347,16194934,311,180
10052026_CML347,311155,2026-05-10,CML347,16197017,341,440
10052026_CML347,311157,2026-05-10,CML347,16197017,341,440
17052026_CML347,311155,2026-05-17,CML347,16230635,311,440
17052026_CML347,311157,2026-05-17,CML347,16230635,311,440
17052026_CML347,311155,2026-05-17,CML347,16231391,311,490
17052026_CML347,311157,2026-05-17,CML347,16231391,311,490
23052026_CML347,311155,2026-05-23,CML347,16258209,381,10
23052026_CML347,311157,2026-05-23,CML347,16258209,381,10
23052026_CML347,311155,2026-05-23,CML347,16258635,311,490
23052026_CML347,311157,2026-05-23,CML347,16258635,311,490
31052026_CML347,311155,2026-05-31,CML347,16292588,311,490
31052026_CML347,311157,2026-05-31,CML347,16292588,311,490
01052026_CML346,311953,2026-05-01,CML346,16158216,311,300
01052026_CML346,311941,2026-05-01,CML346,16158216,311,300
01052026_CML346,311953,2026-05-01,CML346,16158440,311,490
01052026_CML346,311941,2026-05-01,CML346,16158440,311,490
01052026_CML346,311953,2026-05-01,CML346,16158698,311,300
01052026_CML346,311941,2026-05-01,CML346,16158698,311,300
01052026_CML346,311953,2026-05-01,CML346,16158907,311,300
01052026_CML346,311941,2026-05-01,CML346,16158907,311,300
01052026_CML346,311953,2026-05-01,CML346,16159123,311,300
01052026_CML346,311941,2026-05-01,CML346,16159123,311,300
02052026_CML346,311941,2026-05-02,CML346,16161796,311,300
02052026_CML346,311953,2026-05-02,CML346,16161796,311,300
02052026_CML346,311941,2026-05-02,CML346,16162045,311,300
02052026_CML346,311953,2026-05-02,CML346,16162045,311,300
02052026_CML346,311941,2026-05-02,CML346,16162245,311,300
02052026_CML346,311953,2026-05-02,CML346,16162245,311,300
02052026_CML346,311941,2026-05-02,CML346,16162646,311,300
02052026_CML346,311953,2026-05-02,CML346,16162646,311,300
10052026_CML345,311193,2026-05-10,CML345,16195438,311,300
10052026_CML345,311854,2026-05-10,CML345,16195438,311,300
10052026_CML345,311193,2026-05-10,CML345,16195969,311,300
10052026_CML345,311854,2026-05-10,CML345,16195969,311,300
10052026_CML345,311193,2026-05-10,CML345,16197067,311,300
10052026_CML345,311854,2026-05-10,CML345,16197067,311,300
11052026_CML345,311193,2026-05-11,CML345,16201777,311,300
11052026_CML345,311854,2026-05-11,CML345,16201777,311,300
16052026_CML345,311193,2026-05-16,CML345,16225780,341,300
16052026_CML345,311854,2026-05-16,CML345,16225780,341,300
16052026_CML345,311193,2026-05-16,CML345,16225767,126,880
16052026_CML345,311854,2026-05-16,CML345,16225767,126,880
16052026_CML345,311193,2026-05-16,CML345,16226956,311,300
16052026_CML345,311854,2026-05-16,CML345,16226956,311,300
16052026_CML345,311193,2026-05-16,CML345,16227469,341,300
16052026_CML345,311854,2026-05-16,CML345,16227469,341,300
30052026_CML345,311193,2026-05-30,CML345,16289330,341,300
30052026_CML345,311854,2026-05-30,CML345,16289330,341,300
30052026_CML345,311193,2026-05-30,CML345,16289579,311,300
30052026_CML345,311854,2026-05-30,CML345,16289579,311,300
30052026_CML345,311193,2026-05-30,CML345,16289841,311,300
30052026_CML345,311854,2026-05-30,CML345,16289841,311,300
30052026_CML345,311193,2026-05-30,CML345,16290154,311,440
30052026_CML345,311854,2026-05-30,CML345,16290154,311,440
02052026_CML344,311869,2026-05-02,CML344,16162066,311,490
02052026_CML344,311152,2026-05-02,CML344,16162066,311,490
02052026_CML344,311869,2026-05-02,CML344,16162238,311,490
02052026_CML344,311152,2026-05-02,CML344,16162238,311,490
03052026_CML344,311152,2026-05-03,CML344,16165364,341,490
03052026_CML344,311869,2026-05-03,CML344,16165364,341,490
09052026_CML344,311869,2026-05-09,CML344,16190870,311,490
09052026_CML344,1112255,2026-05-09,CML344,16190870,311,490
09052026_CML344,311869,2026-05-09,CML344,16191618,301,440
09052026_CML344,1112255,2026-05-09,CML344,16191618,301,440
09052026_CML344,311869,2026-05-09,CML344,16191618,301,440
09052026_CML344,1112255,2026-05-09,CML344,16191618,301,440
09052026_CML344,311869,2026-05-09,CML344,16191845,311,490
09052026_CML344,1112255,2026-05-09,CML344,16191845,311,490
10052026_CML344,1112255,2026-05-10,CML344,16195938,311,490
10052026_CML344,311869,2026-05-10,CML344,16195938,311,490
11052026_CML344,311869,2026-05-11,CML344,16201011,311,490
11052026_CML344,3132,2026-05-11,CML344,16201011,311,490
15052026_CML344,311682,2026-05-15,CML344,16221942,311,490
15052026_CML344,311869,2026-05-15,CML344,16221942,311,490
17052026_CML344,311682,2026-05-17,CML344,16229846,381,343
17052026_CML344,1112255,2026-05-17,CML344,16229846,381,343
17052026_CML344,311682,2026-05-17,CML344,16231178,311,440
17052026_CML344,1112255,2026-05-17,CML344,16231178,311,440
17052026_CML344,311682,2026-05-17,CML344,16231508,311,620
17052026_CML344,1112255,2026-05-17,CML344,16231508,311,620
17052026_CML344,311682,2026-05-17,CML344,16231750,311,490
17052026_CML344,1112255,2026-05-17,CML344,16231750,311,490
22052026_CML344,311869,2026-05-22,CML344,16255541,311,490
22052026_CML344,31507,2026-05-22,CML344,16255541,311,490
23052026_CML344,311869,2026-05-23,CML344,16257937,301,180
23052026_CML344,311682,2026-05-23,CML344,16257937,301,180
23052026_CML344,311869,2026-05-23,CML344,16258126,311,490
23052026_CML344,311682,2026-05-23,CML344,16258126,311,490
23052026_CML344,311869,2026-05-23,CML344,16258419,311,490
23052026_CML344,311682,2026-05-23,CML344,16258419,311,490
23052026_CML344,311869,2026-05-23,CML344,16258650,311,490
23052026_CML344,311682,2026-05-23,CML344,16258650,311,490
12052026_CML343,311071,2026-05-12,CML343,16205410,341,440
12052026_CML343,31695,2026-05-12,CML343,16205410,341,440
27052026_CML343,311071,2026-05-27,CML343,16275687,311,440
27052026_CML343,31695,2026-05-27,CML343,16275687,311,440
28052026_CML343,311071,2026-05-28,CML343,16281859,343,620
28052026_CML343,31695,2026-05-28,CML343,16281859,343,620
10052026_CML342,512048,2026-05-10,CML342,16194999,343,490
10052026_CML342,512208,2026-05-10,CML342,16194999,343,490
10052026_CML342,512048,2026-05-10,CML342,16196005,341,620
10052026_CML342,512208,2026-05-10,CML342,16196005,341,620
10052026_CML342,512048,2026-05-10,CML342,16196784,341,443
10052026_CML342,512208,2026-05-10,CML342,16196784,341,443
11052026_CML342,1112262,2026-05-11,CML342,16200303,311,10
11052026_CML342,311826,2026-05-11,CML342,16200303,311,10
11052026_CML342,1112262,2026-05-11,CML342,16201655,341,440
11052026_CML342,311826,2026-05-11,CML342,16201655,341,440
14052026_CML342,1112262,2026-05-14,CML342,16218283,311,620
14052026_CML342,311826,2026-05-14,CML342,16218283,311,620
30052026_CML342,1112262,2026-05-30,CML342,16289685,311,300
30052026_CML342,311826,2026-05-30,CML342,16289685,311,300
30052026_CML342,1112262,2026-05-30,CML342,16289954,341,440
30052026_CML342,311826,2026-05-30,CML342,16289954,341,440
30052026_CML342,1112262,2026-05-30,CML342,16290705,343,440
30052026_CML342,311826,2026-05-30,CML342,16290705,343,440
30052026_CML342,1112262,2026-05-30,CML342,16290586,311,300
30052026_CML342,311826,2026-05-30,CML342,16290586,311,300
09052026_CML340,311079,2026-05-09,CML340,16191039,311,620
09052026_CML340,31416,2026-05-09,CML340,16191039,311,620
09052026_CML340,311079,2026-05-09,CML340,16191923,311,620
09052026_CML340,31416,2026-05-09,CML340,16191923,311,620
10052026_CML340,31416,2026-05-10,CML340,16196734,343,620
10052026_CML340,311079,2026-05-10,CML340,16196734,343,620
11052026_CML340,311079,2026-05-11,CML340,16201034,311,620
11052026_CML340,31416,2026-05-11,CML340,16201034,311,620
12052026_CML340,311079,2026-05-12,CML340,16205195,343,620
12052026_CML340,31416,2026-05-12,CML340,16205195,343,620
14052026_CML340,311079,2026-05-14,CML340,16217989,311,620
14052026_CML340,31416,2026-05-14,CML340,16217989,311,620
20052026_CML340,311079,2026-05-20,CML340,16246023,311,620
20052026_CML340,31416,2026-05-20,CML340,16246023,311,620
22052026_CML340,311079,2026-05-22,CML340,16254626,311,620
22052026_CML340,31416,2026-05-22,CML340,16254626,311,620
25052026_CML340,31189,2026-05-25,CML340,16266384,343,620
25052026_CML340,31416,2026-05-25,CML340,16266384,343,620
25052026_CML340,31189,2026-05-25,CML340,16266985,311,620
25052026_CML340,31416,2026-05-25,CML340,16266985,311,620
26052026_CML340,31416,2026-05-26,CML340,16271247,341,300
26052026_CML340,311079,2026-05-26,CML340,16271247,341,300
31052026_CML340,31416,2026-05-31,CML340,16292371,343,440
31052026_CML340,311079,2026-05-31,CML340,16292371,343,440
01052026_CML338,512043,2026-05-01,CML338,16158244,311,620
01052026_CML338,311913,2026-05-01,CML338,16158244,311,620
01052026_CML338,512043,2026-05-01,CML338,16157688,331,440
01052026_CML338,311913,2026-05-01,CML338,16157688,331,440
01052026_CML338,512043,2026-05-01,CML338,16158820,312,10
01052026_CML338,311913,2026-05-01,CML338,16158820,312,10
01052026_CML338,512043,2026-05-01,CML338,16158826,331,440
01052026_CML338,311913,2026-05-01,CML338,16158826,331,440
01052026_CML338,512043,2026-05-01,CML338,16159345,331,440
01052026_CML338,311913,2026-05-01,CML338,16159345,331,440
02052026_CML338,311913,2026-05-02,CML338,16160869,331,440
02052026_CML338,512043,2026-05-02,CML338,16160869,331,440
02052026_CML338,311913,2026-05-02,CML338,16162219,331,440
02052026_CML338,512043,2026-05-02,CML338,16162219,331,440
02052026_CML338,311913,2026-05-02,CML338,16162530,331,440
02052026_CML338,512043,2026-05-02,CML338,16162530,331,440
02052026_CML338,311913,2026-05-02,CML338,16163049,342,300
02052026_CML338,512043,2026-05-02,CML338,16163049,342,300
03052026_CML338,512043,2026-05-03,CML338,16165097,331,440
03052026_CML338,311913,2026-05-03,CML338,16165097,331,440
03052026_CML338,512043,2026-05-03,CML338,16165117,343,440
03052026_CML338,311913,2026-05-03,CML338,16165117,343,440
24052026_CML338,311913,2026-05-24,CML338,16261480,341,620
24052026_CML338,3144,2026-05-24,CML338,16261480,341,620
24052026_CML338,311913,2026-05-24,CML338,16262480,312,325
24052026_CML338,3144,2026-05-24,CML338,16262480,312,325
17052026_CML337,512089,2026-05-17,CML337,16230779,311,490
17052026_CML337,311795,2026-05-17,CML337,16230779,311,490
17052026_CML337,512089,2026-05-17,CML337,16231518,341,300
17052026_CML337,311795,2026-05-17,CML337,16231518,341,300
17052026_CML337,512089,2026-05-17,CML337,16231656,311,440
17052026_CML337,311795,2026-05-17,CML337,16231656,311,440
17052026_CML337,512089,2026-05-17,CML337,16231941,341,620
17052026_CML337,311795,2026-05-17,CML337,16231941,341,620
20052026_CML337,512089,2026-05-20,CML337,16244062,311,620
20052026_CML337,512041,2026-05-20,CML337,16244062,311,620
20052026_CML337,512089,2026-05-20,CML337,16244534,311,620
20052026_CML337,512041,2026-05-20,CML337,16244534,311,620
20052026_CML337,512089,2026-05-20,CML337,16244721,311,325
20052026_CML337,512041,2026-05-20,CML337,16244721,311,325
20052026_CML337,512089,2026-05-20,CML337,16245748,343,620
20052026_CML337,512041,2026-05-20,CML337,16245748,343,620
01052026_CML336,512042,2026-05-01,CML336,16158309,311,490
01052026_CML336,512099,2026-05-01,CML336,16158309,311,490
01052026_CML336,512042,2026-05-01,CML336,16158891,311,490
01052026_CML336,512099,2026-05-01,CML336,16158891,311,490
09052026_CML336,512099,2026-05-09,CML336,16191403,342,300
09052026_CML336,512042,2026-05-09,CML336,16191403,342,300
09052026_CML336,512099,2026-05-09,CML336,16190693,311,490
09052026_CML336,512042,2026-05-09,CML336,16190693,311,490
09052026_CML336,512099,2026-05-09,CML336,16192486,311,490
09052026_CML336,512042,2026-05-09,CML336,16192486,311,490
15052026_CML336,512099,2026-05-15,CML336,16222390,311,490
15052026_CML336,512042,2026-05-15,CML336,16222390,311,490
22052026_CML336,512099,2026-05-22,CML336,16255405,311,10
22052026_CML336,512042,2026-05-22,CML336,16255405,311,10
24052026_CML336,512042,2026-05-24,CML336,16261399,312,348
24052026_CML336,512099,2026-05-24,CML336,16261399,312,348
24052026_CML336,512042,2026-05-24,CML336,16262205,129,880
24052026_CML336,512099,2026-05-24,CML336,16262205,129,880
09052026_CML332,311754,2026-05-09,CML332,16190595,311,490
09052026_CML332,311637,2026-05-09,CML332,16190595,311,490
09052026_CML332,311754,2026-05-09,CML332,16191495,311,300
09052026_CML332,311637,2026-05-09,CML332,16191495,311,300
09052026_CML332,311754,2026-05-09,CML332,16191833,125,880
09052026_CML332,311637,2026-05-09,CML332,16191833,125,880
09052026_CML332,311754,2026-05-09,CML332,16192395,201,180
09052026_CML332,311637,2026-05-09,CML332,16192395,201,180
10052026_CML332,311754,2026-05-10,CML332,16194171,341,300
10052026_CML332,311637,2026-05-10,CML332,16194171,341,300
10052026_CML332,311754,2026-05-10,CML332,16197060,341,300
10052026_CML332,311637,2026-05-10,CML332,16197060,341,300
12052026_CML332,311754,2026-05-12,CML332,16205072,311,300
12052026_CML332,311637,2026-05-12,CML332,16205072,311,300
12052026_CML331,311748,2026-05-12,CML331,16205151,343,440
12052026_CML331,311832,2026-05-12,CML331,16205151,343,440
14052026_CML331,311748,2026-05-14,CML331,16218763,311,300
14052026_CML331,311832,2026-05-14,CML331,16218763,311,300
26052026_CML331,311748,2026-05-26,CML331,16271860,311,440
26052026_CML331,311832,2026-05-26,CML331,16271860,311,440
28052026_CML331,311748,2026-05-28,CML331,16282063,311,440
28052026_CML331,311832,2026-05-28,CML331,16282063,311,440
01052026_CML330,311730,2026-05-01,CML330,16156719,311,300
01052026_CML330,311624,2026-05-01,CML330,16156719,311,300
01052026_CML330,311730,2026-05-01,CML330,16158217,311,300
01052026_CML330,311624,2026-05-01,CML330,16158217,311,300
01052026_CML330,311730,2026-05-01,CML330,16158790,311,300
01052026_CML330,311624,2026-05-01,CML330,16158790,311,300
01052026_CML330,311730,2026-05-01,CML330,16159244,311,300
01052026_CML330,311624,2026-05-01,CML330,16159244,311,300
12052026_CML330,311730,2026-05-12,CML330,16205059,311,300
12052026_CML330,311624,2026-05-12,CML330,16205059,311,300
24052026_CML330,311624,2026-05-24,CML330,16260006,311,300
24052026_CML330,512048,2026-05-24,CML330,16260006,311,300
24052026_CML330,311624,2026-05-24,CML330,16262012,311,300
24052026_CML330,512048,2026-05-24,CML330,16262012,311,300
01052026_CML327,311380,2026-05-01,CML327,16157445,311,620
01052026_CML327,511110,2026-05-01,CML327,16157445,311,620
01052026_CML327,311380,2026-05-01,CML327,16158531,341,620
01052026_CML327,511110,2026-05-01,CML327,16158531,341,620
01052026_CML327,311380,2026-05-01,CML327,16157666,311,620
01052026_CML327,511110,2026-05-01,CML327,16157666,311,620
01052026_CML327,311380,2026-05-01,CML327,16159543,341,620
01052026_CML327,511110,2026-05-01,CML327,16159543,341,620
03052026_CML327,311380,2026-05-03,CML327,16165120,341,620
03052026_CML327,511110,2026-05-03,CML327,16165120,341,620
09052026_CML327,311380,2026-05-09,CML327,16191072,311,620
09052026_CML327,511110,2026-05-09,CML327,16191072,311,620
09052026_CML327,311380,2026-05-09,CML327,16191811,341,620
09052026_CML327,511110,2026-05-09,CML327,16191811,341,620
09052026_CML327,311380,2026-05-09,CML327,16192863,341,620
09052026_CML327,511110,2026-05-09,CML327,16192863,341,620
10052026_CML327,311380,2026-05-10,CML327,16195385,311,620
10052026_CML327,511110,2026-05-10,CML327,16195385,311,620
10052026_CML327,311380,2026-05-10,CML327,16195884,126,880
10052026_CML327,511110,2026-05-10,CML327,16195884,126,880
12052026_CML327,511110,2026-05-12,CML327,16205120,311,620
12052026_CML327,311383,2026-05-12,CML327,16205120,311,620
14052026_CML327,311380,2026-05-14,CML327,16218049,311,620
14052026_CML327,511110,2026-05-14,CML327,16218049,311,620
15052026_CML327,311380,2026-05-15,CML327,16222253,342,300
15052026_CML327,511110,2026-05-15,CML327,16222253,342,300
21052026_CML327,311380,2026-05-21,CML327,16250384,341,620
21052026_CML327,511110,2026-05-21,CML327,16250384,341,620
17052026_CML326,31944,2026-05-17,CML326,16230560,311,440
17052026_CML326,31714,2026-05-17,CML326,16230560,311,440
17052026_CML326,31944,2026-05-17,CML326,16230959,311,440
17052026_CML326,31714,2026-05-17,CML326,16230959,311,440
17052026_CML326,31944,2026-05-17,CML326,16231523,311,440
17052026_CML326,31714,2026-05-17,CML326,16231523,311,440
09052026_CML325,311410,2026-05-09,CML325,16190893,341,440
09052026_CML325,31485,2026-05-09,CML325,16190893,341,440
09052026_CML325,311410,2026-05-09,CML325,16192688,341,440
09052026_CML325,31485,2026-05-09,CML325,16192688,341,440
10052026_CML325,311410,2026-05-10,CML325,16196251,341,440
10052026_CML325,31485,2026-05-10,CML325,16196251,341,440
12052026_CML325,1112323,2026-05-12,CML325,16205188,341,440
12052026_CML325,1112325,2026-05-12,CML325,16205188,341,440
20052026_CML325,311410,2026-05-20,CML325,16243537,311,300
20052026_CML325,31485,2026-05-20,CML325,16243537,311,300
20052026_CML325,311410,2026-05-20,CML325,16242294,311,300
20052026_CML325,31485,2026-05-20,CML325,16242294,311,300
20052026_CML325,311410,2026-05-20,CML325,16244608,341,440
20052026_CML325,31485,2026-05-20,CML325,16244608,341,440
20052026_CML325,311410,2026-05-20,CML325,16245368,343,440
20052026_CML325,31485,2026-05-20,CML325,16245368,343,440
20052026_CML325,311410,2026-05-20,CML325,16246160,341,440
20052026_CML325,31485,2026-05-20,CML325,16246160,341,440
21052026_CML325,311410,2026-05-21,CML325,16248831,341,440
21052026_CML325,31485,2026-05-21,CML325,16248831,341,440
21052026_CML325,311410,2026-05-21,CML325,16249350,341,440
21052026_CML325,31485,2026-05-21,CML325,16249350,341,440
21052026_CML325,311410,2026-05-21,CML325,16250359,311,300
21052026_CML325,31485,2026-05-21,CML325,16250359,311,300
31052026_CML325,311410,2026-05-31,CML325,16292532,341,440
31052026_CML325,31485,2026-05-31,CML325,16292532,341,440
31052026_CML325,311410,2026-05-31,CML325,16292843,311,300
31052026_CML325,31485,2026-05-31,CML325,16292843,311,300
12052026_CML324,311093,2026-05-12,CML324,16205071,121,343
12052026_CML324,31950,2026-05-12,CML324,16205071,121,343
12052026_CML323,311952,2026-05-12,CML323,16205002,311,490
12052026_CML323,311964,2026-05-12,CML323,16205002,311,490
14052026_CML323,31485,2026-05-14,CML323,16218771,341,440
14052026_CML323,311964,2026-05-14,CML323,16218771,341,440
15052026_CML323,31888,2026-05-15,CML323,16222160,311,490
15052026_CML323,311964,2026-05-15,CML323,16222160,311,490
23052026_CML323,31888,2026-05-23,CML323,16257778,311,440
23052026_CML323,311964,2026-05-23,CML323,16257778,311,440
09052026_CML322,3144,2026-05-09,CML322,16190613,341,440
09052026_CML322,511142,2026-05-09,CML322,16190613,341,440
09052026_CML322,3144,2026-05-09,CML322,16191996,341,620
09052026_CML322,511142,2026-05-09,CML322,16191996,341,620
09052026_CML322,3144,2026-05-09,CML322,16192113,341,620
09052026_CML322,511142,2026-05-09,CML322,16192113,341,620
09052026_CML322,3144,2026-05-09,CML322,16192634,341,620
09052026_CML322,511142,2026-05-09,CML322,16192634,341,620
10052026_CML322,511142,2026-05-10,CML322,16195355,341,620
10052026_CML322,3144,2026-05-10,CML322,16195355,341,620
24052026_CML322,511142,2026-05-24,CML322,16261512,341,440
24052026_CML322,1112332,2026-05-24,CML322,16261512,341,440
24052026_CML322,511142,2026-05-24,CML322,16261904,341,440
24052026_CML322,1112332,2026-05-24,CML322,16261904,341,440
26052026_CML322,1112332,2026-05-26,CML322,16271807,311,440
26052026_CML322,511142,2026-05-26,CML322,16271807,311,440
01052026_CML321,311457,2026-05-01,CML321,16156924,301,10
01052026_CML321,1112263,2026-05-01,CML321,16156924,301,10
01052026_CML321,311457,2026-05-01,CML321,16157582,311,10
01052026_CML321,1112263,2026-05-01,CML321,16157582,311,10
01052026_CML321,311457,2026-05-01,CML321,16159679,311,490
01052026_CML321,1112263,2026-05-01,CML321,16159679,311,490
02052026_CML321,311457,2026-05-02,CML321,16162050,311,300
02052026_CML321,1112263,2026-05-02,CML321,16162050,311,300
02052026_CML321,311457,2026-05-02,CML321,16162808,311,490
02052026_CML321,1112263,2026-05-02,CML321,16162808,311,490
12052026_CML321,311457,2026-05-12,CML321,16205000,311,10
12052026_CML321,1112263,2026-05-12,CML321,16205000,311,10
14052026_CML321,311457,2026-05-14,CML321,16218487,311,490
14052026_CML321,1112263,2026-05-14,CML321,16218487,311,490
22052026_CML321,311457,2026-05-22,CML321,16255449,311,10
22052026_CML321,1112263,2026-05-22,CML321,16255449,311,10
14052026_CML318,311383,2026-05-14,CML318,16219042,331,440
14052026_CML318,512208,2026-05-14,CML318,16219042,331,440
17052026_CML318,311383,2026-05-17,CML318,16229950,106,944
17052026_CML318,512208,2026-05-17,CML318,16229950,106,944
17052026_CML318,311383,2026-05-17,CML318,16230792,311,620
17052026_CML318,512208,2026-05-17,CML318,16230792,311,620
17052026_CML318,311383,2026-05-17,CML318,16231088,311,620
17052026_CML318,512208,2026-05-17,CML318,16231088,311,620
19052026_CML318,311383,2026-05-19,CML318,16240375,311,620
19052026_CML318,512208,2026-05-19,CML318,16240375,311,620
19052026_CML318,311383,2026-05-19,CML318,16241104,341,620
19052026_CML318,512208,2026-05-19,CML318,16241104,341,620
22052026_CML318,311952,2026-05-22,CML318,16258235,341,490
22052026_CML318,512208,2026-05-22,CML318,16258235,341,490
24052026_CML318,311383,2026-05-24,CML318,16261438,311,620
24052026_CML318,512208,2026-05-24,CML318,16261438,311,620
24052026_CML318,311383,2026-05-24,CML318,16261620,311,440
24052026_CML318,512208,2026-05-24,CML318,16261620,311,440
24052026_CML318,311383,2026-05-24,CML318,16261893,104,890
24052026_CML318,512208,2026-05-24,CML318,16261893,104,890
31052026_CML318,311383,2026-05-31,CML318,16292153,311,620
31052026_CML318,512208,2026-05-31,CML318,16292153,311,620
03052026_CML317,311846,2026-05-03,CML317,16165320,311,490
03052026_CML317,311078,2026-05-03,CML317,16165320,311,490
31052026_CML317,311846,2026-05-31,CML317,16292462,311,490
31052026_CML317,311078,2026-05-31,CML317,16292462,311,490
27052026_CML316,,2026-05-27,CML316,16274886,311,620
15052026_CML315,511148,2026-05-15,CML315,16220932,312,300
19052026_CML315,511148,2026-05-19,CML315,16240809,311,10
19052026_CML315,311354,2026-05-19,CML315,16240809,311,10
20052026_CML315,511148,2026-05-20,CML315,16245306,341,300
20052026_CML315,311354,2026-05-20,CML315,16245306,341,300
31052026_CML315,311354,2026-05-31,CML315,16292558,311,10
31052026_CML315,511148,2026-05-31,CML315,16292558,311,10
31052026_CML315,311354,2026-05-31,CML315,16293036,311,20
31052026_CML315,511148,2026-05-31,CML315,16293036,311,20
09052026_CML314,311383,2026-05-09,CML314,16190829,381,180
09052026_CML314,512048,2026-05-09,CML314,16190829,381,180
09052026_CML314,311383,2026-05-09,CML314,16192054,311,620
09052026_CML314,512048,2026-05-09,CML314,16192054,311,620
09052026_CML314,311383,2026-05-09,CML314,16192869,311,620
09052026_CML314,512048,2026-05-09,CML314,16192869,311,620
15052026_CML314,311839,2026-05-15,CML314,16224168,312,10
15052026_CML314,512048,2026-05-15,CML314,16224168,312,10
19052026_CML314,,2026-05-19,CML314,16240640,311,20
09052026_CML313,311909,2026-05-09,CML313,16190708,311,20
09052026_CML313,311810,2026-05-09,CML313,16190708,311,20
09052026_CML313,311909,2026-05-09,CML313,16192180,311,20
09052026_CML313,311810,2026-05-09,CML313,16192180,311,20
10052026_CML313,311810,2026-05-10,CML313,16195330,311,490
10052026_CML313,311909,2026-05-10,CML313,16195330,311,490
10052026_CML313,311810,2026-05-10,CML313,16196818,312,10
10052026_CML313,311909,2026-05-10,CML313,16196818,312,10
19052026_CML313,311909,2026-05-19,CML313,16240401,311,20
19052026_CML313,311810,2026-05-19,CML313,16240401,311,20
21052026_CML313,311909,2026-05-21,CML313,16248656,311,490
21052026_CML313,311810,2026-05-21,CML313,16248656,311,490
21052026_CML313,311909,2026-05-21,CML313,16248999,311,490
21052026_CML313,311810,2026-05-21,CML313,16248999,311,490
21052026_CML313,311909,2026-05-21,CML313,16249370,311,490
21052026_CML313,311810,2026-05-21,CML313,16249370,311,490
21052026_CML313,311909,2026-05-21,CML313,16285331,341,490
21052026_CML313,311810,2026-05-21,CML313,16285331,341,490
26052026_CML313,311909,2026-05-26,CML313,16271615,311,20
26052026_CML313,311810,2026-05-26,CML313,16271615,311,20
02052026_CML312,1112341,2026-05-02,CML312,16162056,341,620
02052026_CML312,311911,2026-05-02,CML312,16162056,341,620
02052026_CML312,1112341,2026-05-02,CML312,16162345,343,620
02052026_CML312,311911,2026-05-02,CML312,16162345,343,620
02052026_CML312,1112341,2026-05-02,CML312,16162800,343,620
02052026_CML312,311911,2026-05-02,CML312,16162800,343,620
09052026_CML312,,2026-05-09,CML312,16190936,311,300
09052026_CML312,,2026-05-09,CML312,16191813,311,300
09052026_CML312,,2026-05-09,CML312,16192255,311,490
10052026_CML312,311730,2026-05-10,CML312,16195281,311,300
10052026_CML312,311624,2026-05-10,CML312,16195281,311,300
10052026_CML312,311730,2026-05-10,CML312,16196811,301,300
10052026_CML312,311624,2026-05-10,CML312,16196811,301,300
11052026_CML312,1112341,2026-05-11,CML312,16201004,311,620
11052026_CML312,311911,2026-05-11,CML312,16201004,311,620
03052026_CML311,1112323,2026-05-03,CML311,16165356,311,490
03052026_CML311,1112325,2026-05-03,CML311,16165356,311,490
14052026_CML311,1112323,2026-05-14,CML311,16218076,311,440
14052026_CML311,1112325,2026-05-14,CML311,16218076,311,440
15052026_CML311,1112323,2026-05-15,CML311,16222130,311,440
15052026_CML311,1112325,2026-05-15,CML311,16222130,311,440
19052026_CML311,1112323,2026-05-19,CML311,16240395,331,300
19052026_CML311,1112325,2026-05-19,CML311,16240395,331,300
21052026_CML311,1112323,2026-05-21,CML311,16248808,311,440
21052026_CML311,1112325,2026-05-21,CML311,16248808,311,440
21052026_CML311,1112323,2026-05-21,CML311,16248962,311,490
21052026_CML311,1112325,2026-05-21,CML311,16248962,311,490
21052026_CML311,1112323,2026-05-21,CML311,16249556,311,490
21052026_CML311,1112325,2026-05-21,CML311,16249556,311,490
21052026_CML311,1112323,2026-05-21,CML311,16249826,341,300
21052026_CML311,1112325,2026-05-21,CML311,16249826,341,300
27052026_CML311,1112323,2026-05-27,CML311,16274703,331,440
27052026_CML311,1112325,2026-05-27,CML311,16274703,331,440
31052026_CML311,1112323,2026-05-31,CML311,16292519,311,180
31052026_CML311,1112325,2026-05-31,CML311,16292519,311,180
12052026_CML310,311859,2026-05-12,CML310,16205208,311,440
12052026_CML310,311935,2026-05-12,CML310,16205208,311,440
15052026_CML310,311859,2026-05-15,CML310,16221722,311,440
15052026_CML310,311935,2026-05-15,CML310,16221722,311,440
19052026_CML310,311859,2026-05-19,CML310,16240851,311,440
19052026_CML310,311935,2026-05-19,CML310,16240851,311,440
19052026_CML310,311859,2026-05-19,CML310,16240950,343,440
19052026_CML310,311935,2026-05-19,CML310,16240950,343,440
19052026_CML310,311859,2026-05-19,CML310,16241079,311,440
19052026_CML310,311935,2026-05-19,CML310,16241079,311,440
19052026_CML310,311859,2026-05-19,CML310,16241171,311,440
19052026_CML310,311935,2026-05-19,CML310,16241171,311,440
20052026_CML310,311859,2026-05-20,CML310,16246075,343,440
20052026_CML310,311935,2026-05-20,CML310,16246075,343,440
21052026_CML310,311859,2026-05-21,CML310,16248563,343,440
21052026_CML310,311935,2026-05-21,CML310,16248563,343,440
21052026_CML310,311859,2026-05-21,CML310,16248878,343,440
21052026_CML310,311935,2026-05-21,CML310,16248878,343,440
21052026_CML310,311859,2026-05-21,CML310,16249236,311,440
21052026_CML310,311935,2026-05-21,CML310,16249236,311,440
21052026_CML310,311859,2026-05-21,CML310,16249476,104,300
21052026_CML310,311935,2026-05-21,CML310,16249476,104,300
21052026_CML310,311859,2026-05-21,CML310,16250488,343,440
21052026_CML310,311935,2026-05-21,CML310,16250488,343,440
24052026_CML310,311935,2026-05-24,CML310,16261546,311,440
24052026_CML310,311859,2026-05-24,CML310,16261546,311,440
24052026_CML310,311935,2026-05-24,CML310,16262011,311,440
24052026_CML310,311859,2026-05-24,CML310,16262011,311,440
31052026_CML310,311935,2026-05-31,CML310,16292573,311,10
31052026_CML310,311859,2026-05-31,CML310,16292573,311,10
01052026_CML309,311864,2026-05-01,CML309,16156526,311,300
01052026_CML309,311848,2026-05-01,CML309,16156526,311,300
01052026_CML309,311864,2026-05-01,CML309,16157551,311,300
01052026_CML309,311848,2026-05-01,CML309,16157551,311,300
01052026_CML309,311864,2026-05-01,CML309,16157747,128,300
01052026_CML309,311848,2026-05-01,CML309,16157747,128,300
01052026_CML309,311864,2026-05-01,CML309,16158861,311,300
01052026_CML309,311848,2026-05-01,CML309,16158861,311,300
02052026_CML309,311864,2026-05-02,CML309,16162182,311,300
02052026_CML309,311848,2026-05-02,CML309,16162182,311,300
02052026_CML309,311864,2026-05-02,CML309,16162768,311,300
02052026_CML309,311848,2026-05-02,CML309,16162768,311,300
03052026_CML309,311864,2026-05-03,CML309,16165076,311,300
03052026_CML309,311848,2026-05-03,CML309,16165076,311,300
12052026_CML309,311864,2026-05-12,CML309,16204936,311,10
12052026_CML309,311848,2026-05-12,CML309,16204936,311,10
17052026_CML309,311457,2026-05-17,CML309,16230511,311,300
17052026_CML309,311848,2026-05-17,CML309,16230511,311,300
17052026_CML309,311457,2026-05-17,CML309,16231113,311,300
17052026_CML309,311848,2026-05-17,CML309,16231113,311,300
17052026_CML309,311457,2026-05-17,CML309,16231550,311,300
17052026_CML309,311848,2026-05-17,CML309,16231550,311,300
24052026_CML309,311864,2026-05-24,CML309,16261268,311,300
24052026_CML309,311848,2026-05-24,CML309,16261268,311,300
24052026_CML309,311864,2026-05-24,CML309,16261604,311,300
24052026_CML309,311848,2026-05-24,CML309,16261604,311,300
24052026_CML309,311864,2026-05-24,CML309,16262344,311,300
24052026_CML309,311848,2026-05-24,CML309,16262344,311,300
26052026_CML309,311864,2026-05-26,CML309,16271517,311,300
26052026_CML309,311848,2026-05-26,CML309,16271517,311,300
27052026_CML309,311864,2026-05-27,CML309,16272796,311,300
27052026_CML309,311848,2026-05-27,CML309,16272796,311,300
12052026_CML308,311086,2026-05-12,CML308,16205139,312,348
12052026_CML308,311937,2026-05-12,CML308,16205139,312,348
15052026_CML308,311086,2026-05-15,CML308,16222259,312,10
15052026_CML308,311937,2026-05-15,CML308,16222259,312,10
17052026_CML308,311086,2026-05-17,CML308,16230602,342,343
17052026_CML308,311937,2026-05-17,CML308,16230602,342,343
17052026_CML308,311086,2026-05-17,CML308,16231579,312,300
17052026_CML308,311937,2026-05-17,CML308,16231579,312,300
20052026_CML308,311086,2026-05-20,CML308,16244383,342,343
20052026_CML308,311937,2026-05-20,CML308,16244383,342,343
20052026_CML308,311086,2026-05-20,CML308,16243948,311,490
20052026_CML308,311937,2026-05-20,CML308,16243948,311,490
20052026_CML308,311086,2026-05-20,CML308,16245044,312,10
20052026_CML308,311937,2026-05-20,CML308,16245044,312,10
20052026_CML308,311086,2026-05-20,CML308,16243414,341,490
20052026_CML308,311937,2026-05-20,CML308,16243414,341,490
21052026_CML308,311086,2026-05-21,CML308,16250640,311,10
21052026_CML308,311937,2026-05-21,CML308,16250640,311,10
26052026_CML308,311086,2026-05-26,CML308,16271982,311,440
26052026_CML308,311937,2026-05-26,CML308,16271982,311,440
27052026_CML308,311086,2026-05-27,CML308,16274523,312,343
27052026_CML308,311937,2026-05-27,CML308,16274523,312,343
03052026_CML307,311354,2026-05-03,CML307,16165321,311,311
03052026_CML307,31121,2026-05-03,CML307,16165321,311,311
17052026_CML307,311354,2026-05-17,CML307,16230525,311,10
17052026_CML307,512048,2026-05-17,CML307,16230525,311,10
17052026_CML307,311354,2026-05-17,CML307,16230638,311,10
17052026_CML307,512048,2026-05-17,CML307,16230638,311,10
17052026_CML307,311354,2026-05-17,CML307,16230822,341,440
17052026_CML307,512048,2026-05-17,CML307,16230822,341,440
17052026_CML307,311354,2026-05-17,CML307,16231141,311,10
17052026_CML307,512048,2026-05-17,CML307,16231141,311,10
20052026_CML306,31135,2026-05-20,CML306,16243962,311,10
20052026_CML306,31386,2026-05-20,CML306,16243962,311,10
20052026_CML306,31135,2026-05-20,CML306,16244205,341,311
20052026_CML306,31386,2026-05-20,CML306,16244205,341,311
20052026_CML306,31135,2026-05-20,CML306,16244661,311,10
20052026_CML306,31386,2026-05-20,CML306,16244661,311,10
20052026_CML306,31135,2026-05-20,CML306,16245709,341,440
20052026_CML306,31386,2026-05-20,CML306,16245709,341,440
20052026_CML306,31135,2026-05-20,CML306,16246055,341,490
20052026_CML306,31386,2026-05-20,CML306,16246055,341,490
09052026_CML305,311793,2026-05-09,CML305,16190986,311,620
09052026_CML305,311793,2026-05-09,CML305,16191877,311,620
09052026_CML305,311793,2026-05-09,CML305,16192071,381,300
10052026_CML305,311465,2026-05-10,CML305,16195812,311,620
10052026_CML305,311793,2026-05-10,CML305,16195812,311,620
10052026_CML305,311465,2026-05-10,CML305,16197051,341,440
10052026_CML305,311793,2026-05-10,CML305,16197051,341,440
12052026_CML305,311793,2026-05-12,CML305,16205103,311,620
12052026_CML305,311850,2026-05-12,CML305,16205103,311,620
14052026_CML305,311793,2026-05-14,CML305,16219156,311,620
14052026_CML305,311850,2026-05-14,CML305,16219156,311,620
15052026_CML305,311793,2026-05-15,CML305,16221906,311,620
15052026_CML305,311850,2026-05-15,CML305,16221906,311,620
19052026_CML305,311793,2026-05-19,CML305,16240748,311,620
19052026_CML305,311850,2026-05-19,CML305,16240748,311,620
19052026_CML305,311793,2026-05-19,CML305,16241150,312,343
19052026_CML305,311850,2026-05-19,CML305,16241150,312,343
22052026_CML305,311793,2026-05-22,CML305,16255168,341,440
22052026_CML305,311850,2026-05-22,CML305,16255168,341,440
12052026_CML304,1112283,2026-05-12,CML304,16204919,311,490
12052026_CML304,31888,2026-05-12,CML304,16204919,311,490
15052026_CML304,1112283,2026-05-15,CML304,16221779,311,10
15052026_CML304,311467,2026-05-15,CML304,16221779,311,10
17052026_CML304,1112283,2026-05-17,CML304,16230514,343,300
17052026_CML304,311467,2026-05-17,CML304,16230514,343,300
17052026_CML304,1112283,2026-05-17,CML304,16231437,311,490
17052026_CML304,311467,2026-05-17,CML304,16231437,311,490
19052026_CML304,1112283,2026-05-19,CML304,16240982,311,490
19052026_CML304,311467,2026-05-19,CML304,16240982,311,490
20052026_CML304,1112283,2026-05-20,CML304,16246049,311,490
20052026_CML304,311467,2026-05-20,CML304,16246049,311,490
26052026_CML304,1112283,2026-05-26,CML304,16272210,341,440
26052026_CML304,311467,2026-05-26,CML304,16272210,341,440
28052026_CML304,1112283,2026-05-28,CML304,16281933,343,490
28052026_CML304,311467,2026-05-28,CML304,16281933,343,490
12052026_CML303,1112256,2026-05-12,CML303,16204245,129,880
12052026_CML303,311452,2026-05-12,CML303,16204245,129,880
09052026_CML302,311356,2026-05-09,CML302,16190751,311,620
09052026_CML302,311417,2026-05-09,CML302,16190751,311,620
09052026_CML302,311356,2026-05-09,CML302,16191592,311,620
09052026_CML302,311417,2026-05-09,CML302,16191592,311,620
09052026_CML302,311356,2026-05-09,CML302,16191902,311,620
09052026_CML302,311417,2026-05-09,CML302,16191902,311,620
10052026_CML302,311417,2026-05-10,CML302,16195737,311,620
10052026_CML302,311356,2026-05-10,CML302,16195737,311,620
10052026_CML302,311417,2026-05-10,CML302,16197027,311,620
10052026_CML302,311356,2026-05-10,CML302,16197027,311,620
15052026_CML302,311356,2026-05-15,CML302,16222528,311,620
15052026_CML302,311417,2026-05-15,CML302,16222528,311,620
19052026_CML302,311356,2026-05-19,CML302,16239678,311,620
19052026_CML302,311417,2026-05-19,CML302,16239678,311,620
12052026_CML301,311077,2026-05-12,CML301,16205274,311,490
12052026_CML301,311857,2026-05-12,CML301,16205274,311,490
27052026_CML301,311077,2026-05-27,CML301,16274395,311,490
27052026_CML301,311857,2026-05-27,CML301,16274395,311,490
03052026_CML300,311818,2026-05-03,CML300,16165404,311,490
03052026_CML300,311363,2026-05-03,CML300,16165404,311,490
10052026_CML300,311363,2026-05-10,CML300,16196041,311,490
10052026_CML300,311818,2026-05-10,CML300,16196041,311,490
14052026_CML300,311818,2026-05-14,CML300,16218768,341,490
14052026_CML300,311363,2026-05-14,CML300,16218768,341,490
15052026_CML300,311818,2026-05-15,CML300,16222270,311,490
15052026_CML300,311363,2026-05-15,CML300,16222270,311,490
19052026_CML300,311818,2026-05-19,CML300,16240998,311,490
19052026_CML300,311363,2026-05-19,CML300,16240998,311,490
19052026_CML300,311818,2026-05-19,CML300,16241359,311,490
19052026_CML300,311363,2026-05-19,CML300,16241359,311,490
20052026_CML300,311818,2026-05-20,CML300,16243657,311,490
20052026_CML300,311363,2026-05-20,CML300,16243657,311,490
20052026_CML300,311818,2026-05-20,CML300,16244311,311,490
20052026_CML300,311363,2026-05-20,CML300,16244311,311,490
20052026_CML300,311818,2026-05-20,CML300,16244731,301,490
20052026_CML300,311363,2026-05-20,CML300,16244731,301,490
20052026_CML300,311818,2026-05-20,CML300,16245062,311,490
20052026_CML300,311363,2026-05-20,CML300,16245062,311,490
20052026_CML300,311818,2026-05-20,CML300,16245584,311,490
20052026_CML300,311363,2026-05-20,CML300,16245584,311,490
20052026_CML300,311818,2026-05-20,CML300,16245787,311,490
20052026_CML300,311363,2026-05-20,CML300,16245787,311,490
21052026_CML300,311818,2026-05-21,CML300,16250744,311,490
21052026_CML300,311952,2026-05-21,CML300,16250744,311,490
23052026_CML300,311818,2026-05-23,CML300,16258124,311,490
23052026_CML300,31950,2026-05-23,CML300,16258124,311,490
23052026_CML300,311818,2026-05-23,CML300,16259397,341,490
23052026_CML300,31950,2026-05-23,CML300,16259397,341,490
24052026_CML300,311818,2026-05-24,CML300,16261418,311,490
24052026_CML300,31950,2026-05-24,CML300,16261418,311,490
24052026_CML300,311818,2026-05-24,CML300,16261262,311,490
24052026_CML300,31950,2026-05-24,CML300,16261262,311,490
27052026_CML300,311818,2026-05-27,CML300,16274530,343,620
27052026_CML300,311363,2026-05-27,CML300,16274530,343,620
27052026_CML300,311818,2026-05-27,CML300,16275103,311,620
27052026_CML300,311363,2026-05-27,CML300,16275103,311,620
31052026_CML300,311832,2026-05-31,CML300,16292851,311,490
31052026_CML300,311818,2026-05-31,CML300,16292851,311,490
